id,farm_id,device_id,livestock_id,event_start_at,event_end_at,temp_drop,min_temp,source,label,confidence,algorithm_version,note,created_at,updated_at
6647,1,56,24,2026-09-05T06:00+08:00,2026-09-05T06:15+08:00,2.87,35.49,DATAGEN,CONFIRMED,0.959,v1,,2026-10-05T23:25:49.482249+08:00,2026-10-05T23:28:06.628176+08:00
7067,1,58,32,2026-09-05T06:00+08:00,2026-09-05T06:25+08:00,3.30,35.20,DATAGEN,CONFIRMED,1.000,v1,,2026-10-05T23:25:49.676139+08:00,2026-10-05T23:28:06.656836+08:00
6384,1,54,16,2026-09-05T06:15+08:00,2026-09-05T06:35+08:00,3.45,35.29,ALGORITHM_CANDIDATE,CONFIRMED,0.774,v1,,2026-10-05T23:25:49.302179+08:00,2026-10-05T23:28:06.662525+08:00
6858,1,57,28,2026-09-05T06:20+08:00,2026-09-05T06:35+08:00,2.95,35.59,DATAGEN,CONFIRMED,0.935,v1,,2026-10-05T23:25:49.577916+08:00,2026-10-05T23:28:06.667865+08:00
6231,1,54,16,2026-09-05T06:25+08:00,2026-09-05T06:35+08:00,1.65,35.29,DATAGEN,CONFIRMED,0.892,v1,,2026-10-05T23:25:49.275037+08:00,2026-10-05T23:28:06.673304+08:00
6232,1,54,16,2026-09-05T07:20+08:00,2026-09-05T07:40+08:00,1.49,35.36,DATAGEN,CONFIRMED,1.000,v1,,2026-10-05T23:25:49.275564+08:00,2026-10-05T23:28:06.678768+08:00
5752,1,51,4,2026-09-05T07:25+08:00,2026-09-05T07:45+08:00,2.92,35.79,ALGORITHM_CANDIDATE,CONFIRMED,0.754,v1,,2026-10-05T23:25:48.904893+08:00,2026-10-05T23:28:06.684311+08:00
5574,1,51,4,2026-09-05T07:30+08:00,2026-09-05T07:45+08:00,2.17,35.79,DATAGEN,CONFIRMED,0.946,v1,,2026-10-05T23:25:48.838707+08:00,2026-10-05T23:28:06.689335+08:00
5800,1,52,8,2026-09-05T07:35+08:00,2026-09-05T07:55+08:00,3.23,35.16,DATAGEN,CONFIRMED,1.000,v1,,2026-10-05T23:25:48.996855+08:00,2026-10-05T23:28:06.694302+08:00
7068,1,58,32,2026-09-05T08:00+08:00,2026-09-05T08:15+08:00,1.88,35.57,DATAGEN,CONFIRMED,0.988,v1,,2026-10-05T23:25:49.676482+08:00,2026-10-05T23:28:06.69974+08:00
6003,1,53,12,2026-09-05T08:05+08:00,2026-09-05T08:30+08:00,3.07,35.26,DATAGEN,CONFIRMED,0.999,v1,,2026-10-05T23:25:49.121804+08:00,2026-10-05T23:28:06.704545+08:00
5575,1,51,4,2026-09-05T08:20+08:00,2026-09-05T08:30+08:00,2.03,35.16,DATAGEN,CONFIRMED,1.000,v1,,2026-10-05T23:25:48.853293+08:00,2026-10-05T23:28:06.709292+08:00
7634,1,60,40,2026-09-05T08:20+08:00,2026-09-05T08:45+08:00,2.91,35.61,ALGORITHM_CANDIDATE,CONFIRMED,0.762,v1,,2026-10-05T23:25:49.906966+08:00,2026-10-05T23:28:06.713954+08:00
6181,1,53,12,2026-09-05T08:25+08:00,2026-09-05T08:30+08:00,0.18,35.26,ALGORITHM_CANDIDATE,REJECTED,0.766,v1,,2026-10-05T23:25:49.160617+08:00,2026-10-05T23:28:06.718617+08:00
6233,1,54,16,2026-09-05T08:25+08:00,2026-09-05T08:35+08:00,0.89,35.95,DATAGEN,CONFIRMED,0.922,v1,,2026-10-05T23:25:49.275743+08:00,2026-10-05T23:28:06.723192+08:00
6385,1,54,16,2026-09-05T08:30+08:00,2026-09-05T08:35+08:00,0.28,35.95,ALGORITHM_CANDIDATE,REJECTED,0.744,v1,,2026-10-05T23:25:49.302319+08:00,2026-10-05T23:28:06.727356+08:00
7501,1,60,40,2026-09-05T08:30+08:00,2026-09-05T08:45+08:00,1.59,35.61,DATAGEN,CONFIRMED,0.933,v1,,2026-10-05T23:25:49.885979+08:00,2026-10-05T23:28:06.731754+08:00
7293,1,59,36,2026-09-05T08:45+08:00,2026-09-05T09:10+08:00,2.99,35.50,DATAGEN,CONFIRMED,0.993,v1,,2026-10-05T23:25:49.776538+08:00,2026-10-05T23:28:06.735953+08:00
6234,1,54,16,2026-09-05T09:15+08:00,2026-09-05T09:30+08:00,1.49,35.55,DATAGEN,CONFIRMED,0.989,v1,,2026-10-05T23:25:49.275892+08:00,2026-10-05T23:28:06.740493+08:00
7502,1,60,40,2026-09-05T09:30+08:00,2026-09-05T09:45+08:00,1.63,35.37,DATAGEN,CONFIRMED,1.000,v1,,2026-10-05T23:25:49.886293+08:00,2026-10-05T23:28:06.745462+08:00
5576,1,51,4,2026-09-05T09:40+08:00,2026-09-05T09:50+08:00,2.23,35.29,DATAGEN,CONFIRMED,1.000,v1,,2026-10-05T23:25:48.853961+08:00,2026-10-05T23:28:06.749609+08:00
6004,1,53,12,2026-09-05T09:45+08:00,2026-09-05T10:00+08:00,2.47,35.09,DATAGEN,CONFIRMED,1.000,v1,,2026-10-05T23:25:49.122183+08:00,2026-10-05T23:28:06.75379+08:00
6859,1,57,28,2026-09-05T09:45+08:00,2026-09-05T10:10+08:00,2.50,35.72,DATAGEN,CONFIRMED,0.960,v1,,2026-10-05T23:25:49.578186+08:00,2026-10-05T23:28:06.757916+08:00
5801,1,52,8,2026-09-05T10:05+08:00,2026-09-05T10:30+08:00,3.01,35.30,DATAGEN,CONFIRMED,1.000,v1,,2026-10-05T23:25:48.997294+08:00,2026-10-05T23:28:06.764484+08:00
6812,1,56,24,2026-09-05T10:15+08:00,2026-09-05T10:40+08:00,3.03,35.38,ALGORITHM_CANDIDATE,CONFIRMED,0.805,v1,,2026-10-05T23:25:49.506912+08:00,2026-10-05T23:28:06.769241+08:00
6648,1,56,24,2026-09-05T10:20+08:00,2026-09-05T10:40+08:00,2.53,35.38,DATAGEN,CONFIRMED,0.977,v1,,2026-10-05T23:25:49.482613+08:00,2026-10-05T23:28:06.773373+08:00
7851,1,55,20,2026-09-05T10:30+08:00,2026-09-05T10:55+08:00,3.37,35.39,ALGORITHM_CANDIDATE,CONFIRMED,0.813,v1,,2026-10-05T23:31:33.769393+08:00,2026-10-05T23:31:33.769393+08:00
7675,1,55,20,2026-09-05T10:35+08:00,2026-09-05T10:55+08:00,2.81,35.39,DATAGEN,CONFIRMED,1.000,v1,,2026-10-05T23:31:33.741617+08:00,2026-10-05T23:31:33.741617+08:00
7503,1,60,40,2026-09-05T10:40+08:00,2026-09-05T10:55+08:00,1.68,35.51,DATAGEN,CONFIRMED,0.983,v1,,2026-10-05T23:25:49.886477+08:00,2026-10-05T23:28:06.78579+08:00
6860,1,57,28,2026-09-05T10:45+08:00,2026-09-05T10:55+08:00,0.78,35.93,DATAGEN,CONFIRMED,0.925,v1,,2026-10-05T23:25:49.578367+08:00,2026-10-05T23:28:06.790073+08:00
6005,1,53,12,2026-09-05T11:25+08:00,2026-09-05T11:50+08:00,2.60,35.14,DATAGEN,CONFIRMED,0.955,v1,,2026-10-05T23:25:49.122401+08:00,2026-10-05T23:28:06.794102+08:00
6182,1,53,12,2026-09-05T11:35+08:00,2026-09-05T11:50+08:00,0.84,35.14,ALGORITHM_CANDIDATE,CONFIRMED,0.822,v1,,2026-10-05T23:25:49.160744+08:00,2026-10-05T23:28:06.797942+08:00
6649,1,56,24,2026-09-05T11:35+08:00,2026-09-05T11:45+08:00,1.10,35.68,DATAGEN,CONFIRMED,0.927,v1,,2026-10-05T23:25:49.482798+08:00,2026-10-05T23:28:06.801751+08:00
7504,1,60,40,2026-09-05T11:35+08:00,2026-09-05T11:50+08:00,1.48,35.80,DATAGEN,CONFIRMED,0.935,v1,,2026-10-05T23:25:49.886653+08:00,2026-10-05T23:28:06.805776+08:00
6235,1,54,16,2026-09-05T11:40+08:00,2026-09-05T11:55+08:00,3.14,35.15,DATAGEN,CONFIRMED,1.000,v1,,2026-10-05T23:25:49.276048+08:00,2026-10-05T23:28:06.809717+08:00
7676,1,55,20,2026-09-05T11:45+08:00,2026-09-05T11:55+08:00,1.88,35.08,DATAGEN,CONFIRMED,1.000,v1,,2026-10-05T23:31:33.743257+08:00,2026-10-05T23:31:33.743257+08:00
5753,1,51,4,2026-09-05T11:50+08:00,2026-09-05T12:05+08:00,2.84,35.77,ALGORITHM_CANDIDATE,CONFIRMED,0.772,v1,,2026-10-05T23:25:48.905136+08:00,2026-10-05T23:28:06.817651+08:00
5577,1,51,4,2026-09-05T11:55+08:00,2026-09-05T12:05+08:00,1.93,35.77,DATAGEN,CONFIRMED,0.950,v1,,2026-10-05T23:25:48.854433+08:00,2026-10-05T23:28:06.821607+08:00
6006,1,53,12,2026-09-05T12:30+08:00,2026-09-05T12:45+08:00,1.35,35.20,DATAGEN,CONFIRMED,1.000,v1,,2026-10-05T23:25:49.122617+08:00,2026-10-05T23:28:06.825442+08:00
6183,1,53,12,2026-09-05T12:35+08:00,2026-09-05T12:45+08:00,0.37,35.20,ALGORITHM_CANDIDATE,CONFIRMED,0.769,v1,,2026-10-05T23:25:49.160876+08:00,2026-10-05T23:28:06.829297+08:00
6236,1,54,16,2026-09-05T12:45+08:00,2026-09-05T12:55+08:00,1.51,36.03,DATAGEN,CONFIRMED,0.909,v1,,2026-10-05T23:25:49.276194+08:00,2026-10-05T23:28:06.833364+08:00
5578,1,51,4,2026-09-05T12:55+08:00,2026-09-05T13:00+08:00,1.28,35.96,DATAGEN,CONFIRMED,0.895,v1,,2026-10-05T23:25:48.854826+08:00,2026-10-05T23:28:06.837168+08:00
6650,1,56,24,2026-09-05T13:20+08:00,2026-09-05T13:40+08:00,2.64,35.40,DATAGEN,CONFIRMED,0.974,v1,,2026-10-05T23:25:49.482972+08:00,2026-10-05T23:28:06.840778+08:00
7069,1,58,32,2026-09-05T13:20+08:00,2026-09-05T13:40+08:00,3.35,35.33,DATAGEN,CONFIRMED,1.000,v1,,2026-10-05T23:25:49.67667+08:00,2026-10-05T23:28:06.844515+08:00
7677,1,55,20,2026-09-05T13:45+08:00,2026-09-05T14:05+08:00,2.88,35.52,DATAGEN,CONFIRMED,1.000,v1,,2026-10-05T23:31:33.743493+08:00,2026-10-05T23:31:33.743493+08:00
5579,1,51,4,2026-09-05T14:05+08:00,2026-09-05T14:20+08:00,1.43,36.20,DATAGEN,CONFIRMED,0.845,v1,,2026-10-05T23:25:48.855223+08:00,2026-10-05T23:28:06.852072+08:00
5802,1,52,8,2026-09-05T14:05+08:00,2026-09-05T14:20+08:00,2.87,35.84,DATAGEN,CONFIRMED,1.000,v1,,2026-10-05T23:25:48.997552+08:00,2026-10-05T23:28:06.85598+08:00
7678,1,55,20,2026-09-05T14:35+08:00,2026-09-05T14:45+08:00,1.11,35.90,DATAGEN,CONFIRMED,0.971,v1,,2026-10-05T23:31:33.743708+08:00,2026-10-05T23:31:33.743708+08:00
6007,1,53,12,2026-09-05T14:55+08:00,2026-09-05T15:15+08:00,2.42,35.95,DATAGEN,CONFIRMED,0.884,v1,,2026-10-05T23:25:49.122828+08:00,2026-10-05T23:28:06.863167+08:00
7070,1,58,32,2026-09-05T15:05+08:00,2026-09-05T15:25+08:00,2.23,35.92,DATAGEN,CONFIRMED,0.930,v1,,2026-10-05T23:25:49.676842+08:00,2026-10-05T23:28:06.866606+08:00
7635,1,60,40,2026-09-05T15:20+08:00,2026-09-05T15:40+08:00,3.14,35.80,ALGORITHM_CANDIDATE,CONFIRMED,0.726,v1,,2026-10-05T23:25:49.907106+08:00,2026-10-05T23:28:06.869969+08:00
7505,1,60,40,2026-09-05T15:25+08:00,2026-09-05T15:40+08:00,2.15,35.80,DATAGEN,CONFIRMED,0.906,v1,,2026-10-05T23:25:49.886826+08:00,2026-10-05T23:28:06.873254+08:00
6651,1,56,24,2026-09-05T15:30+08:00,2026-09-05T15:45+08:00,1.72,36.07,DATAGEN,CONFIRMED,0.862,v1,,2026-10-05T23:25:49.48314+08:00,2026-10-05T23:28:06.876927+08:00
6861,1,57,28,2026-09-05T15:30+08:00,2026-09-05T15:50+08:00,2.96,35.85,DATAGEN,CONFIRMED,0.938,v1,,2026-10-05T23:25:49.578572+08:00,2026-10-05T23:28:06.880852+08:00
6813,1,56,24,2026-09-05T15:40+08:00,2026-09-05T15:45+08:00,0.30,36.07,ALGORITHM_CANDIDATE,CONFIRMED,0.696,v1,,2026-10-05T23:25:49.507006+08:00,2026-10-05T23:28:06.884622+08:00
7294,1,59,36,2026-09-05T15:40+08:00,2026-09-05T16:05+08:00,3.81,35.12,DATAGEN,CONFIRMED,1.000,v1,,2026-10-05T23:25:49.776802+08:00,2026-10-05T23:28:06.888378+08:00
7071,1,58,32,2026-09-05T16:00+08:00,2026-09-05T16:15+08:00,1.18,36.17,DATAGEN,CONFIRMED,0.888,v1,,2026-10-05T23:25:49.677013+08:00,2026-10-05T23:28:06.892505+08:00
7244,1,58,32,2026-09-05T16:10+08:00,2026-09-05T16:15+08:00,0.18,36.17,ALGORITHM_CANDIDATE,REJECTED,0.655,v1,,2026-10-05T23:25:49.704124+08:00,2026-10-05T23:28:06.89705+08:00
7506,1,60,40,2026-09-05T16:20+08:00,2026-09-05T16:30+08:00,1.53,35.89,DATAGEN,CONFIRMED,0.885,v1,,2026-10-05T23:25:49.887007+08:00,2026-10-05T23:28:06.90091+08:00
6862,1,57,28,2026-09-05T17:15+08:00,2026-09-05T17:35+08:00,2.17,35.91,DATAGEN,CONFIRMED,0.928,v1,,2026-10-05T23:25:49.57875+08:00,2026-10-05T23:28:06.904399+08:00
7507,1,60,40,2026-09-05T17:20+08:00,2026-09-05T17:30+08:00,1.93,35.52,DATAGEN,CONFIRMED,0.981,v1,,2026-10-05T23:25:49.887183+08:00,2026-10-05T23:28:06.908074+08:00
5580,1,51,4,2026-09-05T17:30+08:00,2026-09-05T17:55+08:00,3.67,35.46,DATAGEN,CONFIRMED,1.000,v1,,2026-10-05T23:25:48.855591+08:00,2026-10-05T23:28:06.911717+08:00
7295,1,59,36,2026-09-05T17:30+08:00,2026-09-05T17:50+08:00,2.45,35.51,DATAGEN,CONFIRMED,0.991,v1,,2026-10-05T23:25:49.776981+08:00,2026-10-05T23:28:06.915631+08:00
6652,1,56,24,2026-09-05T17:45+08:00,2026-09-05T18:05+08:00,2.67,35.83,DATAGEN,CONFIRMED,0.902,v1,,2026-10-05T23:25:49.483337+08:00,2026-10-05T23:28:06.92024+08:00
7453,1,59,36,2026-09-05T17:45+08:00,2026-09-05T17:50+08:00,0.24,35.51,ALGORITHM_CANDIDATE,REJECTED,0.791,v1,,2026-10-05T23:25:49.800933+08:00,2026-10-05T23:28:06.923989+08:00
7679,1,55,20,2026-09-05T17:50+08:00,2026-09-05T18:10+08:00,3.35,35.60,DATAGEN,CONFIRMED,1.000,v1,,2026-10-05T23:31:33.743905+08:00,2026-10-05T23:31:33.743905+08:00
7296,1,59,36,2026-09-05T18:35+08:00,2026-09-05T18:45+08:00,1.04,36.19,DATAGEN,CONFIRMED,0.878,v1,,2026-10-05T23:25:49.777157+08:00,2026-10-05T23:28:06.93071+08:00
6184,1,53,12,2026-09-05T18:50+08:00,2026-09-05T19:20+08:00,3.24,35.74,ALGORITHM_CANDIDATE,CONFIRMED,0.726,v1,,2026-10-05T23:25:49.161003+08:00,2026-10-05T23:28:06.934056+08:00
6008,1,53,12,2026-09-05T19:00+08:00,2026-09-05T19:20+08:00,2.30,35.74,DATAGEN,CONFIRMED,0.919,v1,,2026-10-05T23:25:49.123024+08:00,2026-10-05T23:28:06.93749+08:00
7072,1,58,32,2026-09-05T19:00+08:00,2026-09-05T19:20+08:00,2.81,36.17,DATAGEN,CONFIRMED,0.888,v1,,2026-10-05T23:25:49.677174+08:00,2026-10-05T23:28:06.941257+08:00
6863,1,57,28,2026-09-05T19:25+08:00,2026-09-05T19:40+08:00,2.97,35.62,DATAGEN,CONFIRMED,0.977,v1,,2026-10-05T23:25:49.57892+08:00,2026-10-05T23:28:06.944592+08:00
7030,1,57,28,2026-09-05T19:35+08:00,2026-09-05T19:40+08:00,0.16,35.62,ALGORITHM_CANDIDATE,CONFIRMED,0.732,v1,,2026-10-05T23:25:49.605105+08:00,2026-10-05T23:28:06.947817+08:00
7297,1,59,36,2026-09-05T19:40+08:00,2026-09-05T19:50+08:00,2.26,35.59,DATAGEN,CONFIRMED,0.978,v1,,2026-10-05T23:25:49.77733+08:00,2026-10-05T23:28:06.951106+08:00
6009,1,53,12,2026-09-05T20:05+08:00,2026-09-05T20:15+08:00,1.23,35.89,DATAGEN,CONFIRMED,0.894,v1,,2026-10-05T23:25:49.123231+08:00,2026-10-05T23:28:06.954514+08:00
7508,1,60,40,2026-09-05T20:05+08:00,2026-09-05T20:20+08:00,2.59,36.24,DATAGEN,CONFIRMED,0.861,v1,,2026-10-05T23:25:49.88734+08:00,2026-10-05T23:28:06.958118+08:00
6653,1,56,24,2026-09-05T20:10+08:00,2026-09-05T20:35+08:00,2.31,36.13,DATAGEN,CONFIRMED,0.852,v1,,2026-10-05T23:25:49.483516+08:00,2026-10-05T23:28:06.961784+08:00
6864,1,57,28,2026-09-05T20:20+08:00,2026-09-05T20:35+08:00,1.63,35.87,DATAGEN,CONFIRMED,0.935,v1,,2026-10-05T23:25:49.579107+08:00,2026-10-05T23:28:06.965385+08:00
6814,1,56,24,2026-09-05T20:30+08:00,2026-09-05T20:35+08:00,0.21,36.13,ALGORITHM_CANDIDATE,REJECTED,0.636,v1,,2026-10-05T23:25:49.507096+08:00,2026-10-05T23:28:06.969131+08:00
5581,1,51,4,2026-09-05T20:35+08:00,2026-09-05T21:00+08:00,2.96,36.17,DATAGEN,CONFIRMED,0.883,v1,,2026-10-05T23:25:48.855921+08:00,2026-10-05T23:28:06.975372+08:00
6237,1,54,16,2026-09-05T20:50+08:00,2026-09-05T21:05+08:00,3.47,35.71,DATAGEN,CONFIRMED,0.962,v1,,2026-10-05T23:25:49.27634+08:00,2026-10-05T23:28:06.979216+08:00
7298,1,59,36,2026-09-05T20:55+08:00,2026-09-05T21:10+08:00,1.78,35.87,DATAGEN,CONFIRMED,0.931,v1,,2026-10-05T23:25:49.777498+08:00,2026-10-05T23:28:06.982995+08:00
5803,1,52,8,2026-09-06T06:05+08:00,2026-09-06T06:30+08:00,3.33,35.16,DATAGEN,CONFIRMED,0.949,v1,,2026-10-05T23:25:48.997805+08:00,2026-10-05T23:28:06.986804+08:00
5582,1,51,4,2026-09-06T06:20+08:00,2026-09-06T06:35+08:00,3.10,35.62,DATAGEN,CONFIRMED,0.978,v1,,2026-10-05T23:25:48.856289+08:00,2026-10-05T23:28:06.990795+08:00
6865,1,57,28,2026-09-06T06:25+08:00,2026-09-06T06:45+08:00,3.51,35.10,DATAGEN,CONFIRMED,1.000,v1,,2026-10-05T23:25:49.579282+08:00,2026-10-05T23:28:06.995047+08:00
5754,1,51,4,2026-09-06T06:30+08:00,2026-09-06T06:35+08:00,0.29,35.62,ALGORITHM_CANDIDATE,CONFIRMED,0.805,v1,,2026-10-05T23:25:48.905864+08:00,2026-10-05T23:28:06.999025+08:00
7073,1,58,32,2026-09-06T06:30+08:00,2026-09-06T06:50+08:00,3.12,35.41,DATAGEN,CONFIRMED,0.967,v1,,2026-10-05T23:25:49.67735+08:00,2026-10-05T23:28:07.002972+08:00
7454,1,59,36,2026-09-06T06:40+08:00,2026-09-06T07:00+08:00,3.15,35.19,ALGORITHM_CANDIDATE,CONFIRMED,0.832,v1,,2026-10-05T23:25:49.801064+08:00,2026-10-05T23:28:07.006787+08:00
7299,1,59,36,2026-09-06T06:45+08:00,2026-09-06T07:00+08:00,2.23,35.19,DATAGEN,CONFIRMED,1.000,v1,,2026-10-05T23:25:49.77766+08:00,2026-10-05T23:28:07.01052+08:00
5583,1,51,4,2026-09-06T07:10+08:00,2026-09-06T07:20+08:00,1.21,35.31,DATAGEN,CONFIRMED,1.000,v1,,2026-10-05T23:25:48.856646+08:00,2026-10-05T23:28:07.014175+08:00
7300,1,59,36,2026-09-06T07:50+08:00,2026-09-06T08:10+08:00,1.47,35.32,DATAGEN,CONFIRMED,1.000,v1,,2026-10-05T23:25:49.77782+08:00,2026-10-05T23:28:07.017989+08:00
7074,1,58,32,2026-09-06T08:05+08:00,2026-09-06T08:25+08:00,2.75,35.18,DATAGEN,CONFIRMED,0.912,v1,,2026-10-05T23:25:49.677516+08:00,2026-10-05T23:28:07.021824+08:00
6238,1,54,16,2026-09-06T08:10+08:00,2026-09-06T08:35+08:00,3.42,35.36,DATAGEN,CONFIRMED,1.000,v1,,2026-10-05T23:25:49.276497+08:00,2026-10-05T23:28:07.027192+08:00
7680,1,55,20,2026-09-06T08:10+08:00,2026-09-06T08:25+08:00,3.54,35.05,DATAGEN,CONFIRMED,1.000,v1,,2026-10-05T23:31:33.744158+08:00,2026-10-05T23:31:33.744158+08:00
6654,1,56,24,2026-09-06T08:15+08:00,2026-09-06T08:40+08:00,2.68,35.45,DATAGEN,CONFIRMED,1.000,v1,,2026-10-05T23:25:49.483679+08:00,2026-10-05T23:28:07.034898+08:00
7245,1,58,32,2026-09-06T08:15+08:00,2026-09-06T08:25+08:00,0.42,35.18,ALGORITHM_CANDIDATE,CONFIRMED,0.783,v1,,2026-10-05T23:25:49.704267+08:00,2026-10-05T23:28:07.038911+08:00
6386,1,54,16,2026-09-06T08:30+08:00,2026-09-06T08:35+08:00,0.18,35.36,ALGORITHM_CANDIDATE,REJECTED,0.767,v1,,2026-10-05T23:25:49.302459+08:00,2026-10-05T23:28:07.053667+08:00
6185,1,53,12,2026-09-06T08:35+08:00,2026-09-06T09:00+08:00,3.02,35.51,ALGORITHM_CANDIDATE,CONFIRMED,0.797,v1,,2026-10-05T23:25:49.161126+08:00,2026-10-05T23:28:07.058924+08:00
7681,1,55,20,2026-09-06T08:35+08:00,2026-09-06T08:50+08:00,0.67,35.20,DATAGEN,CONFIRMED,0.861,v1,,2026-10-05T23:31:33.744335+08:00,2026-10-05T23:31:33.744335+08:00
6010,1,53,12,2026-09-06T08:40+08:00,2026-09-06T09:00+08:00,2.41,35.51,DATAGEN,CONFIRMED,0.973,v1,,2026-10-05T23:25:49.123441+08:00,2026-10-05T23:28:07.067577+08:00
7852,1,55,20,2026-09-06T08:40+08:00,2026-09-06T08:50+08:00,0.32,35.20,ALGORITHM_CANDIDATE,REJECTED,0.756,v1,,2026-10-05T23:31:33.769525+08:00,2026-10-05T23:31:33.769525+08:00
5804,1,52,8,2026-09-06T08:50+08:00,2026-09-06T09:10+08:00,3.17,35.00,DATAGEN,CONFIRMED,1.000,v1,,2026-10-05T23:25:48.998037+08:00,2026-10-05T23:28:07.076996+08:00
7075,1,58,32,2026-09-06T09:30+08:00,2026-09-06T09:45+08:00,1.47,35.79,DATAGEN,CONFIRMED,0.796,v1,,2026-10-05T23:25:49.677676+08:00,2026-10-05T23:28:07.081738+08:00
7682,1,55,20,2026-09-06T10:05+08:00,2026-09-06T10:25+08:00,2.19,35.77,DATAGEN,CONFIRMED,0.917,v1,,2026-10-05T23:31:33.744518+08:00,2026-10-05T23:31:33.744518+08:00
7076,1,58,32,2026-09-06T10:20+08:00,2026-09-06T10:30+08:00,1.84,35.18,DATAGEN,CONFIRMED,1.000,v1,,2026-10-05T23:25:49.677838+08:00,2026-10-05T23:28:07.089672+08:00
6011,1,53,12,2026-09-06T10:30+08:00,2026-09-06T10:45+08:00,2.34,35.11,DATAGEN,CONFIRMED,1.000,v1,,2026-10-05T23:25:49.123649+08:00,2026-10-05T23:28:07.093695+08:00
6655,1,56,24,2026-09-06T11:05+08:00,2026-09-06T11:20+08:00,2.70,35.63,DATAGEN,CONFIRMED,0.986,v1,,2026-10-05T23:25:49.48384+08:00,2026-10-05T23:28:07.129281+08:00
7683,1,55,20,2026-09-06T11:05+08:00,2026-09-06T11:10+08:00,1.25,35.94,DATAGEN,CONFIRMED,0.916,v1,,2026-10-05T23:31:33.744681+08:00,2026-10-05T23:31:33.744681+08:00
7077,1,58,32,2026-09-06T11:25+08:00,2026-09-06T11:35+08:00,1.28,35.73,DATAGEN,CONFIRMED,0.914,v1,,2026-10-05T23:25:49.678006+08:00,2026-10-05T23:28:07.13345+08:00
7509,1,60,40,2026-09-06T11:50+08:00,2026-09-06T12:10+08:00,3.55,35.05,DATAGEN,CONFIRMED,1.000,v1,,2026-10-05T23:25:49.887497+08:00,2026-10-05T23:28:07.138478+08:00
5584,1,51,4,2026-09-06T12:05+08:00,2026-09-06T12:25+08:00,3.28,35.57,DATAGEN,CONFIRMED,0.986,v1,,2026-10-05T23:25:48.857051+08:00,2026-10-05T23:28:07.143244+08:00
5805,1,52,8,2026-09-06T12:10+08:00,2026-09-06T12:40+08:00,3.26,35.12,DATAGEN,CONFIRMED,1.000,v1,,2026-10-05T23:25:48.998266+08:00,2026-10-05T23:28:07.147498+08:00
5960,1,52,8,2026-09-06T12:25+08:00,2026-09-06T12:40+08:00,0.52,35.12,ALGORITHM_CANDIDATE,REJECTED,0.763,v1,,2026-10-05T23:25:49.029808+08:00,2026-10-05T23:28:07.151316+08:00
7684,1,55,20,2026-09-06T12:55+08:00,2026-09-06T13:10+08:00,2.32,36.09,DATAGEN,CONFIRMED,0.833,v1,,2026-10-05T23:31:33.744835+08:00,2026-10-05T23:31:33.744835+08:00
6239,1,54,16,2026-09-06T13:05+08:00,2026-09-06T13:20+08:00,3.45,35.40,DATAGEN,CONFIRMED,1.000,v1,,2026-10-05T23:25:49.276692+08:00,2026-10-05T23:28:07.158009+08:00
5585,1,51,4,2026-09-06T13:10+08:00,2026-09-06T13:15+08:00,1.53,35.46,DATAGEN,CONFIRMED,1.000,v1,,2026-10-05T23:25:48.857381+08:00,2026-10-05T23:28:07.161083+08:00
7078,1,58,32,2026-09-06T13:10+08:00,2026-09-06T13:20+08:00,2.60,35.68,DATAGEN,CONFIRMED,0.922,v1,,2026-10-05T23:25:49.678187+08:00,2026-10-05T23:28:07.163859+08:00
7301,1,59,36,2026-09-06T13:40+08:00,2026-09-06T14:05+08:00,3.54,35.24,DATAGEN,CONFIRMED,1.000,v1,,2026-10-05T23:25:49.77799+08:00,2026-10-05T23:28:07.166971+08:00
7685,1,55,20,2026-09-06T14:05+08:00,2026-09-06T14:25+08:00,2.43,35.38,DATAGEN,CONFIRMED,1.000,v1,,2026-10-05T23:31:33.744994+08:00,2026-10-05T23:31:33.744994+08:00
6866,1,57,28,2026-09-06T14:10+08:00,2026-09-06T14:35+08:00,3.26,35.56,DATAGEN,CONFIRMED,0.956,v1,,2026-10-05T23:25:49.579448+08:00,2026-10-05T23:28:07.173345+08:00
6656,1,56,24,2026-09-06T14:35+08:00,2026-09-06T15:00+08:00,2.61,35.83,DATAGEN,CONFIRMED,0.953,v1,,2026-10-05T23:25:49.48401+08:00,2026-10-05T23:28:07.176662+08:00
5806,1,52,8,2026-09-06T14:50+08:00,2026-09-06T15:10+08:00,2.22,35.98,DATAGEN,CONFIRMED,0.882,v1,,2026-10-05T23:25:48.998499+08:00,2026-10-05T23:28:07.180166+08:00
5586,1,51,4,2026-09-06T15:05+08:00,2026-09-06T15:25+08:00,2.66,36.04,DATAGEN,CONFIRMED,0.908,v1,,2026-10-05T23:25:48.857739+08:00,2026-10-05T23:28:07.18479+08:00
6186,1,53,12,2026-09-06T15:05+08:00,2026-09-06T15:20+08:00,2.79,36.04,ALGORITHM_CANDIDATE,CONFIRMED,0.698,v1,,2026-10-05T23:25:49.161252+08:00,2026-10-05T23:28:07.188246+08:00
7302,1,59,36,2026-09-06T15:05+08:00,2026-09-06T15:20+08:00,1.98,35.76,DATAGEN,CONFIRMED,0.965,v1,,2026-10-05T23:25:49.778147+08:00,2026-10-05T23:28:07.19175+08:00
6012,1,53,12,2026-09-06T15:10+08:00,2026-09-06T15:20+08:00,1.44,36.04,DATAGEN,CONFIRMED,0.836,v1,,2026-10-05T23:25:49.123858+08:00,2026-10-05T23:28:07.194928+08:00
7079,1,58,32,2026-09-06T15:15+08:00,2026-09-06T15:30+08:00,2.30,35.85,DATAGEN,CONFIRMED,0.894,v1,,2026-10-05T23:25:49.678346+08:00,2026-10-05T23:28:07.198157+08:00
7303,1,59,36,2026-09-06T15:50+08:00,2026-09-06T16:05+08:00,1.71,35.30,DATAGEN,CONFIRMED,1.000,v1,,2026-10-05T23:25:49.778309+08:00,2026-10-05T23:28:07.201449+08:00
7672,1,51,4,2026-09-06T15:57+08:00,2026-09-06T15:57+08:00,,,MANUAL,CONFIRMED,1.000,manual,T6 drill: missed bout backfill,2026-10-05T23:29:26.017297+08:00,2026-10-05T23:29:26.017297+08:00
6013,1,53,12,2026-09-06T16:00+08:00,2026-09-06T16:15+08:00,1.96,35.44,DATAGEN,CONFIRMED,0.985,v1,,2026-10-05T23:25:49.124063+08:00,2026-10-05T23:28:07.204797+08:00
6867,1,57,28,2026-09-06T16:00+08:00,2026-09-06T16:15+08:00,2.12,35.84,DATAGEN,CONFIRMED,0.970,v1,,2026-10-05T23:25:49.579609+08:00,2026-10-05T23:28:07.208573+08:00
7080,1,58,32,2026-09-06T16:25+08:00,2026-09-06T16:40+08:00,2.26,35.83,DATAGEN,CONFIRMED,0.897,v1,,2026-10-05T23:25:49.678527+08:00,2026-10-05T23:28:07.211331+08:00
7510,1,60,40,2026-09-06T16:35+08:00,2026-09-06T16:55+08:00,2.78,36.09,DATAGEN,CONFIRMED,0.971,v1,,2026-10-05T23:25:49.887656+08:00,2026-10-05T23:28:07.213993+08:00
5807,1,52,8,2026-09-06T16:45+08:00,2026-09-06T17:00+08:00,1.94,36.13,DATAGEN,CONFIRMED,0.857,v1,,2026-10-05T23:25:48.998732+08:00,2026-10-05T23:28:07.217036+08:00
6240,1,54,16,2026-09-06T17:05+08:00,2026-09-06T17:25+08:00,2.81,36.33,DATAGEN,CONFIRMED,0.944,v1,,2026-10-05T23:25:49.276858+08:00,2026-10-05T23:28:07.219929+08:00
6868,1,57,28,2026-09-06T17:10+08:00,2026-09-06T17:25+08:00,1.06,36.40,DATAGEN,CONFIRMED,0.883,v1,,2026-10-05T23:25:49.579771+08:00,2026-10-05T23:28:07.224394+08:00
5755,1,51,4,2026-09-06T17:20+08:00,2026-09-06T17:30+08:00,2.03,36.43,ALGORITHM_CANDIDATE,CONFIRMED,0.601,v1,,2026-10-05T23:25:48.906135+08:00,2026-10-05T23:28:07.228628+08:00
7081,1,58,32,2026-09-06T17:35+08:00,2026-09-06T17:45+08:00,1.63,35.86,DATAGEN,CONFIRMED,0.892,v1,,2026-10-05T23:25:49.678708+08:00,2026-10-05T23:28:07.231704+08:00
7686,1,55,20,2026-09-06T17:45+08:00,2026-09-06T18:05+08:00,3.77,35.35,DATAGEN,CONFIRMED,1.000,v1,,2026-10-05T23:31:33.745144+08:00,2026-10-05T23:31:33.745144+08:00
5587,1,51,4,2026-09-06T17:50+08:00,2026-09-06T18:00+08:00,1.44,35.39,DATAGEN,CONFIRMED,1.000,v1,,2026-10-05T23:25:48.858073+08:00,2026-10-05T23:28:07.23754+08:00
6815,1,56,24,2026-09-06T18:00+08:00,2026-09-06T18:20+08:00,2.83,35.85,ALGORITHM_CANDIDATE,CONFIRMED,0.781,v1,,2026-10-05T23:25:49.507182+08:00,2026-10-05T23:28:07.24047+08:00
6014,1,53,12,2026-09-06T18:05+08:00,2026-09-06T18:25+08:00,2.25,36.09,DATAGEN,CONFIRMED,0.877,v1,,2026-10-05T23:25:49.124281+08:00,2026-10-05T23:28:07.243678+08:00
6657,1,56,24,2026-09-06T18:05+08:00,2026-09-06T18:20+08:00,2.10,35.85,DATAGEN,CONFIRMED,0.949,v1,,2026-10-05T23:25:49.484172+08:00,2026-10-05T23:28:07.246641+08:00
7687,1,55,20,2026-09-06T18:25+08:00,2026-09-06T18:30+08:00,0.34,36.09,DATAGEN,CONFIRMED,0.747,v1,,2026-10-05T23:31:33.745291+08:00,2026-10-05T23:31:33.745291+08:00
5808,1,52,8,2026-09-06T18:30+08:00,2026-09-06T18:45+08:00,2.44,36.19,DATAGEN,CONFIRMED,0.847,v1,,2026-10-05T23:25:48.998957+08:00,2026-10-05T23:28:07.252364+08:00
5588,1,51,4,2026-09-06T18:50+08:00,2026-09-06T19:00+08:00,1.23,35.98,DATAGEN,CONFIRMED,0.918,v1,,2026-10-05T23:25:48.858429+08:00,2026-10-05T23:28:07.255107+08:00
6241,1,54,16,2026-09-06T18:55+08:00,2026-09-06T19:15+08:00,2.73,36.00,DATAGEN,CONFIRMED,0.999,v1,,2026-10-05T23:25:49.277011+08:00,2026-10-05T23:28:07.257877+08:00
7688,1,55,20,2026-09-06T19:00+08:00,2026-09-06T19:10+08:00,0.91,36.36,DATAGEN,CONFIRMED,0.846,v1,,2026-10-05T23:31:33.745435+08:00,2026-10-05T23:31:33.745435+08:00
7082,1,58,32,2026-09-06T19:05+08:00,2026-09-06T19:20+08:00,2.41,36.00,DATAGEN,CONFIRMED,0.869,v1,,2026-10-05T23:25:49.678899+08:00,2026-10-05T23:28:07.263178+08:00
7246,1,58,32,2026-09-06T19:15+08:00,2026-09-06T19:20+08:00,0.19,36.00,ALGORITHM_CANDIDATE,CONFIRMED,0.641,v1,,2026-10-05T23:25:49.704382+08:00,2026-10-05T23:28:07.26603+08:00
6658,1,56,24,2026-09-06T19:30+08:00,2026-09-06T19:50+08:00,1.89,35.92,DATAGEN,CONFIRMED,0.938,v1,,2026-10-05T23:25:49.484333+08:00,2026-10-05T23:28:07.268802+08:00
7304,1,59,36,2026-09-06T19:30+08:00,2026-09-06T20:00+08:00,3.42,35.71,DATAGEN,CONFIRMED,0.973,v1,,2026-10-05T23:25:49.778468+08:00,2026-10-05T23:28:07.271335+08:00
6015,1,53,12,2026-09-06T19:50+08:00,2026-09-06T20:15+08:00,2.84,35.58,DATAGEN,CONFIRMED,0.962,v1,,2026-10-05T23:25:49.124487+08:00,2026-10-05T23:28:07.274123+08:00
5809,1,52,8,2026-09-06T20:20+08:00,2026-09-06T20:35+08:00,2.91,35.69,DATAGEN,CONFIRMED,0.930,v1,,2026-10-05T23:25:48.999189+08:00,2026-10-05T23:28:07.277182+08:00
7511,1,60,40,2026-09-06T20:25+08:00,2026-09-06T20:45+08:00,3.01,36.07,DATAGEN,CONFIRMED,0.974,v1,,2026-10-05T23:25:49.887832+08:00,2026-10-05T23:28:07.279912+08:00
6016,1,53,12,2026-09-06T20:50+08:00,2026-09-06T20:55+08:00,0.76,36.11,DATAGEN,CONFIRMED,0.873,v1,,2026-10-05T23:25:49.124696+08:00,2026-10-05T23:28:07.282478+08:00
6869,1,57,28,2026-09-06T20:50+08:00,2026-09-06T21:10+08:00,3.16,35.77,DATAGEN,CONFIRMED,0.988,v1,,2026-10-05T23:25:49.579939+08:00,2026-10-05T23:28:07.285006+08:00
7853,1,55,20,2026-09-06T20:55+08:00,2026-09-06T21:15+08:00,2.13,36.61,ALGORITHM_CANDIDATE,CONFIRMED,0.735,v1,,2026-10-05T23:31:33.76965+08:00,2026-10-05T23:31:33.76965+08:00
7512,1,60,40,2026-09-07T06:10+08:00,2026-09-07T06:30+08:00,3.24,35.21,DATAGEN,CONFIRMED,1.000,v1,,2026-10-05T23:25:49.887993+08:00,2026-10-05T23:28:07.290337+08:00
6242,1,54,16,2026-09-07T06:20+08:00,2026-09-07T06:40+08:00,3.15,35.57,DATAGEN,CONFIRMED,0.981,v1,,2026-10-05T23:25:49.277178+08:00,2026-10-05T23:28:07.293072+08:00
7636,1,60,40,2026-09-07T06:20+08:00,2026-09-07T06:30+08:00,0.41,35.21,ALGORITHM_CANDIDATE,CONFIRMED,0.781,v1,,2026-10-05T23:25:49.907247+08:00,2026-10-05T23:28:07.295867+08:00
6387,1,54,16,2026-09-07T06:35+08:00,2026-09-07T06:40+08:00,0.21,35.57,ALGORITHM_CANDIDATE,CONFIRMED,0.765,v1,,2026-10-05T23:25:49.302596+08:00,2026-10-05T23:28:07.298832+08:00
6017,1,53,12,2026-09-07T06:40+08:00,2026-09-07T07:05+08:00,3.02,35.48,DATAGEN,CONFIRMED,0.978,v1,,2026-10-05T23:25:49.1249+08:00,2026-10-05T23:28:07.301587+08:00
6659,1,56,24,2026-09-07T07:30+08:00,2026-09-07T07:50+08:00,3.39,35.03,DATAGEN,CONFIRMED,1.000,v1,,2026-10-05T23:25:49.484492+08:00,2026-10-05T23:28:07.304469+08:00
7083,1,58,32,2026-09-07T07:45+08:00,2026-09-07T08:10+08:00,3.41,35.05,DATAGEN,CONFIRMED,1.000,v1,,2026-10-05T23:25:49.679058+08:00,2026-10-05T23:28:07.307198+08:00
6243,1,54,16,2026-09-07T07:50+08:00,2026-09-07T08:15+08:00,2.84,35.04,DATAGEN,CONFIRMED,1.000,v1,,2026-10-05T23:25:49.277344+08:00,2026-10-05T23:28:07.309898+08:00
7247,1,58,32,2026-09-07T07:55+08:00,2026-09-07T08:10+08:00,0.79,35.05,ALGORITHM_CANDIDATE,CONFIRMED,0.813,v1,,2026-10-05T23:25:49.704512+08:00,2026-10-05T23:28:07.312739+08:00
6388,1,54,16,2026-09-07T08:10+08:00,2026-09-07T08:15+08:00,0.24,35.04,ALGORITHM_CANDIDATE,REJECTED,0.800,v1,,2026-10-05T23:25:49.302731+08:00,2026-10-05T23:28:07.318235+08:00
5810,1,52,8,2026-09-07T08:25+08:00,2026-09-07T08:40+08:00,3.08,35.30,DATAGEN,CONFIRMED,1.000,v1,,2026-10-05T23:25:48.999422+08:00,2026-10-05T23:28:07.321347+08:00
7513,1,60,40,2026-09-07T08:30+08:00,2026-09-07T08:55+08:00,2.99,35.13,DATAGEN,CONFIRMED,0.986,v1,,2026-10-05T23:25:49.888155+08:00,2026-10-05T23:28:07.324107+08:00
7031,1,57,28,2026-09-07T08:50+08:00,2026-09-07T09:10+08:00,2.73,35.74,ALGORITHM_CANDIDATE,CONFIRMED,0.745,v1,,2026-10-05T23:25:49.605246+08:00,2026-10-05T23:28:07.326573+08:00
6870,1,57,28,2026-09-07T09:00+08:00,2026-09-07T09:10+08:00,1.58,35.74,DATAGEN,CONFIRMED,0.940,v1,,2026-10-05T23:25:49.5801+08:00,2026-10-05T23:28:07.329+08:00
6244,1,54,16,2026-09-07T09:10+08:00,2026-09-07T09:25+08:00,2.00,35.10,DATAGEN,CONFIRMED,1.000,v1,,2026-10-05T23:25:49.277507+08:00,2026-10-05T23:28:07.331494+08:00
6871,1,57,28,2026-09-07T09:25+08:00,2026-09-07T09:30+08:00,0.90,35.07,DATAGEN,CONFIRMED,1.000,v1,,2026-10-05T23:25:49.580264+08:00,2026-10-05T23:28:07.334178+08:00
6872,1,57,28,2026-09-07T09:40+08:00,2026-09-07T09:45+08:00,0.38,35.00,DATAGEN,CONFIRMED,0.878,v1,,2026-10-05T23:25:49.580434+08:00,2026-10-05T23:28:07.33685+08:00
6018,1,53,12,2026-09-07T10:00+08:00,2026-09-07T10:20+08:00,2.87,35.45,DATAGEN,CONFIRMED,0.983,v1,,2026-10-05T23:25:49.125109+08:00,2026-10-05T23:28:07.339554+08:00
7455,1,59,36,2026-09-07T10:10+08:00,2026-09-07T10:35+08:00,2.84,35.63,ALGORITHM_CANDIDATE,CONFIRMED,0.826,v1,,2026-10-05T23:25:49.801194+08:00,2026-10-05T23:28:07.34222+08:00
7305,1,59,36,2026-09-07T10:15+08:00,2026-09-07T10:35+08:00,2.50,35.63,DATAGEN,CONFIRMED,1.000,v1,,2026-10-05T23:25:49.778632+08:00,2026-10-05T23:28:07.344908+08:00
6873,1,57,28,2026-09-07T10:50+08:00,2026-09-07T11:05+08:00,1.83,35.49,DATAGEN,CONFIRMED,0.982,v1,,2026-10-05T23:25:49.580606+08:00,2026-10-05T23:28:07.347585+08:00
6245,1,54,16,2026-09-07T11:10+08:00,2026-09-07T11:25+08:00,2.42,35.31,DATAGEN,CONFIRMED,1.000,v1,,2026-10-05T23:25:49.277674+08:00,2026-10-05T23:28:07.350101+08:00
5589,1,51,4,2026-09-07T11:35+08:00,2026-09-07T12:05+08:00,3.39,35.36,DATAGEN,CONFIRMED,1.000,v1,,2026-10-05T23:25:48.858767+08:00,2026-10-05T23:28:07.352573+08:00
6660,1,56,24,2026-09-07T11:40+08:00,2026-09-07T12:10+08:00,2.83,35.58,DATAGEN,CONFIRMED,1.000,v1,,2026-10-05T23:25:49.48465+08:00,2026-10-05T23:28:07.355012+08:00
7306,1,59,36,2026-09-07T11:50+08:00,2026-09-07T12:05+08:00,1.71,35.77,DATAGEN,CONFIRMED,0.983,v1,,2026-10-05T23:25:49.778792+08:00,2026-10-05T23:28:07.357439+08:00
5756,1,51,4,2026-09-07T12:00+08:00,2026-09-07T12:05+08:00,0.29,35.36,ALGORITHM_CANDIDATE,REJECTED,0.828,v1,,2026-10-05T23:25:48.906415+08:00,2026-10-05T23:28:07.360129+08:00
6816,1,56,24,2026-09-07T12:05+08:00,2026-09-07T12:10+08:00,0.22,35.58,ALGORITHM_CANDIDATE,REJECTED,0.789,v1,,2026-10-05T23:25:49.507269+08:00,2026-10-05T23:28:07.362713+08:00
6874,1,57,28,2026-09-07T12:10+08:00,2026-09-07T12:25+08:00,1.94,35.74,DATAGEN,CONFIRMED,0.940,v1,,2026-10-05T23:25:49.580772+08:00,2026-10-05T23:28:07.365453+08:00
5811,1,52,8,2026-09-07T12:20+08:00,2026-09-07T12:45+08:00,3.30,35.16,DATAGEN,CONFIRMED,1.000,v1,,2026-10-05T23:25:48.99975+08:00,2026-10-05T23:28:07.368391+08:00
6019,1,53,12,2026-09-07T13:00+08:00,2026-09-07T13:20+08:00,3.56,35.05,DATAGEN,CONFIRMED,1.000,v1,,2026-10-05T23:25:49.125307+08:00,2026-10-05T23:28:07.371495+08:00
5590,1,51,4,2026-09-07T13:35+08:00,2026-09-07T13:50+08:00,1.89,36.17,DATAGEN,CONFIRMED,0.984,v1,,2026-10-05T23:25:48.859119+08:00,2026-10-05T23:28:07.374603+08:00
5812,1,52,8,2026-09-07T13:55+08:00,2026-09-07T14:10+08:00,2.33,35.48,DATAGEN,CONFIRMED,1.000,v1,,2026-10-05T23:25:49.000024+08:00,2026-10-05T23:28:07.377686+08:00
6875,1,57,28,2026-09-07T14:00+08:00,2026-09-07T14:15+08:00,2.36,35.67,DATAGEN,CONFIRMED,0.914,v1,,2026-10-05T23:25:49.580934+08:00,2026-10-05T23:28:07.383637+08:00
7689,1,55,20,2026-09-07T14:00+08:00,2026-09-07T14:15+08:00,2.85,36.14,DATAGEN,CONFIRMED,0.964,v1,,2026-10-05T23:31:33.74558+08:00,2026-10-05T23:31:33.74558+08:00
6020,1,53,12,2026-09-07T14:05+08:00,2026-09-07T14:20+08:00,1.35,35.59,DATAGEN,CONFIRMED,0.960,v1,,2026-10-05T23:25:49.125511+08:00,2026-10-05T23:28:07.386438+08:00
6661,1,56,24,2026-09-07T14:05+08:00,2026-09-07T14:30+08:00,2.61,35.83,DATAGEN,CONFIRMED,0.990,v1,,2026-10-05T23:25:49.484818+08:00,2026-10-05T23:28:07.389053+08:00
7637,1,60,40,2026-09-07T14:10+08:00,2026-09-07T14:35+08:00,3.06,35.84,ALGORITHM_CANDIDATE,CONFIRMED,0.730,v1,,2026-10-05T23:25:49.907381+08:00,2026-10-05T23:28:07.39435+08:00
7854,1,55,20,2026-09-07T14:10+08:00,2026-09-07T14:15+08:00,0.21,36.14,ALGORITHM_CANDIDATE,CONFIRMED,0.760,v1,,2026-10-05T23:31:33.769805+08:00,2026-10-05T23:31:33.769805+08:00
6187,1,53,12,2026-09-07T14:15+08:00,2026-09-07T14:20+08:00,0.24,35.59,ALGORITHM_CANDIDATE,REJECTED,0.760,v1,,2026-10-05T23:25:49.161383+08:00,2026-10-05T23:28:07.39708+08:00
7307,1,59,36,2026-09-07T14:20+08:00,2026-09-07T14:40+08:00,3.25,35.02,DATAGEN,CONFIRMED,1.000,v1,,2026-10-05T23:25:49.778962+08:00,2026-10-05T23:28:07.39984+08:00
7514,1,60,40,2026-09-07T14:20+08:00,2026-09-07T14:35+08:00,1.88,35.84,DATAGEN,CONFIRMED,0.941,v1,,2026-10-05T23:25:49.888315+08:00,2026-10-05T23:28:07.402585+08:00
6876,1,57,28,2026-09-07T14:40+08:00,2026-09-07T14:55+08:00,1.52,35.29,DATAGEN,CONFIRMED,1.000,v1,,2026-10-05T23:25:49.581108+08:00,2026-10-05T23:28:07.405804+08:00
7084,1,58,32,2026-09-07T15:10+08:00,2026-09-07T15:30+08:00,3.41,35.45,DATAGEN,CONFIRMED,1.000,v1,,2026-10-05T23:25:49.67922+08:00,2026-10-05T23:28:07.409773+08:00
6021,1,53,12,2026-09-07T15:15+08:00,2026-09-07T15:30+08:00,2.75,35.06,DATAGEN,CONFIRMED,1.000,v1,,2026-10-05T23:25:49.12572+08:00,2026-10-05T23:28:07.412576+08:00
7515,1,60,40,2026-09-07T15:20+08:00,2026-09-07T15:35+08:00,1.84,35.57,DATAGEN,CONFIRMED,0.986,v1,,2026-10-05T23:25:49.888487+08:00,2026-10-05T23:28:07.415168+08:00
6246,1,54,16,2026-09-07T15:50+08:00,2026-09-07T16:15+08:00,2.88,36.12,DATAGEN,CONFIRMED,0.890,v1,,2026-10-05T23:25:49.277833+08:00,2026-10-05T23:28:07.417863+08:00
7516,1,60,40,2026-09-07T16:10+08:00,2026-09-07T16:20+08:00,1.28,35.70,DATAGEN,CONFIRMED,0.964,v1,,2026-10-05T23:25:49.888646+08:00,2026-10-05T23:28:07.420356+08:00
7032,1,57,28,2026-09-07T16:55+08:00,2026-09-07T17:10+08:00,1.86,36.52,ALGORITHM_CANDIDATE,CONFIRMED,0.732,v1,,2026-10-05T23:25:49.605389+08:00,2026-10-05T23:28:07.422943+08:00
5813,1,52,8,2026-09-07T17:00+08:00,2026-09-07T17:20+08:00,2.86,35.92,DATAGEN,CONFIRMED,0.930,v1,,2026-10-05T23:25:49.000324+08:00,2026-10-05T23:28:07.425528+08:00
7517,1,60,40,2026-09-07T17:15+08:00,2026-09-07T17:20+08:00,1.04,36.26,DATAGEN,CONFIRMED,0.871,v1,,2026-10-05T23:25:49.888808+08:00,2026-10-05T23:28:07.42802+08:00
7308,1,59,36,2026-09-07T17:20+08:00,2026-09-07T17:40+08:00,2.73,36.15,DATAGEN,CONFIRMED,0.919,v1,,2026-10-05T23:25:49.779126+08:00,2026-10-05T23:28:07.430652+08:00
7855,1,55,20,2026-09-07T17:25+08:00,2026-09-07T17:40+08:00,3.01,35.85,ALGORITHM_CANDIDATE,CONFIRMED,0.829,v1,,2026-10-05T23:31:33.769936+08:00,2026-10-05T23:31:33.769936+08:00
7690,1,55,20,2026-09-07T17:30+08:00,2026-09-07T17:40+08:00,1.90,35.85,DATAGEN,CONFIRMED,1.000,v1,,2026-10-05T23:31:33.745722+08:00,2026-10-05T23:31:33.745722+08:00
7085,1,58,32,2026-09-07T17:35+08:00,2026-09-07T18:00+08:00,2.28,36.12,DATAGEN,CONFIRMED,0.953,v1,,2026-10-05T23:25:49.679396+08:00,2026-10-05T23:28:07.438147+08:00
6022,1,53,12,2026-09-07T18:05+08:00,2026-09-07T18:25+08:00,2.44,36.07,DATAGEN,CONFIRMED,0.880,v1,,2026-10-05T23:25:49.125932+08:00,2026-10-05T23:28:07.440587+08:00
7309,1,59,36,2026-09-07T18:20+08:00,2026-09-07T18:30+08:00,1.62,35.47,DATAGEN,CONFIRMED,1.000,v1,,2026-10-05T23:25:49.779293+08:00,2026-10-05T23:28:07.443343+08:00
6877,1,57,28,2026-09-07T18:25+08:00,2026-09-07T18:45+08:00,2.18,36.33,DATAGEN,CONFIRMED,0.842,v1,,2026-10-05T23:25:49.581298+08:00,2026-10-05T23:28:07.446042+08:00
7518,1,60,40,2026-09-07T18:50+08:00,2026-09-07T19:05+08:00,2.11,36.34,DATAGEN,CONFIRMED,0.858,v1,,2026-10-05T23:25:49.888964+08:00,2026-10-05T23:28:07.451611+08:00
7691,1,55,20,2026-09-07T18:50+08:00,2026-09-07T19:00+08:00,1.81,36.06,DATAGEN,CONFIRMED,0.990,v1,,2026-10-05T23:31:33.745865+08:00,2026-10-05T23:31:33.745865+08:00
6023,1,53,12,2026-09-07T19:10+08:00,2026-09-07T19:25+08:00,2.09,35.53,DATAGEN,CONFIRMED,0.970,v1,,2026-10-05T23:25:49.126138+08:00,2026-10-05T23:28:07.454276+08:00
6389,1,54,16,2026-09-07T19:30+08:00,2026-09-07T19:50+08:00,2.80,36.43,ALGORITHM_CANDIDATE,CONFIRMED,0.667,v1,,2026-10-05T23:25:49.302867+08:00,2026-10-05T23:28:07.456843+08:00
6247,1,54,16,2026-09-07T19:35+08:00,2026-09-07T19:50+08:00,2.01,36.43,DATAGEN,CONFIRMED,0.832,v1,,2026-10-05T23:25:49.277992+08:00,2026-10-05T23:28:07.459304+08:00
5814,1,52,8,2026-09-07T20:00+08:00,2026-09-07T20:25+08:00,3.51,35.48,DATAGEN,CONFIRMED,1.000,v1,,2026-10-05T23:25:49.000557+08:00,2026-10-05T23:28:07.46179+08:00
5591,1,51,4,2026-09-07T20:15+08:00,2026-09-07T20:35+08:00,3.35,36.00,DATAGEN,CONFIRMED,1.000,v1,,2026-10-05T23:25:48.859454+08:00,2026-10-05T23:28:07.464477+08:00
5757,1,51,4,2026-09-07T20:30+08:00,2026-09-07T20:35+08:00,0.19,36.00,ALGORITHM_CANDIDATE,CONFIRMED,0.772,v1,,2026-10-05T23:25:48.90668+08:00,2026-10-05T23:28:07.467193+08:00
7692,1,55,20,2026-09-07T20:30+08:00,2026-09-07T20:45+08:00,2.64,36.12,DATAGEN,CONFIRMED,0.980,v1,,2026-10-05T23:31:33.746007+08:00,2026-10-05T23:31:33.746007+08:00
6248,1,54,16,2026-09-07T20:45+08:00,2026-09-07T21:00+08:00,1.86,36.19,DATAGEN,CONFIRMED,0.878,v1,,2026-10-05T23:25:49.278156+08:00,2026-10-05T23:28:07.472638+08:00
6662,1,56,24,2026-09-08T06:10+08:00,2026-09-08T06:30+08:00,3.32,35.15,DATAGEN,CONFIRMED,1.000,v1,,2026-10-05T23:25:49.484981+08:00,2026-10-05T23:28:07.475257+08:00
5592,1,51,4,2026-09-08T06:25+08:00,2026-09-08T06:45+08:00,2.92,35.77,DATAGEN,CONFIRMED,0.959,v1,,2026-10-05T23:25:48.859778+08:00,2026-10-05T23:28:07.478144+08:00
7693,1,55,20,2026-09-08T06:25+08:00,2026-09-08T06:40+08:00,3.07,35.59,DATAGEN,CONFIRMED,0.962,v1,,2026-10-05T23:31:33.746151+08:00,2026-10-05T23:31:33.746151+08:00
6188,1,53,12,2026-09-08T06:45+08:00,2026-09-08T07:05+08:00,3.00,35.34,ALGORITHM_CANDIDATE,CONFIRMED,0.816,v1,,2026-10-05T23:25:49.16151+08:00,2026-10-05T23:28:07.483237+08:00
6024,1,53,12,2026-09-08T06:50+08:00,2026-09-08T07:05+08:00,1.90,35.34,DATAGEN,CONFIRMED,0.902,v1,,2026-10-05T23:25:49.126342+08:00,2026-10-05T23:28:07.485818+08:00
5815,1,52,8,2026-09-08T07:05+08:00,2026-09-08T07:25+08:00,3.07,35.22,DATAGEN,CONFIRMED,0.924,v1,,2026-10-05T23:25:49.000776+08:00,2026-10-05T23:28:07.488426+08:00
7638,1,60,40,2026-09-08T07:15+08:00,2026-09-08T07:40+08:00,2.98,35.55,ALGORITHM_CANDIDATE,CONFIRMED,0.746,v1,,2026-10-05T23:25:49.907514+08:00,2026-10-05T23:28:07.490873+08:00
7519,1,60,40,2026-09-08T07:20+08:00,2026-09-08T07:40+08:00,2.59,35.55,DATAGEN,CONFIRMED,0.920,v1,,2026-10-05T23:25:49.889122+08:00,2026-10-05T23:28:07.493264+08:00
7248,1,58,32,2026-09-08T07:40+08:00,2026-09-08T08:15+08:00,2.96,35.61,ALGORITHM_CANDIDATE,CONFIRMED,0.797,v1,,2026-10-05T23:25:49.704649+08:00,2026-10-05T23:28:07.495804+08:00
6249,1,54,16,2026-09-08T07:50+08:00,2026-09-08T08:05+08:00,2.74,35.89,DATAGEN,CONFIRMED,0.979,v1,,2026-10-05T23:25:49.278319+08:00,2026-10-05T23:28:07.498475+08:00
7086,1,58,32,2026-09-08T07:55+08:00,2026-09-08T08:15+08:00,2.16,35.61,DATAGEN,CONFIRMED,1.000,v1,,2026-10-05T23:25:49.679571+08:00,2026-10-05T23:28:07.501096+08:00
5593,1,51,4,2026-09-08T08:00+08:00,2026-09-08T08:15+08:00,2.98,35.06,DATAGEN,CONFIRMED,1.000,v1,,2026-10-05T23:25:48.860115+08:00,2026-10-05T23:28:07.503672+08:00
5816,1,52,8,2026-09-08T08:20+08:00,2026-09-08T08:45+08:00,2.19,35.21,DATAGEN,CONFIRMED,1.000,v1,,2026-10-05T23:25:49.000997+08:00,2026-10-05T23:28:07.506354+08:00
6025,1,53,12,2026-09-08T08:20+08:00,2026-09-08T08:35+08:00,1.70,35.48,DATAGEN,CONFIRMED,0.999,v1,,2026-10-05T23:25:49.12655+08:00,2026-10-05T23:28:07.50897+08:00
7520,1,60,40,2026-09-08T08:20+08:00,2026-09-08T08:30+08:00,2.02,35.02,DATAGEN,CONFIRMED,1.000,v1,,2026-10-05T23:25:49.889306+08:00,2026-10-05T23:28:07.511731+08:00
5961,1,52,8,2026-09-08T08:30+08:00,2026-09-08T08:45+08:00,0.57,35.21,ALGORITHM_CANDIDATE,REJECTED,0.772,v1,,2026-10-05T23:25:49.029953+08:00,2026-10-05T23:28:07.514366+08:00
7087,1,58,32,2026-09-08T09:15+08:00,2026-09-08T09:30+08:00,2.20,35.03,DATAGEN,CONFIRMED,1.000,v1,,2026-10-05T23:25:49.679732+08:00,2026-10-05T23:28:07.516894+08:00
7249,1,58,32,2026-09-08T09:25+08:00,2026-09-08T09:30+08:00,0.28,35.03,ALGORITHM_CANDIDATE,REJECTED,0.822,v1,,2026-10-05T23:25:49.704789+08:00,2026-10-05T23:28:07.519569+08:00
7310,1,59,36,2026-09-08T09:30+08:00,2026-09-08T09:55+08:00,3.42,35.04,DATAGEN,CONFIRMED,1.000,v1,,2026-10-05T23:25:49.779451+08:00,2026-10-05T23:28:07.522247+08:00
7856,1,55,20,2026-09-08T09:35+08:00,2026-09-08T09:55+08:00,2.89,35.51,ALGORITHM_CANDIDATE,CONFIRMED,0.791,v1,,2026-10-05T23:31:33.770067+08:00,2026-10-05T23:31:33.770067+08:00
6026,1,53,12,2026-09-08T09:40+08:00,2026-09-08T10:05+08:00,2.39,35.25,DATAGEN,CONFIRMED,1.000,v1,,2026-10-05T23:25:49.126757+08:00,2026-10-05T23:28:07.527783+08:00
7694,1,55,20,2026-09-08T09:40+08:00,2026-09-08T09:55+08:00,2.10,35.51,DATAGEN,CONFIRMED,0.976,v1,,2026-10-05T23:31:33.746306+08:00,2026-10-05T23:31:33.746306+08:00
7088,1,58,32,2026-09-08T10:15+08:00,2026-09-08T10:30+08:00,0.98,35.12,DATAGEN,CONFIRMED,0.848,v1,,2026-10-05T23:25:49.679889+08:00,2026-10-05T23:28:07.533804+08:00
6250,1,54,16,2026-09-08T10:45+08:00,2026-09-08T11:05+08:00,2.91,35.53,DATAGEN,CONFIRMED,1.000,v1,,2026-10-05T23:25:49.278519+08:00,2026-10-05T23:28:07.53682+08:00
7639,1,60,40,2026-09-08T11:05+08:00,2026-09-08T11:20+08:00,2.79,35.54,ALGORITHM_CANDIDATE,CONFIRMED,0.739,v1,,2026-10-05T23:25:49.907647+08:00,2026-10-05T23:28:07.542406+08:00
7695,1,55,20,2026-09-08T11:05+08:00,2026-09-08T11:20+08:00,2.29,35.02,DATAGEN,CONFIRMED,1.000,v1,,2026-10-05T23:31:33.74646+08:00,2026-10-05T23:31:33.74646+08:00
7521,1,60,40,2026-09-08T11:15+08:00,2026-09-08T11:20+08:00,1.21,35.54,DATAGEN,CONFIRMED,0.922,v1,,2026-10-05T23:25:49.889462+08:00,2026-10-05T23:28:07.545474+08:00
5594,1,51,4,2026-09-08T11:25+08:00,2026-09-08T11:40+08:00,3.38,35.21,DATAGEN,CONFIRMED,1.000,v1,,2026-10-05T23:25:48.860472+08:00,2026-10-05T23:28:07.548467+08:00
7089,1,58,32,2026-09-08T12:00+08:00,2026-09-08T12:10+08:00,2.60,35.06,DATAGEN,CONFIRMED,1.000,v1,,2026-10-05T23:25:49.68008+08:00,2026-10-05T23:28:07.551603+08:00
6878,1,57,28,2026-09-08T12:10+08:00,2026-09-08T12:30+08:00,3.16,35.54,DATAGEN,CONFIRMED,1.000,v1,,2026-10-05T23:25:49.581467+08:00,2026-10-05T23:28:07.554585+08:00
7311,1,59,36,2026-09-08T12:10+08:00,2026-09-08T12:25+08:00,2.30,35.70,DATAGEN,CONFIRMED,0.961,v1,,2026-10-05T23:25:49.779628+08:00,2026-10-05T23:28:07.55741+08:00
6663,1,56,24,2026-09-08T12:15+08:00,2026-09-08T12:30+08:00,2.66,35.82,DATAGEN,CONFIRMED,1.000,v1,,2026-10-05T23:25:49.485138+08:00,2026-10-05T23:28:07.56029+08:00
7522,1,60,40,2026-09-08T12:25+08:00,2026-09-08T12:40+08:00,2.10,35.21,DATAGEN,CONFIRMED,0.977,v1,,2026-10-05T23:25:49.889623+08:00,2026-10-05T23:28:07.563037+08:00
6027,1,53,12,2026-09-08T12:30+08:00,2026-09-08T12:50+08:00,3.42,35.15,DATAGEN,CONFIRMED,1.000,v1,,2026-10-05T23:25:49.126967+08:00,2026-10-05T23:28:07.56584+08:00
6251,1,54,16,2026-09-08T12:40+08:00,2026-09-08T12:55+08:00,2.41,35.33,DATAGEN,CONFIRMED,1.000,v1,,2026-10-05T23:25:49.278699+08:00,2026-10-05T23:28:07.568319+08:00
7696,1,55,20,2026-09-08T12:50+08:00,2026-09-08T13:10+08:00,1.83,36.20,DATAGEN,CONFIRMED,0.861,v1,,2026-10-05T23:31:33.746609+08:00,2026-10-05T23:31:33.746609+08:00
5817,1,52,8,2026-09-08T13:20+08:00,2026-09-08T13:35+08:00,3.39,35.28,DATAGEN,CONFIRMED,1.000,v1,,2026-10-05T23:25:49.001211+08:00,2026-10-05T23:28:07.575584+08:00
6252,1,54,16,2026-09-08T13:45+08:00,2026-09-08T13:55+08:00,1.73,36.07,DATAGEN,CONFIRMED,0.949,v1,,2026-10-05T23:25:49.278864+08:00,2026-10-05T23:28:07.578243+08:00
5595,1,51,4,2026-09-08T13:55+08:00,2026-09-08T14:10+08:00,2.26,36.12,DATAGEN,CONFIRMED,0.900,v1,,2026-10-05T23:25:48.860784+08:00,2026-10-05T23:28:07.581054+08:00
7523,1,60,40,2026-09-08T14:15+08:00,2026-09-08T14:30+08:00,2.26,35.41,DATAGEN,CONFIRMED,0.943,v1,,2026-10-05T23:25:49.88978+08:00,2026-10-05T23:28:07.583872+08:00
5818,1,52,8,2026-09-08T14:50+08:00,2026-09-08T15:10+08:00,2.75,35.41,DATAGEN,CONFIRMED,1.000,v1,,2026-10-05T23:25:49.001464+08:00,2026-10-05T23:28:07.586517+08:00
7697,1,55,20,2026-09-08T14:50+08:00,2026-09-08T15:05+08:00,2.15,35.95,DATAGEN,CONFIRMED,0.902,v1,,2026-10-05T23:31:33.746751+08:00,2026-10-05T23:31:33.746751+08:00
7312,1,59,36,2026-09-08T15:10+08:00,2026-09-08T15:30+08:00,3.17,35.46,DATAGEN,CONFIRMED,1.000,v1,,2026-10-05T23:25:49.779786+08:00,2026-10-05T23:28:07.591615+08:00
7524,1,60,40,2026-09-08T15:10+08:00,2026-09-08T15:20+08:00,1.78,35.31,DATAGEN,CONFIRMED,0.960,v1,,2026-10-05T23:25:49.889938+08:00,2026-10-05T23:28:07.594197+08:00
7640,1,60,40,2026-09-08T15:15+08:00,2026-09-08T15:20+08:00,0.26,35.31,ALGORITHM_CANDIDATE,CONFIRMED,0.771,v1,,2026-10-05T23:25:49.907781+08:00,2026-10-05T23:28:07.596899+08:00
5758,1,51,4,2026-09-08T16:20+08:00,2026-09-08T16:50+08:00,3.45,35.56,ALGORITHM_CANDIDATE,CONFIRMED,0.811,v1,,2026-10-05T23:25:48.906952+08:00,2026-10-05T23:28:07.599582+08:00
5596,1,51,4,2026-09-08T16:30+08:00,2026-09-08T16:50+08:00,2.56,35.56,DATAGEN,CONFIRMED,0.994,v1,,2026-10-05T23:25:48.861108+08:00,2026-10-05T23:28:07.60208+08:00
6028,1,53,12,2026-09-08T16:40+08:00,2026-09-08T17:00+08:00,2.69,36.19,DATAGEN,CONFIRMED,0.880,v1,,2026-10-05T23:25:49.127175+08:00,2026-10-05T23:28:07.604502+08:00
7313,1,59,36,2026-09-08T16:50+08:00,2026-09-08T17:05+08:00,2.15,35.81,DATAGEN,CONFIRMED,0.942,v1,,2026-10-05T23:25:49.779956+08:00,2026-10-05T23:28:07.607049+08:00
7857,1,55,20,2026-09-08T16:55+08:00,2026-09-08T17:15+08:00,2.40,36.42,ALGORITHM_CANDIDATE,CONFIRMED,0.712,v1,,2026-10-05T23:31:33.770199+08:00,2026-10-05T23:31:33.770199+08:00
6253,1,54,16,2026-09-08T17:00+08:00,2026-09-08T17:25+08:00,2.48,36.63,DATAGEN,CONFIRMED,0.855,v1,,2026-10-05T23:25:49.279025+08:00,2026-10-05T23:28:07.612147+08:00
7525,1,60,40,2026-09-08T17:25+08:00,2026-09-08T17:45+08:00,3.28,35.33,DATAGEN,CONFIRMED,0.957,v1,,2026-10-05T23:25:49.890096+08:00,2026-10-05T23:28:07.614827+08:00
5597,1,51,4,2026-09-08T17:30+08:00,2026-09-08T17:40+08:00,0.70,36.46,DATAGEN,CONFIRMED,0.760,v1,,2026-10-05T23:25:48.861401+08:00,2026-10-05T23:28:07.617305+08:00
6664,1,56,24,2026-09-08T18:15+08:00,2026-09-08T18:40+08:00,3.39,35.66,DATAGEN,CONFIRMED,1.000,v1,,2026-10-05T23:25:49.485302+08:00,2026-10-05T23:28:07.619915+08:00
5759,1,51,4,2026-09-08T18:25+08:00,2026-09-08T18:35+08:00,1.04,36.66,ALGORITHM_CANDIDATE,CONFIRMED,0.810,v1,,2026-10-05T23:25:48.90717+08:00,2026-10-05T23:28:07.622486+08:00
7698,1,55,20,2026-09-08T18:40+08:00,2026-09-08T18:50+08:00,3.23,35.42,DATAGEN,CONFIRMED,0.991,v1,,2026-10-05T23:31:33.746893+08:00,2026-10-05T23:31:33.746893+08:00
6254,1,54,16,2026-09-08T18:45+08:00,2026-09-08T19:05+08:00,2.67,36.09,DATAGEN,CONFIRMED,0.945,v1,,2026-10-05T23:25:49.279182+08:00,2026-10-05T23:28:07.627623+08:00
6390,1,54,16,2026-09-08T19:00+08:00,2026-09-08T19:05+08:00,0.23,36.09,ALGORITHM_CANDIDATE,CONFIRMED,0.740,v1,,2026-10-05T23:25:49.303004+08:00,2026-10-05T23:28:07.630117+08:00
7641,1,60,40,2026-09-08T19:10+08:00,2026-09-08T19:25+08:00,1.87,36.22,ALGORITHM_CANDIDATE,CONFIRMED,0.735,v1,,2026-10-05T23:25:49.907916+08:00,2026-10-05T23:28:07.632554+08:00
6029,1,53,12,2026-09-08T19:20+08:00,2026-09-08T19:35+08:00,3.26,35.78,DATAGEN,CONFIRMED,0.949,v1,,2026-10-05T23:25:49.127388+08:00,2026-10-05T23:28:07.634932+08:00
7033,1,57,28,2026-09-08T19:45+08:00,2026-09-08T20:10+08:00,2.98,36.33,ALGORITHM_CANDIDATE,CONFIRMED,0.761,v1,,2026-10-05T23:25:49.605531+08:00,2026-10-05T23:28:07.637264+08:00
6879,1,57,28,2026-09-08T19:55+08:00,2026-09-08T20:10+08:00,2.08,36.33,DATAGEN,CONFIRMED,0.964,v1,,2026-10-05T23:25:49.58163+08:00,2026-10-05T23:28:07.639873+08:00
7314,1,59,36,2026-09-08T20:00+08:00,2026-09-08T20:20+08:00,3.80,35.23,DATAGEN,CONFIRMED,1.000,v1,,2026-10-05T23:25:49.780116+08:00,2026-10-05T23:28:07.642548+08:00
5598,1,51,4,2026-09-08T20:05+08:00,2026-09-08T20:25+08:00,2.39,36.39,DATAGEN,CONFIRMED,0.855,v1,,2026-10-05T23:25:48.861731+08:00,2026-10-05T23:28:07.645154+08:00
7699,1,55,20,2026-09-08T20:30+08:00,2026-09-08T20:50+08:00,2.69,36.28,DATAGEN,CONFIRMED,0.847,v1,,2026-10-05T23:31:33.74703+08:00,2026-10-05T23:31:33.74703+08:00
6880,1,57,28,2026-09-08T20:50+08:00,2026-09-08T21:00+08:00,2.27,35.49,DATAGEN,CONFIRMED,1.000,v1,,2026-10-05T23:25:49.581816+08:00,2026-10-05T23:28:07.650389+08:00
7526,1,60,40,2026-09-08T20:50+08:00,2026-09-08T21:00+08:00,2.63,35.63,DATAGEN,CONFIRMED,0.907,v1,,2026-10-05T23:25:49.89026+08:00,2026-10-05T23:28:07.653464+08:00
7456,1,59,36,2026-09-09T06:00+08:00,2026-09-09T06:20+08:00,2.94,35.54,ALGORITHM_CANDIDATE,CONFIRMED,0.718,v1,,2026-10-05T23:25:49.801324+08:00,2026-10-05T23:28:07.657453+08:00
7315,1,59,36,2026-09-09T06:10+08:00,2026-09-09T06:20+08:00,1.45,35.54,DATAGEN,CONFIRMED,0.935,v1,,2026-10-05T23:25:49.780279+08:00,2026-10-05T23:28:07.660178+08:00
5819,1,52,8,2026-09-09T06:15+08:00,2026-09-09T06:40+08:00,3.10,35.34,DATAGEN,CONFIRMED,0.990,v1,,2026-10-05T23:25:49.001698+08:00,2026-10-05T23:28:07.662766+08:00
7090,1,58,32,2026-09-09T06:20+08:00,2026-09-09T06:45+08:00,3.41,35.17,DATAGEN,CONFIRMED,0.991,v1,,2026-10-05T23:25:49.680252+08:00,2026-10-05T23:28:07.665337+08:00
5599,1,51,4,2026-09-09T06:45+08:00,2026-09-09T07:10+08:00,3.16,35.51,DATAGEN,CONFIRMED,0.979,v1,,2026-10-05T23:25:48.862042+08:00,2026-10-05T23:28:07.667798+08:00
6255,1,54,16,2026-09-09T06:45+08:00,2026-09-09T07:00+08:00,3.41,35.27,DATAGEN,CONFIRMED,1.000,v1,,2026-10-05T23:25:49.279342+08:00,2026-10-05T23:28:07.670202+08:00
6665,1,56,24,2026-09-09T06:45+08:00,2026-09-09T07:00+08:00,3.38,35.02,DATAGEN,CONFIRMED,0.999,v1,,2026-10-05T23:25:49.485468+08:00,2026-10-05T23:28:07.672601+08:00
7527,1,60,40,2026-09-09T06:45+08:00,2026-09-09T07:00+08:00,3.09,35.44,DATAGEN,CONFIRMED,1.000,v1,,2026-10-05T23:25:49.890433+08:00,2026-10-05T23:28:07.675065+08:00
7700,1,55,20,2026-09-09T06:50+08:00,2026-09-09T07:20+08:00,3.43,35.17,DATAGEN,CONFIRMED,1.000,v1,,2026-10-05T23:31:33.747176+08:00,2026-10-05T23:31:33.747176+08:00
7858,1,55,20,2026-09-09T07:10+08:00,2026-09-09T07:20+08:00,0.58,35.17,ALGORITHM_CANDIDATE,REJECTED,0.828,v1,,2026-10-05T23:31:33.770338+08:00,2026-10-05T23:31:33.770338+08:00
7457,1,59,36,2026-09-09T07:20+08:00,2026-09-09T07:30+08:00,1.63,35.22,ALGORITHM_CANDIDATE,CONFIRMED,0.801,v1,,2026-10-05T23:25:49.80157+08:00,2026-10-05T23:28:07.682819+08:00
7316,1,59,36,2026-09-09T07:25+08:00,2026-09-09T07:30+08:00,0.78,35.22,DATAGEN,CONFIRMED,0.961,v1,,2026-10-05T23:25:49.780437+08:00,2026-10-05T23:28:07.685373+08:00
5820,1,52,8,2026-09-09T08:15+08:00,2026-09-09T08:25+08:00,2.59,35.16,DATAGEN,CONFIRMED,1.000,v1,,2026-10-05T23:25:49.001916+08:00,2026-10-05T23:28:07.687948+08:00
6881,1,57,28,2026-09-09T08:15+08:00,2026-09-09T08:45+08:00,3.46,35.05,DATAGEN,CONFIRMED,1.000,v1,,2026-10-05T23:25:49.581987+08:00,2026-10-05T23:28:07.69043+08:00
5600,1,51,4,2026-09-09T08:30+08:00,2026-09-09T08:50+08:00,2.75,35.07,DATAGEN,CONFIRMED,1.000,v1,,2026-10-05T23:25:48.862341+08:00,2026-10-05T23:28:07.692841+08:00
6666,1,56,24,2026-09-09T08:45+08:00,2026-09-09T09:00+08:00,2.42,35.21,DATAGEN,CONFIRMED,0.967,v1,,2026-10-05T23:25:49.485629+08:00,2026-10-05T23:28:07.695208+08:00
7317,1,59,36,2026-09-09T08:45+08:00,2026-09-09T08:55+08:00,1.05,35.04,DATAGEN,CONFIRMED,1.000,v1,,2026-10-05T23:25:49.780604+08:00,2026-10-05T23:28:07.697674+08:00
6391,1,54,16,2026-09-09T09:00+08:00,2026-09-09T09:15+08:00,2.52,35.71,ALGORITHM_CANDIDATE,CONFIRMED,0.688,v1,,2026-10-05T23:25:49.30314+08:00,2026-10-05T23:28:07.700212+08:00
7091,1,58,32,2026-09-09T09:05+08:00,2026-09-09T09:30+08:00,2.79,35.16,DATAGEN,CONFIRMED,0.899,v1,,2026-10-05T23:25:49.680545+08:00,2026-10-05T23:28:07.702767+08:00
6256,1,54,16,2026-09-09T09:10+08:00,2026-09-09T09:15+08:00,0.50,35.71,DATAGEN,CONFIRMED,0.878,v1,,2026-10-05T23:25:49.279499+08:00,2026-10-05T23:28:07.708694+08:00
6030,1,53,12,2026-09-09T09:15+08:00,2026-09-09T09:35+08:00,3.37,35.07,DATAGEN,CONFIRMED,1.000,v1,,2026-10-05T23:25:49.127597+08:00,2026-10-05T23:28:07.711387+08:00
6257,1,54,16,2026-09-09T09:40+08:00,2026-09-09T09:50+08:00,1.09,35.29,DATAGEN,CONFIRMED,0.972,v1,,2026-10-05T23:25:49.279659+08:00,2026-10-05T23:28:07.713789+08:00
5821,1,52,8,2026-09-09T10:05+08:00,2026-09-09T10:30+08:00,2.47,35.16,DATAGEN,CONFIRMED,1.000,v1,,2026-10-05T23:25:49.002141+08:00,2026-10-05T23:28:07.716227+08:00
5962,1,52,8,2026-09-09T10:20+08:00,2026-09-09T10:30+08:00,0.33,35.16,ALGORITHM_CANDIDATE,REJECTED,0.758,v1,,2026-10-05T23:25:49.030101+08:00,2026-10-05T23:28:07.718606+08:00
6258,1,54,16,2026-09-09T10:25+08:00,2026-09-09T10:40+08:00,1.61,35.03,DATAGEN,CONFIRMED,1.000,v1,,2026-10-05T23:25:49.279819+08:00,2026-10-05T23:28:07.721047+08:00
6392,1,54,16,2026-09-09T10:30+08:00,2026-09-09T10:40+08:00,0.56,35.03,ALGORITHM_CANDIDATE,CONFIRMED,0.822,v1,,2026-10-05T23:25:49.30331+08:00,2026-10-05T23:28:07.723484+08:00
6817,1,56,24,2026-09-09T10:40+08:00,2026-09-09T11:15+08:00,2.25,35.22,ALGORITHM_CANDIDATE,REJECTED,0.778,v1,,2026-10-05T23:25:49.507364+08:00,2026-10-05T23:28:07.7259+08:00
5601,1,51,4,2026-09-09T10:45+08:00,2026-09-09T11:00+08:00,3.09,35.29,DATAGEN,CONFIRMED,1.000,v1,,2026-10-05T23:25:48.862625+08:00,2026-10-05T23:28:07.728263+08:00
6667,1,56,24,2026-09-09T10:45+08:00,2026-09-09T11:15+08:00,1.88,35.22,DATAGEN,REJECTED,0.965,v1,,2026-10-05T23:25:49.485794+08:00,2026-10-05T23:28:07.730732+08:00
7092,1,58,32,2026-09-09T11:00+08:00,2026-09-09T11:15+08:00,1.72,35.60,DATAGEN,CONFIRMED,0.919,v1,,2026-10-05T23:25:49.680714+08:00,2026-10-05T23:28:07.7332+08:00
7250,1,58,32,2026-09-09T11:10+08:00,2026-09-09T11:15+08:00,0.27,35.60,ALGORITHM_CANDIDATE,REJECTED,0.736,v1,,2026-10-05T23:25:49.704921+08:00,2026-10-05T23:28:07.735777+08:00
5602,1,51,4,2026-09-09T11:20+08:00,2026-09-09T11:35+08:00,1.15,35.15,DATAGEN,CONFIRMED,1.000,v1,,2026-10-05T23:25:48.862908+08:00,2026-10-05T23:28:07.738051+08:00
7318,1,59,36,2026-09-09T11:25+08:00,2026-09-09T11:45+08:00,2.92,35.16,DATAGEN,CONFIRMED,0.999,v1,,2026-10-05T23:25:49.780788+08:00,2026-10-05T23:28:07.740333+08:00
6668,1,56,24,2026-09-09T11:50+08:00,2026-09-09T12:05+08:00,1.24,35.04,DATAGEN,REJECTED,0.995,v1,,2026-10-05T23:25:49.485956+08:00,2026-10-05T23:28:07.742542+08:00
6818,1,56,24,2026-09-09T11:55+08:00,2026-09-09T12:05+08:00,0.44,35.04,ALGORITHM_CANDIDATE,REJECTED,0.784,v1,,2026-10-05T23:25:49.507462+08:00,2026-10-05T23:28:07.744809+08:00
7528,1,60,40,2026-09-09T12:05+08:00,2026-09-09T12:25+08:00,3.62,35.02,DATAGEN,CONFIRMED,1.000,v1,,2026-10-05T23:25:49.890589+08:00,2026-10-05T23:28:07.747148+08:00
7093,1,58,32,2026-09-09T12:10+08:00,2026-09-09T12:25+08:00,1.58,35.74,DATAGEN,CONFIRMED,0.896,v1,,2026-10-05T23:25:49.680892+08:00,2026-10-05T23:28:07.749485+08:00
6669,1,56,24,2026-09-09T12:45+08:00,2026-09-09T13:00+08:00,1.42,35.18,DATAGEN,CONFIRMED,0.972,v1,,2026-10-05T23:25:49.486116+08:00,2026-10-05T23:28:07.751791+08:00
6882,1,57,28,2026-09-09T13:00+08:00,2026-09-09T13:15+08:00,2.50,35.96,DATAGEN,CONFIRMED,0.944,v1,,2026-10-05T23:25:49.582153+08:00,2026-10-05T23:28:07.754144+08:00
7094,1,58,32,2026-09-09T13:00+08:00,2026-09-09T13:10+08:00,1.37,35.51,DATAGEN,CONFIRMED,0.934,v1,,2026-10-05T23:25:49.68105+08:00,2026-10-05T23:28:07.75661+08:00
6031,1,53,12,2026-09-09T13:10+08:00,2026-09-09T13:35+08:00,2.61,35.99,DATAGEN,CONFIRMED,0.968,v1,,2026-10-05T23:25:49.127802+08:00,2026-10-05T23:28:07.758951+08:00
7251,1,58,32,2026-09-09T13:15+08:00,2026-09-09T13:25+08:00,0.23,35.68,ALGORITHM_CANDIDATE,CONFIRMED,0.667,v1,,2026-10-05T23:25:49.705057+08:00,2026-10-05T23:28:07.761337+08:00
6189,1,53,12,2026-09-09T13:30+08:00,2026-09-09T13:35+08:00,0.24,35.99,ALGORITHM_CANDIDATE,REJECTED,0.768,v1,,2026-10-05T23:25:49.161637+08:00,2026-10-05T23:28:07.765057+08:00
5822,1,52,8,2026-09-09T13:55+08:00,2026-09-09T14:20+08:00,2.98,35.59,DATAGEN,CONFIRMED,0.948,v1,,2026-10-05T23:25:49.002438+08:00,2026-10-05T23:28:07.76754+08:00
6883,1,57,28,2026-09-09T14:05+08:00,2026-09-09T14:15+08:00,2.82,35.16,DATAGEN,CONFIRMED,1.000,v1,,2026-10-05T23:25:49.582322+08:00,2026-10-05T23:28:07.769911+08:00
6393,1,54,16,2026-09-09T14:10+08:00,2026-09-09T14:30+08:00,3.39,35.43,ALGORITHM_CANDIDATE,CONFIRMED,0.803,v1,,2026-10-05T23:25:49.303446+08:00,2026-10-05T23:28:07.772317+08:00
6259,1,54,16,2026-09-09T14:15+08:00,2026-09-09T14:30+08:00,2.75,35.43,DATAGEN,CONFIRMED,0.952,v1,,2026-10-05T23:25:49.279985+08:00,2026-10-05T23:28:07.774667+08:00
5823,1,52,8,2026-09-09T14:50+08:00,2026-09-09T15:00+08:00,1.30,35.24,DATAGEN,CONFIRMED,1.000,v1,,2026-10-05T23:25:49.002669+08:00,2026-10-05T23:28:07.777243+08:00
7458,1,59,36,2026-09-09T15:05+08:00,2026-09-09T15:25+08:00,2.64,36.12,ALGORITHM_CANDIDATE,CONFIRMED,0.671,v1,,2026-10-05T23:25:49.801701+08:00,2026-10-05T23:28:07.780071+08:00
7319,1,59,36,2026-09-09T15:10+08:00,2026-09-09T15:25+08:00,1.92,36.12,DATAGEN,CONFIRMED,0.839,v1,,2026-10-05T23:25:49.780948+08:00,2026-10-05T23:28:07.782487+08:00
6260,1,54,16,2026-09-09T15:15+08:00,2026-09-09T15:25+08:00,1.77,35.77,DATAGEN,CONFIRMED,0.923,v1,,2026-10-05T23:25:49.280145+08:00,2026-10-05T23:28:07.784906+08:00
5603,1,51,4,2026-09-09T15:45+08:00,2026-09-09T16:05+08:00,3.01,36.01,DATAGEN,CONFIRMED,0.901,v1,,2026-10-05T23:25:48.863192+08:00,2026-10-05T23:28:07.787244+08:00
6670,1,56,24,2026-09-09T15:50+08:00,2026-09-09T16:05+08:00,2.48,35.68,DATAGEN,CONFIRMED,0.889,v1,,2026-10-05T23:25:49.486275+08:00,2026-10-05T23:28:07.789548+08:00
7095,1,58,32,2026-09-09T15:50+08:00,2026-09-09T16:15+08:00,2.87,35.90,DATAGEN,CONFIRMED,0.869,v1,,2026-10-05T23:25:49.681223+08:00,2026-10-05T23:28:07.791907+08:00
7701,1,55,20,2026-09-09T16:15+08:00,2026-09-09T16:30+08:00,3.71,35.39,DATAGEN,CONFIRMED,1.000,v1,,2026-10-05T23:31:33.747325+08:00,2026-10-05T23:31:33.747325+08:00
5604,1,51,4,2026-09-09T16:25+08:00,2026-09-09T16:35+08:00,0.83,36.14,DATAGEN,CONFIRMED,0.780,v1,,2026-10-05T23:25:48.863472+08:00,2026-10-05T23:28:07.796678+08:00
7459,1,59,36,2026-09-09T16:25+08:00,2026-09-09T16:40+08:00,1.72,36.24,ALGORITHM_CANDIDATE,CONFIRMED,0.816,v1,,2026-10-05T23:25:49.80183+08:00,2026-10-05T23:28:07.799014+08:00
6394,1,54,16,2026-09-09T16:35+08:00,2026-09-09T16:45+08:00,1.37,36.40,ALGORITHM_CANDIDATE,CONFIRMED,0.782,v1,,2026-10-05T23:25:49.303578+08:00,2026-10-05T23:28:07.801312+08:00
5824,1,52,8,2026-09-09T16:40+08:00,2026-09-09T16:50+08:00,2.49,35.94,DATAGEN,CONFIRMED,0.890,v1,,2026-10-05T23:25:49.002901+08:00,2026-10-05T23:28:07.803689+08:00
6032,1,53,12,2026-09-09T17:15+08:00,2026-09-09T17:40+08:00,3.58,35.40,DATAGEN,CONFIRMED,1.000,v1,,2026-10-05T23:25:49.128006+08:00,2026-10-05T23:28:07.80607+08:00
6671,1,56,24,2026-09-09T17:20+08:00,2026-09-09T17:35+08:00,2.05,35.78,DATAGEN,CONFIRMED,0.872,v1,,2026-10-05T23:25:49.486433+08:00,2026-10-05T23:28:07.808352+08:00
5825,1,52,8,2026-09-09T17:30+08:00,2026-09-09T17:40+08:00,1.81,35.90,DATAGEN,CONFIRMED,0.897,v1,,2026-10-05T23:25:49.00312+08:00,2026-10-05T23:28:07.810682+08:00
6261,1,54,16,2026-09-09T17:30+08:00,2026-09-09T17:40+08:00,1.72,36.24,DATAGEN,CONFIRMED,0.802,v1,,2026-10-05T23:25:49.280302+08:00,2026-10-05T23:28:07.812964+08:00
6395,1,54,16,2026-09-09T17:35+08:00,2026-09-09T17:40+08:00,0.17,36.24,ALGORITHM_CANDIDATE,CONFIRMED,0.606,v1,,2026-10-05T23:25:49.303709+08:00,2026-10-05T23:28:07.815159+08:00
5605,1,51,4,2026-09-09T17:40+08:00,2026-09-09T17:55+08:00,2.82,35.67,DATAGEN,CONFIRMED,0.958,v1,,2026-10-05T23:25:48.863762+08:00,2026-10-05T23:28:07.817424+08:00
7096,1,58,32,2026-09-09T17:40+08:00,2026-09-09T17:55+08:00,2.49,35.57,DATAGEN,CONFIRMED,0.924,v1,,2026-10-05T23:25:49.681383+08:00,2026-10-05T23:28:07.819852+08:00
7702,1,55,20,2026-09-09T17:45+08:00,2026-09-09T18:00+08:00,2.49,35.71,DATAGEN,CONFIRMED,1.000,v1,,2026-10-05T23:31:33.747479+08:00,2026-10-05T23:31:33.747479+08:00
5826,1,52,8,2026-09-09T18:10+08:00,2026-09-09T18:25+08:00,1.38,35.68,DATAGEN,CONFIRMED,0.933,v1,,2026-10-05T23:25:49.003374+08:00,2026-10-05T23:28:07.82466+08:00
7460,1,59,36,2026-09-09T18:15+08:00,2026-09-09T18:30+08:00,2.27,36.35,ALGORITHM_CANDIDATE,CONFIRMED,0.675,v1,,2026-10-05T23:25:49.801963+08:00,2026-10-05T23:28:07.827032+08:00
6884,1,57,28,2026-09-09T18:25+08:00,2026-09-09T18:40+08:00,3.36,35.77,DATAGEN,CONFIRMED,0.990,v1,,2026-10-05T23:25:49.582497+08:00,2026-10-05T23:28:07.829365+08:00
6672,1,56,24,2026-09-09T18:30+08:00,2026-09-09T18:45+08:00,2.65,35.46,DATAGEN,CONFIRMED,0.925,v1,,2026-10-05T23:25:49.486594+08:00,2026-10-05T23:28:07.831697+08:00
7034,1,57,28,2026-09-09T18:35+08:00,2026-09-09T18:40+08:00,0.16,35.77,ALGORITHM_CANDIDATE,CONFIRMED,0.746,v1,,2026-10-05T23:25:49.605677+08:00,2026-10-05T23:28:07.834198+08:00
6262,1,54,16,2026-09-09T19:05+08:00,2026-09-09T19:20+08:00,2.76,35.58,DATAGEN,CONFIRMED,0.955,v1,,2026-10-05T23:25:49.280459+08:00,2026-10-05T23:28:07.83659+08:00
7529,1,60,40,2026-09-09T19:25+08:00,2026-09-09T19:50+08:00,3.72,35.52,DATAGEN,CONFIRMED,1.000,v1,,2026-10-05T23:25:49.890751+08:00,2026-10-05T23:28:07.841088+08:00
5606,1,51,4,2026-09-09T19:35+08:00,2026-09-09T19:55+08:00,2.66,36.00,DATAGEN,CONFIRMED,0.903,v1,,2026-10-05T23:25:48.864051+08:00,2026-10-05T23:28:07.843822+08:00
7461,1,59,36,2026-09-09T20:15+08:00,2026-09-09T20:30+08:00,2.15,36.18,ALGORITHM_CANDIDATE,CONFIRMED,0.740,v1,,2026-10-05T23:25:49.802091+08:00,2026-10-05T23:28:07.846279+08:00
7097,1,58,32,2026-09-09T20:20+08:00,2026-09-09T20:35+08:00,2.61,36.08,DATAGEN,CONFIRMED,0.839,v1,,2026-10-05T23:25:49.681549+08:00,2026-10-05T23:28:07.84866+08:00
5760,1,51,4,2026-09-09T20:30+08:00,2026-09-09T20:35+08:00,0.63,36.66,ALGORITHM_CANDIDATE,CONFIRMED,0.793,v1,,2026-10-05T23:25:48.90737+08:00,2026-10-05T23:28:07.850957+08:00
7530,1,60,40,2026-09-09T21:00+08:00,2026-09-09T21:10+08:00,2.60,35.79,DATAGEN,CONFIRMED,0.998,v1,,2026-10-05T23:25:49.890909+08:00,2026-10-05T23:28:07.853753+08:00
5827,1,52,8,2026-09-10T06:05+08:00,2026-09-10T06:30+08:00,3.52,35.09,DATAGEN,CONFIRMED,1.000,v1,,2026-10-05T23:25:49.003637+08:00,2026-10-05T23:28:07.856469+08:00
6263,1,54,16,2026-09-10T06:05+08:00,2026-09-10T06:25+08:00,3.44,35.26,DATAGEN,CONFIRMED,1.000,v1,,2026-10-05T23:25:49.280619+08:00,2026-10-05T23:28:07.859121+08:00
5607,1,51,4,2026-09-10T06:20+08:00,2026-09-10T06:35+08:00,2.86,35.86,DATAGEN,CONFIRMED,0.959,v1,,2026-10-05T23:25:48.864327+08:00,2026-10-05T23:28:07.861867+08:00
7531,1,60,40,2026-09-10T06:20+08:00,2026-09-10T06:50+08:00,3.49,35.04,DATAGEN,CONFIRMED,1.000,v1,,2026-10-05T23:25:49.891077+08:00,2026-10-05T23:28:07.864491+08:00
6885,1,57,28,2026-09-10T07:05+08:00,2026-09-10T07:25+08:00,2.68,35.70,DATAGEN,CONFIRMED,0.938,v1,,2026-10-05T23:25:49.582681+08:00,2026-10-05T23:28:07.867042+08:00
5608,1,51,4,2026-09-10T08:00+08:00,2026-09-10T08:30+08:00,2.86,35.24,DATAGEN,CONFIRMED,1.000,v1,,2026-10-05T23:25:48.864606+08:00,2026-10-05T23:28:07.869841+08:00
5761,1,51,4,2026-09-10T08:15+08:00,2026-09-10T08:30+08:00,0.47,35.24,ALGORITHM_CANDIDATE,REJECTED,0.754,v1,,2026-10-05T23:25:48.90758+08:00,2026-10-05T23:28:07.876685+08:00
6673,1,56,24,2026-09-10T08:20+08:00,2026-09-10T08:45+08:00,3.01,35.46,DATAGEN,CONFIRMED,0.977,v1,,2026-10-05T23:25:49.486757+08:00,2026-10-05T23:28:07.883689+08:00
7703,1,55,20,2026-09-10T08:35+08:00,2026-09-10T08:45+08:00,2.98,35.38,DATAGEN,CONFIRMED,1.000,v1,,2026-10-05T23:31:33.747611+08:00,2026-10-05T23:31:33.747611+08:00
6264,1,54,16,2026-09-10T09:05+08:00,2026-09-10T09:20+08:00,2.95,35.43,DATAGEN,CONFIRMED,0.999,v1,,2026-10-05T23:25:49.280776+08:00,2026-10-05T23:28:07.889395+08:00
7532,1,60,40,2026-09-10T10:00+08:00,2026-09-10T10:15+08:00,2.69,35.52,DATAGEN,CONFIRMED,0.969,v1,,2026-10-05T23:25:49.891257+08:00,2026-10-05T23:28:07.891961+08:00
7098,1,58,32,2026-09-10T10:10+08:00,2026-09-10T10:30+08:00,3.44,35.02,DATAGEN,CONFIRMED,1.000,v1,,2026-10-05T23:25:49.68176+08:00,2026-10-05T23:28:07.894616+08:00
6033,1,53,12,2026-09-10T10:20+08:00,2026-09-10T10:35+08:00,3.40,35.06,DATAGEN,CONFIRMED,1.000,v1,,2026-10-05T23:25:49.128212+08:00,2026-10-05T23:28:07.897651+08:00
6886,1,57,28,2026-09-10T10:20+08:00,2026-09-10T10:30+08:00,2.74,35.47,DATAGEN,CONFIRMED,0.976,v1,,2026-10-05T23:25:49.582853+08:00,2026-10-05T23:28:07.900613+08:00
7673,1,51,4,2026-09-10T10:38+08:00,2026-09-10T10:38+08:00,,,MANUAL,CONFIRMED,1.000,manual,T6 drill: missed bout backfill,2026-10-05T23:29:26.023628+08:00,2026-10-05T23:29:26.023628+08:00
6674,1,56,24,2026-09-10T11:00+08:00,2026-09-10T11:30+08:00,2.78,35.24,DATAGEN,CONFIRMED,1.000,v1,,2026-10-05T23:25:49.486916+08:00,2026-10-05T23:28:07.905629+08:00
7704,1,55,20,2026-09-10T11:00+08:00,2026-09-10T11:25+08:00,3.11,35.15,DATAGEN,CONFIRMED,1.000,v1,,2026-10-05T23:31:33.747751+08:00,2026-10-05T23:31:33.747751+08:00
5609,1,51,4,2026-09-10T11:45+08:00,2026-09-10T12:05+08:00,2.78,35.67,DATAGEN,CONFIRMED,0.990,v1,,2026-10-05T23:25:48.864874+08:00,2026-10-05T23:28:07.908017+08:00
6265,1,54,16,2026-09-10T11:50+08:00,2026-09-10T12:15+08:00,2.41,36.06,DATAGEN,CONFIRMED,0.894,v1,,2026-10-05T23:25:49.28093+08:00,2026-10-05T23:28:07.910385+08:00
6887,1,57,28,2026-09-10T12:10+08:00,2026-09-10T12:35+08:00,2.87,35.21,DATAGEN,CONFIRMED,1.000,v1,,2026-10-05T23:25:49.583017+08:00,2026-10-05T23:28:07.912834+08:00
6266,1,54,16,2026-09-10T12:25+08:00,2026-09-10T12:35+08:00,1.34,35.01,DATAGEN,CONFIRMED,1.000,v1,,2026-10-05T23:25:49.28109+08:00,2026-10-05T23:28:07.915154+08:00
7705,1,55,20,2026-09-10T12:25+08:00,2026-09-10T12:40+08:00,1.39,36.17,DATAGEN,CONFIRMED,0.906,v1,,2026-10-05T23:31:33.747891+08:00,2026-10-05T23:31:33.747891+08:00
7859,1,55,20,2026-09-10T12:35+08:00,2026-09-10T12:40+08:00,0.16,36.17,ALGORITHM_CANDIDATE,REJECTED,0.662,v1,,2026-10-05T23:31:33.770475+08:00,2026-10-05T23:31:33.770475+08:00
6888,1,57,28,2026-09-10T13:00+08:00,2026-09-10T13:10+08:00,0.94,35.14,DATAGEN,CONFIRMED,1.000,v1,,2026-10-05T23:25:49.583175+08:00,2026-10-05T23:28:07.921794+08:00
7320,1,59,36,2026-09-10T13:15+08:00,2026-09-10T13:35+08:00,2.66,36.03,DATAGEN,CONFIRMED,0.991,v1,,2026-10-05T23:25:49.781109+08:00,2026-10-05T23:28:07.924119+08:00
7462,1,59,36,2026-09-10T13:30+08:00,2026-09-10T13:35+08:00,0.23,36.03,ALGORITHM_CANDIDATE,CONFIRMED,0.785,v1,,2026-10-05T23:25:49.802261+08:00,2026-10-05T23:28:07.926477+08:00
7706,1,55,20,2026-09-10T13:40+08:00,2026-09-10T13:55+08:00,1.71,36.13,DATAGEN,CONFIRMED,0.913,v1,,2026-10-05T23:31:33.748033+08:00,2026-10-05T23:31:33.748033+08:00
7099,1,58,32,2026-09-10T13:50+08:00,2026-09-10T14:10+08:00,3.01,35.80,DATAGEN,CONFIRMED,1.000,v1,,2026-10-05T23:25:49.681965+08:00,2026-10-05T23:28:07.933293+08:00
7860,1,55,20,2026-09-10T13:50+08:00,2026-09-10T13:55+08:00,0.21,36.13,ALGORITHM_CANDIDATE,CONFIRMED,0.696,v1,,2026-10-05T23:31:33.770609+08:00,2026-10-05T23:31:33.770609+08:00
7252,1,58,32,2026-09-10T14:05+08:00,2026-09-10T14:10+08:00,0.27,35.80,ALGORITHM_CANDIDATE,CONFIRMED,0.817,v1,,2026-10-05T23:25:49.70519+08:00,2026-10-05T23:28:07.935596+08:00
6675,1,56,24,2026-09-10T14:35+08:00,2026-09-10T15:00+08:00,3.19,35.32,DATAGEN,CONFIRMED,1.000,v1,,2026-10-05T23:25:49.487079+08:00,2026-10-05T23:28:07.937894+08:00
6889,1,57,28,2026-09-10T14:40+08:00,2026-09-10T14:55+08:00,1.71,36.20,DATAGEN,CONFIRMED,0.804,v1,,2026-10-05T23:25:49.583336+08:00,2026-10-05T23:28:07.940154+08:00
7533,1,60,40,2026-09-10T14:45+08:00,2026-09-10T15:00+08:00,3.64,35.16,DATAGEN,CONFIRMED,1.000,v1,,2026-10-05T23:25:49.891434+08:00,2026-10-05T23:28:07.942536+08:00
5828,1,52,8,2026-09-10T14:50+08:00,2026-09-10T15:10+08:00,2.81,36.04,DATAGEN,CONFIRMED,0.938,v1,,2026-10-05T23:25:49.003894+08:00,2026-10-05T23:28:07.944884+08:00
6396,1,54,16,2026-09-10T15:00+08:00,2026-09-10T15:20+08:00,2.88,35.78,ALGORITHM_CANDIDATE,CONFIRMED,0.752,v1,,2026-10-05T23:25:49.303841+08:00,2026-10-05T23:28:07.948078+08:00
6267,1,54,16,2026-09-10T15:05+08:00,2026-09-10T15:20+08:00,2.22,35.78,DATAGEN,CONFIRMED,0.941,v1,,2026-10-05T23:25:49.281248+08:00,2026-10-05T23:28:07.951412+08:00
6890,1,57,28,2026-09-10T15:40+08:00,2026-09-10T15:55+08:00,1.87,35.59,DATAGEN,CONFIRMED,0.956,v1,,2026-10-05T23:25:49.583496+08:00,2026-10-05T23:28:07.953743+08:00
6034,1,53,12,2026-09-10T16:15+08:00,2026-09-10T16:35+08:00,3.14,35.76,DATAGEN,CONFIRMED,0.980,v1,,2026-10-05T23:25:49.128418+08:00,2026-10-05T23:28:07.955943+08:00
6268,1,54,16,2026-09-10T16:15+08:00,2026-09-10T16:25+08:00,2.17,35.36,DATAGEN,CONFIRMED,1.000,v1,,2026-10-05T23:25:49.281426+08:00,2026-10-05T23:28:07.958154+08:00
7861,1,55,20,2026-09-10T16:30+08:00,2026-09-10T16:45+08:00,3.03,36.01,ALGORITHM_CANDIDATE,CONFIRMED,0.755,v1,,2026-10-05T23:31:33.770741+08:00,2026-10-05T23:31:33.770741+08:00
7707,1,55,20,2026-09-10T16:40+08:00,2026-09-10T16:45+08:00,1.36,36.01,DATAGEN,CONFIRMED,0.933,v1,,2026-10-05T23:31:33.748177+08:00,2026-10-05T23:31:33.748177+08:00
7100,1,58,32,2026-09-10T16:50+08:00,2026-09-10T17:05+08:00,2.98,35.78,DATAGEN,CONFIRMED,1.000,v1,,2026-10-05T23:25:49.682177+08:00,2026-10-05T23:28:07.96554+08:00
7642,1,60,40,2026-09-10T16:50+08:00,2026-09-10T17:10+08:00,2.53,35.78,ALGORITHM_CANDIDATE,CONFIRMED,0.733,v1,,2026-10-05T23:25:49.908047+08:00,2026-10-05T23:28:07.968026+08:00
6676,1,56,24,2026-09-10T16:55+08:00,2026-09-10T17:05+08:00,2.36,35.67,DATAGEN,CONFIRMED,0.942,v1,,2026-10-05T23:25:49.487245+08:00,2026-10-05T23:28:07.97041+08:00
6891,1,57,28,2026-09-10T16:55+08:00,2026-09-10T17:10+08:00,1.98,35.71,DATAGEN,CONFIRMED,0.930,v1,,2026-10-05T23:25:49.583658+08:00,2026-10-05T23:28:07.972726+08:00
7534,1,60,40,2026-09-10T16:55+08:00,2026-09-10T17:10+08:00,1.77,35.78,DATAGEN,CONFIRMED,0.920,v1,,2026-10-05T23:25:49.891589+08:00,2026-10-05T23:28:07.975249+08:00
5610,1,51,4,2026-09-10T17:15+08:00,2026-09-10T17:35+08:00,3.02,36.15,DATAGEN,CONFIRMED,0.910,v1,,2026-10-05T23:25:48.865151+08:00,2026-10-05T23:28:07.977797+08:00
5829,1,52,8,2026-09-10T17:30+08:00,2026-09-10T17:45+08:00,2.71,36.04,DATAGEN,CONFIRMED,0.938,v1,,2026-10-05T23:25:49.004157+08:00,2026-10-05T23:28:07.980295+08:00
7535,1,60,40,2026-09-10T17:45+08:00,2026-09-10T18:00+08:00,1.31,35.97,DATAGEN,CONFIRMED,0.894,v1,,2026-10-05T23:25:49.891747+08:00,2026-10-05T23:28:07.982693+08:00
6892,1,57,28,2026-09-10T17:50+08:00,2026-09-10T18:10+08:00,1.58,36.22,DATAGEN,CONFIRMED,0.851,v1,,2026-10-05T23:25:49.583835+08:00,2026-10-05T23:28:07.985137+08:00
7708,1,55,20,2026-09-10T18:00+08:00,2026-09-10T18:15+08:00,1.98,36.01,DATAGEN,CONFIRMED,0.933,v1,,2026-10-05T23:31:33.74832+08:00,2026-10-05T23:31:33.74832+08:00
7321,1,59,36,2026-09-10T18:05+08:00,2026-09-10T18:25+08:00,3.39,35.62,DATAGEN,CONFIRMED,1.000,v1,,2026-10-05T23:25:49.781287+08:00,2026-10-05T23:28:07.989781+08:00
6035,1,53,12,2026-09-10T18:20+08:00,2026-09-10T18:35+08:00,2.75,35.82,DATAGEN,CONFIRMED,0.970,v1,,2026-10-05T23:25:49.12862+08:00,2026-10-05T23:28:07.993988+08:00
7536,1,60,40,2026-09-10T18:30+08:00,2026-09-10T18:40+08:00,1.66,35.55,DATAGEN,CONFIRMED,0.964,v1,,2026-10-05T23:25:49.891905+08:00,2026-10-05T23:28:07.997842+08:00
7101,1,58,32,2026-09-10T18:50+08:00,2026-09-10T19:05+08:00,2.53,36.13,DATAGEN,CONFIRMED,0.952,v1,,2026-10-05T23:25:49.682357+08:00,2026-10-05T23:28:08.000533+08:00
7709,1,55,20,2026-09-10T19:00+08:00,2026-09-10T19:10+08:00,0.99,36.30,DATAGEN,CONFIRMED,0.862,v1,,2026-10-05T23:31:33.748464+08:00,2026-10-05T23:31:33.748464+08:00
6036,1,53,12,2026-09-10T19:30+08:00,2026-09-10T19:35+08:00,0.73,36.36,DATAGEN,CONFIRMED,0.880,v1,,2026-10-05T23:25:49.128871+08:00,2026-10-05T23:28:08.005434+08:00
5611,1,51,4,2026-09-10T19:40+08:00,2026-09-10T20:00+08:00,2.19,36.45,DATAGEN,CONFIRMED,0.860,v1,,2026-10-05T23:25:48.865431+08:00,2026-10-05T23:28:08.007795+08:00
6269,1,54,16,2026-09-10T20:05+08:00,2026-09-10T20:20+08:00,3.22,36.00,DATAGEN,CONFIRMED,0.904,v1,,2026-10-05T23:25:49.281604+08:00,2026-10-05T23:28:08.010278+08:00
6677,1,56,24,2026-09-10T20:05+08:00,2026-09-10T20:30+08:00,3.36,35.42,DATAGEN,CONFIRMED,0.984,v1,,2026-10-05T23:25:49.487403+08:00,2026-10-05T23:28:08.01265+08:00
5830,1,52,8,2026-09-10T20:20+08:00,2026-09-10T20:35+08:00,2.53,36.03,DATAGEN,CONFIRMED,0.939,v1,,2026-10-05T23:25:49.004432+08:00,2026-10-05T23:28:08.014946+08:00
6037,1,53,12,2026-09-10T20:40+08:00,2026-09-10T20:55+08:00,2.97,35.48,DATAGEN,CONFIRMED,1.000,v1,,2026-10-05T23:25:49.129045+08:00,2026-10-05T23:28:08.017543+08:00
5612,1,51,4,2026-09-10T20:50+08:00,2026-09-10T21:05+08:00,1.70,36.13,DATAGEN,CONFIRMED,0.914,v1,,2026-10-05T23:25:48.865711+08:00,2026-10-05T23:28:08.0205+08:00
7322,1,59,36,2026-09-10T20:50+08:00,2026-09-10T21:05+08:00,2.84,36.00,DATAGEN,CONFIRMED,0.996,v1,,2026-10-05T23:25:49.781443+08:00,2026-10-05T23:28:08.023313+08:00
7537,1,60,40,2026-09-10T20:55+08:00,2026-09-10T21:10+08:00,3.20,35.75,DATAGEN,CONFIRMED,0.930,v1,,2026-10-05T23:25:49.892064+08:00,2026-10-05T23:28:08.025872+08:00
7643,1,60,40,2026-09-10T21:05+08:00,2026-09-10T21:10+08:00,0.28,35.75,ALGORITHM_CANDIDATE,CONFIRMED,0.753,v1,,2026-10-05T23:25:49.908187+08:00,2026-10-05T23:28:08.028307+08:00
6678,1,56,24,2026-09-10T21:10+08:00,2026-09-10T21:15+08:00,0.74,36.02,DATAGEN,CONFIRMED,0.884,v1,,2026-10-05T23:25:49.487567+08:00,2026-10-05T23:28:08.030685+08:00
5831,1,52,8,2026-09-11T06:20+08:00,2026-09-11T06:35+08:00,3.01,35.44,DATAGEN,CONFIRMED,0.987,v1,,2026-10-05T23:25:49.004691+08:00,2026-10-05T23:28:08.033012+08:00
7035,1,57,28,2026-09-11T06:25+08:00,2026-09-11T06:55+08:00,3.33,35.36,ALGORITHM_CANDIDATE,CONFIRMED,0.805,v1,,2026-10-05T23:25:49.605798+08:00,2026-10-05T23:28:08.035468+08:00
7323,1,59,36,2026-09-11T06:25+08:00,2026-09-11T07:00+08:00,3.08,35.39,DATAGEN,CONFIRMED,0.995,v1,,2026-10-05T23:25:49.781601+08:00,2026-10-05T23:28:08.037885+08:00
7862,1,55,20,2026-09-11T06:30+08:00,2026-09-11T06:50+08:00,2.94,35.63,ALGORITHM_CANDIDATE,CONFIRMED,0.787,v1,,2026-10-05T23:31:33.770873+08:00,2026-10-05T23:31:33.770873+08:00
6893,1,57,28,2026-09-11T06:35+08:00,2026-09-11T07:05+08:00,2.38,35.24,DATAGEN,CONFIRMED,1.000,v1,,2026-10-05T23:25:49.584013+08:00,2026-10-05T23:28:08.045469+08:00
7710,1,55,20,2026-09-11T06:35+08:00,2026-09-11T06:50+08:00,2.15,35.63,DATAGEN,CONFIRMED,0.977,v1,,2026-10-05T23:31:33.748626+08:00,2026-10-05T23:31:33.748626+08:00
6190,1,53,12,2026-09-11T06:45+08:00,2026-09-11T07:10+08:00,3.53,35.01,ALGORITHM_CANDIDATE,CONFIRMED,0.827,v1,,2026-10-05T23:25:49.161763+08:00,2026-10-05T23:28:08.048061+08:00
6038,1,53,12,2026-09-11T06:50+08:00,2026-09-11T07:10+08:00,3.21,35.01,DATAGEN,CONFIRMED,0.936,v1,,2026-10-05T23:25:49.129219+08:00,2026-10-05T23:28:08.050652+08:00
5613,1,51,4,2026-09-11T07:15+08:00,2026-09-11T07:35+08:00,2.92,35.71,DATAGEN,CONFIRMED,0.944,v1,,2026-10-05T23:25:48.865973+08:00,2026-10-05T23:28:08.05306+08:00
7538,1,60,40,2026-09-11T07:20+08:00,2026-09-11T07:50+08:00,3.57,35.01,DATAGEN,CONFIRMED,1.000,v1,,2026-10-05T23:25:49.892224+08:00,2026-10-05T23:28:08.055471+08:00
6270,1,54,16,2026-09-11T07:30+08:00,2026-09-11T07:50+08:00,2.87,35.86,DATAGEN,CONFIRMED,1.000,v1,,2026-10-05T23:25:49.281768+08:00,2026-10-05T23:28:08.05775+08:00
6679,1,56,24,2026-09-11T07:35+08:00,2026-09-11T07:55+08:00,3.31,35.06,DATAGEN,CONFIRMED,1.000,v1,,2026-10-05T23:25:49.487734+08:00,2026-10-05T23:28:08.060384+08:00
7644,1,60,40,2026-09-11T07:40+08:00,2026-09-11T07:50+08:00,0.38,35.01,ALGORITHM_CANDIDATE,REJECTED,0.772,v1,,2026-10-05T23:25:49.908322+08:00,2026-10-05T23:28:08.063055+08:00
6397,1,54,16,2026-09-11T07:45+08:00,2026-09-11T07:50+08:00,0.24,35.86,ALGORITHM_CANDIDATE,CONFIRMED,0.800,v1,,2026-10-05T23:25:49.303972+08:00,2026-10-05T23:28:08.065692+08:00
7711,1,55,20,2026-09-11T08:00+08:00,2026-09-11T08:20+08:00,1.96,35.35,DATAGEN,CONFIRMED,1.000,v1,,2026-10-05T23:31:33.748764+08:00,2026-10-05T23:31:33.748764+08:00
6039,1,53,12,2026-09-11T08:25+08:00,2026-09-11T08:45+08:00,2.29,35.09,DATAGEN,CONFIRMED,1.000,v1,,2026-10-05T23:25:49.129389+08:00,2026-10-05T23:28:08.070689+08:00
6894,1,57,28,2026-09-11T08:30+08:00,2026-09-11T08:40+08:00,1.45,35.84,DATAGEN,CONFIRMED,0.947,v1,,2026-10-05T23:25:49.584171+08:00,2026-10-05T23:28:08.073154+08:00
6191,1,53,12,2026-09-11T08:35+08:00,2026-09-11T08:45+08:00,0.40,35.09,ALGORITHM_CANDIDATE,REJECTED,0.778,v1,,2026-10-05T23:25:49.161887+08:00,2026-10-05T23:28:08.075777+08:00
7463,1,59,36,2026-09-11T09:05+08:00,2026-09-11T09:20+08:00,2.07,35.79,ALGORITHM_CANDIDATE,CONFIRMED,0.752,v1,,2026-10-05T23:25:49.802394+08:00,2026-10-05T23:28:08.078233+08:00
6895,1,57,28,2026-09-11T09:10+08:00,2026-09-11T09:20+08:00,1.58,35.23,DATAGEN,CONFIRMED,1.000,v1,,2026-10-05T23:25:49.584335+08:00,2026-10-05T23:28:08.08065+08:00
7324,1,59,36,2026-09-11T09:10+08:00,2026-09-11T09:20+08:00,1.23,35.79,DATAGEN,CONFIRMED,0.858,v1,,2026-10-05T23:25:49.781769+08:00,2026-10-05T23:28:08.083092+08:00
7253,1,58,32,2026-09-11T09:30+08:00,2026-09-11T09:55+08:00,2.91,35.56,ALGORITHM_CANDIDATE,CONFIRMED,0.821,v1,,2026-10-05T23:25:49.705327+08:00,2026-10-05T23:28:08.085465+08:00
6040,1,53,12,2026-09-11T09:35+08:00,2026-09-11T09:55+08:00,2.01,35.02,DATAGEN,CONFIRMED,1.000,v1,,2026-10-05T23:25:49.129577+08:00,2026-10-05T23:28:08.087955+08:00
7102,1,58,32,2026-09-11T09:35+08:00,2026-09-11T09:55+08:00,2.54,35.56,DATAGEN,CONFIRMED,0.967,v1,,2026-10-05T23:25:49.68256+08:00,2026-10-05T23:28:08.090508+08:00
7325,1,59,36,2026-09-11T09:45+08:00,2026-09-11T09:55+08:00,1.82,35.05,DATAGEN,CONFIRMED,1.000,v1,,2026-10-05T23:25:49.781927+08:00,2026-10-05T23:28:08.092927+08:00
5832,1,52,8,2026-09-11T10:00+08:00,2026-09-11T10:15+08:00,3.13,35.11,DATAGEN,CONFIRMED,0.972,v1,,2026-10-05T23:25:49.004935+08:00,2026-10-05T23:28:08.095926+08:00
5762,1,51,4,2026-09-11T10:05+08:00,2026-09-11T10:35+08:00,3.18,35.02,ALGORITHM_CANDIDATE,CONFIRMED,0.827,v1,,2026-10-05T23:25:48.907789+08:00,2026-10-05T23:28:08.099346+08:00
5614,1,51,4,2026-09-11T10:10+08:00,2026-09-11T10:35+08:00,2.51,35.02,DATAGEN,CONFIRMED,1.000,v1,,2026-10-05T23:25:48.866233+08:00,2026-10-05T23:28:08.102164+08:00
5833,1,52,8,2026-09-11T11:00+08:00,2026-09-11T11:10+08:00,1.07,35.61,DATAGEN,CONFIRMED,0.958,v1,,2026-10-05T23:25:49.005185+08:00,2026-10-05T23:28:08.104721+08:00
7103,1,58,32,2026-09-11T11:05+08:00,2026-09-11T11:15+08:00,1.45,35.88,DATAGEN,CONFIRMED,0.985,v1,,2026-10-05T23:25:49.682752+08:00,2026-10-05T23:28:08.107173+08:00
5615,1,51,4,2026-09-11T11:15+08:00,2026-09-11T11:25+08:00,0.47,36.09,DATAGEN,CONFIRMED,0.764,v1,,2026-10-05T23:25:48.86654+08:00,2026-10-05T23:28:08.109751+08:00
7326,1,59,36,2026-09-11T11:35+08:00,2026-09-11T11:45+08:00,2.21,35.19,DATAGEN,CONFIRMED,1.000,v1,,2026-10-05T23:25:49.782088+08:00,2026-10-05T23:28:08.112399+08:00
6271,1,54,16,2026-09-11T12:00+08:00,2026-09-11T12:25+08:00,3.24,35.61,DATAGEN,CONFIRMED,1.000,v1,,2026-10-05T23:25:49.281934+08:00,2026-10-05T23:28:08.115186+08:00
5616,1,51,4,2026-09-11T12:05+08:00,2026-09-11T12:20+08:00,1.13,36.03,DATAGEN,CONFIRMED,0.890,v1,,2026-10-05T23:25:48.866851+08:00,2026-10-05T23:28:08.11755+08:00
7327,1,59,36,2026-09-11T12:10+08:00,2026-09-11T12:20+08:00,0.61,35.48,DATAGEN,REJECTED,0.914,v1,,2026-10-05T23:25:49.78225+08:00,2026-10-05T23:28:08.1201+08:00
5763,1,51,4,2026-09-11T12:15+08:00,2026-09-11T12:20+08:00,0.21,36.03,ALGORITHM_CANDIDATE,CONFIRMED,0.674,v1,,2026-10-05T23:25:48.907995+08:00,2026-10-05T23:28:08.122799+08:00
7712,1,55,20,2026-09-11T12:25+08:00,2026-09-11T12:50+08:00,3.24,35.42,DATAGEN,CONFIRMED,1.000,v1,,2026-10-05T23:31:33.748904+08:00,2026-10-05T23:31:33.748904+08:00
6041,1,53,12,2026-09-11T12:30+08:00,2026-09-11T12:45+08:00,3.30,35.29,DATAGEN,CONFIRMED,1.000,v1,,2026-10-05T23:25:49.129755+08:00,2026-10-05T23:28:08.127649+08:00
7539,1,60,40,2026-09-11T12:40+08:00,2026-09-11T13:10+08:00,3.70,35.07,DATAGEN,CONFIRMED,1.000,v1,,2026-10-05T23:25:49.892381+08:00,2026-10-05T23:28:08.130102+08:00
6272,1,54,16,2026-09-11T13:05+08:00,2026-09-11T13:10+08:00,1.06,36.04,DATAGEN,CONFIRMED,0.984,v1,,2026-10-05T23:25:49.282103+08:00,2026-10-05T23:28:08.132641+08:00
7645,1,60,40,2026-09-11T13:05+08:00,2026-09-11T13:10+08:00,0.25,35.07,ALGORITHM_CANDIDATE,REJECTED,0.806,v1,,2026-10-05T23:25:49.908455+08:00,2026-10-05T23:28:08.135348+08:00
5834,1,52,8,2026-09-11T13:10+08:00,2026-09-11T13:30+08:00,2.38,35.78,DATAGEN,CONFIRMED,0.930,v1,,2026-10-05T23:25:49.005425+08:00,2026-10-05T23:28:08.137814+08:00
7674,1,51,4,2026-09-11T13:28+08:00,2026-09-11T13:28+08:00,,,MANUAL,CONFIRMED,1.000,manual,T6 drill: missed bout backfill,2026-10-05T23:29:26.031461+08:00,2026-10-05T23:29:26.031461+08:00
5835,1,52,8,2026-09-11T14:20+08:00,2026-09-11T14:35+08:00,1.48,35.64,DATAGEN,CONFIRMED,0.953,v1,,2026-10-05T23:25:49.005666+08:00,2026-10-05T23:28:08.145024+08:00
5963,1,52,8,2026-09-11T14:30+08:00,2026-09-11T14:35+08:00,0.25,35.64,ALGORITHM_CANDIDATE,REJECTED,0.759,v1,,2026-10-05T23:25:49.030247+08:00,2026-10-05T23:28:08.14776+08:00
6042,1,53,12,2026-09-11T14:40+08:00,2026-09-11T14:50+08:00,2.00,36.02,DATAGEN,CONFIRMED,0.927,v1,,2026-10-05T23:25:49.129961+08:00,2026-10-05T23:28:08.150405+08:00
7713,1,55,20,2026-09-11T14:45+08:00,2026-09-11T15:05+08:00,2.96,35.49,DATAGEN,CONFIRMED,1.000,v1,,2026-10-05T23:31:33.749083+08:00,2026-10-05T23:31:33.749083+08:00
6273,1,54,16,2026-09-11T15:10+08:00,2026-09-11T15:25+08:00,2.93,35.86,DATAGEN,CONFIRMED,1.000,v1,,2026-10-05T23:25:49.282271+08:00,2026-10-05T23:28:08.155566+08:00
5764,1,51,4,2026-09-11T15:25+08:00,2026-09-11T15:45+08:00,3.50,35.45,ALGORITHM_CANDIDATE,CONFIRMED,0.781,v1,,2026-10-05T23:25:48.908194+08:00,2026-10-05T23:28:08.157926+08:00
5617,1,51,4,2026-09-11T15:30+08:00,2026-09-11T15:45+08:00,2.62,35.45,DATAGEN,CONFIRMED,0.930,v1,,2026-10-05T23:25:48.86714+08:00,2026-10-05T23:28:08.160329+08:00
7036,1,57,28,2026-09-11T16:05+08:00,2026-09-11T16:30+08:00,3.24,35.84,ALGORITHM_CANDIDATE,CONFIRMED,0.779,v1,,2026-10-05T23:25:49.605898+08:00,2026-10-05T23:28:08.162624+08:00
7104,1,58,32,2026-09-11T16:05+08:00,2026-09-11T16:20+08:00,3.56,35.51,DATAGEN,CONFIRMED,1.000,v1,,2026-10-05T23:25:49.682926+08:00,2026-10-05T23:28:08.16487+08:00
6896,1,57,28,2026-09-11T16:10+08:00,2026-09-11T16:30+08:00,2.55,35.84,DATAGEN,CONFIRMED,0.947,v1,,2026-10-05T23:25:49.584499+08:00,2026-10-05T23:28:08.167122+08:00
5618,1,51,4,2026-09-11T16:25+08:00,2026-09-11T16:35+08:00,1.37,35.50,DATAGEN,CONFIRMED,0.979,v1,,2026-10-05T23:25:48.867417+08:00,2026-10-05T23:28:08.169543+08:00
7646,1,60,40,2026-09-11T16:45+08:00,2026-09-11T17:10+08:00,2.76,36.09,ALGORITHM_CANDIDATE,CONFIRMED,0.715,v1,,2026-10-05T23:25:49.908588+08:00,2026-10-05T23:28:08.171931+08:00
5836,1,52,8,2026-09-11T16:50+08:00,2026-09-11T17:15+08:00,3.42,35.33,DATAGEN,CONFIRMED,1.000,v1,,2026-10-05T23:25:49.005906+08:00,2026-10-05T23:28:08.174312+08:00
7540,1,60,40,2026-09-11T16:50+08:00,2026-09-11T17:10+08:00,2.19,36.09,DATAGEN,CONFIRMED,0.906,v1,,2026-10-05T23:25:49.892539+08:00,2026-10-05T23:28:08.17686+08:00
5619,1,51,4,2026-09-11T17:25+08:00,2026-09-11T17:35+08:00,1.78,35.54,DATAGEN,CONFIRMED,0.972,v1,,2026-10-05T23:25:48.867721+08:00,2026-10-05T23:28:08.17951+08:00
7541,1,60,40,2026-09-11T17:45+08:00,2026-09-11T17:55+08:00,1.70,35.56,DATAGEN,CONFIRMED,0.994,v1,,2026-10-05T23:25:49.892713+08:00,2026-10-05T23:28:08.181932+08:00
7714,1,55,20,2026-09-11T17:55+08:00,2026-09-11T18:20+08:00,3.17,36.04,DATAGEN,CONFIRMED,0.911,v1,,2026-10-05T23:31:33.749245+08:00,2026-10-05T23:31:33.749245+08:00
6897,1,57,28,2026-09-11T18:00+08:00,2026-09-11T18:10+08:00,2.37,35.72,DATAGEN,CONFIRMED,0.967,v1,,2026-10-05T23:25:49.584666+08:00,2026-10-05T23:28:08.18738+08:00
5837,1,52,8,2026-09-11T18:05+08:00,2026-09-11T18:15+08:00,2.14,35.29,DATAGEN,CONFIRMED,1.000,v1,,2026-10-05T23:25:49.006152+08:00,2026-10-05T23:28:08.189899+08:00
6819,1,56,24,2026-09-11T18:15+08:00,2026-09-11T18:40+08:00,3.39,35.67,ALGORITHM_CANDIDATE,CONFIRMED,0.793,v1,,2026-10-05T23:25:49.50756+08:00,2026-10-05T23:28:08.192398+08:00
6680,1,56,24,2026-09-11T18:25+08:00,2026-09-11T18:40+08:00,2.36,35.67,DATAGEN,CONFIRMED,1.000,v1,,2026-10-05T23:25:49.487889+08:00,2026-10-05T23:28:08.19469+08:00
7542,1,60,40,2026-09-11T18:50+08:00,2026-09-11T19:00+08:00,2.05,35.69,DATAGEN,CONFIRMED,0.972,v1,,2026-10-05T23:25:49.892871+08:00,2026-10-05T23:28:08.196971+08:00
6898,1,57,28,2026-09-11T19:10+08:00,2026-09-11T19:25+08:00,1.53,36.06,DATAGEN,CONFIRMED,0.910,v1,,2026-10-05T23:25:49.584825+08:00,2026-10-05T23:28:08.199228+08:00
5765,1,51,4,2026-09-11T19:15+08:00,2026-09-11T19:30+08:00,1.68,36.53,ALGORITHM_CANDIDATE,CONFIRMED,0.746,v1,,2026-10-05T23:25:48.908394+08:00,2026-10-05T23:28:08.201789+08:00
6681,1,56,24,2026-09-11T19:20+08:00,2026-09-11T19:30+08:00,1.54,35.69,DATAGEN,CONFIRMED,1.000,v1,,2026-10-05T23:25:49.48804+08:00,2026-10-05T23:28:08.204579+08:00
7105,1,58,32,2026-09-11T19:45+08:00,2026-09-11T20:05+08:00,3.03,35.84,DATAGEN,CONFIRMED,0.991,v1,,2026-10-05T23:25:49.683096+08:00,2026-10-05T23:28:08.207694+08:00
6682,1,56,24,2026-09-11T20:00+08:00,2026-09-11T20:05+08:00,1.18,36.01,DATAGEN,CONFIRMED,0.962,v1,,2026-10-05T23:25:49.488211+08:00,2026-10-05T23:28:08.210606+08:00
7328,1,59,36,2026-09-11T20:05+08:00,2026-09-11T20:30+08:00,3.75,35.24,DATAGEN,CONFIRMED,1.000,v1,,2026-10-05T23:25:49.782409+08:00,2026-10-05T23:28:08.216543+08:00
7715,1,55,20,2026-09-11T20:05+08:00,2026-09-11T20:30+08:00,2.54,36.34,DATAGEN,CONFIRMED,0.861,v1,,2026-10-05T23:31:33.749391+08:00,2026-10-05T23:31:33.749391+08:00
6274,1,54,16,2026-09-11T20:15+08:00,2026-09-11T20:35+08:00,2.73,36.57,DATAGEN,CONFIRMED,0.895,v1,,2026-10-05T23:25:49.282435+08:00,2026-10-05T23:28:08.220761+08:00
5766,1,51,4,2026-09-11T20:25+08:00,2026-09-11T20:40+08:00,1.70,36.65,ALGORITHM_CANDIDATE,CONFIRMED,0.781,v1,,2026-10-05T23:25:48.908644+08:00,2026-10-05T23:28:08.223785+08:00
7329,1,59,36,2026-09-11T20:55+08:00,2026-09-11T21:00+08:00,0.44,36.04,DATAGEN,CONFIRMED,0.798,v1,,2026-10-05T23:25:49.782573+08:00,2026-10-05T23:28:08.227008+08:00
6192,1,53,12,2026-09-12T06:10+08:00,2026-09-12T06:40+08:00,3.36,35.11,ALGORITHM_CANDIDATE,CONFIRMED,0.755,v1,,2026-10-05T23:25:49.162012+08:00,2026-10-05T23:28:08.229674+08:00
5838,1,52,8,2026-09-12T06:15+08:00,2026-09-12T06:55+08:00,3.08,35.37,DATAGEN,CONFIRMED,0.976,v1,,2026-10-05T23:25:49.006383+08:00,2026-10-05T23:28:08.23205+08:00
6043,1,53,12,2026-09-12T06:20+08:00,2026-09-12T06:40+08:00,1.91,35.11,DATAGEN,CONFIRMED,0.974,v1,,2026-10-05T23:25:49.130154+08:00,2026-10-05T23:28:08.234636+08:00
6275,1,54,16,2026-09-12T06:40+08:00,2026-09-12T07:05+08:00,3.30,35.44,DATAGEN,CONFIRMED,1.000,v1,,2026-10-05T23:25:49.282602+08:00,2026-10-05T23:28:08.239553+08:00
6044,1,53,12,2026-09-12T06:50+08:00,2026-09-12T06:55+08:00,0.56,35.00,DATAGEN,CONFIRMED,0.970,v1,,2026-10-05T23:25:49.130366+08:00,2026-10-05T23:28:08.242534+08:00
6683,1,56,24,2026-09-12T06:55+08:00,2026-09-12T07:25+08:00,3.17,35.19,DATAGEN,CONFIRMED,1.000,v1,,2026-10-05T23:25:49.488379+08:00,2026-10-05T23:28:08.245021+08:00
6820,1,56,24,2026-09-12T07:15+08:00,2026-09-12T07:25+08:00,0.48,35.19,ALGORITHM_CANDIDATE,REJECTED,0.800,v1,,2026-10-05T23:25:49.507663+08:00,2026-10-05T23:28:08.247143+08:00
5620,1,51,4,2026-09-12T07:30+08:00,2026-09-12T07:50+08:00,3.47,35.13,DATAGEN,CONFIRMED,1.000,v1,,2026-10-05T23:25:48.867987+08:00,2026-10-05T23:28:08.249282+08:00
7716,1,55,20,2026-09-12T07:40+08:00,2026-09-12T08:10+08:00,3.23,35.51,DATAGEN,CONFIRMED,0.996,v1,,2026-10-05T23:31:33.749543+08:00,2026-10-05T23:31:33.749543+08:00
6045,1,53,12,2026-09-12T08:05+08:00,2026-09-12T08:20+08:00,1.61,35.05,DATAGEN,CONFIRMED,0.963,v1,,2026-10-05T23:25:49.130571+08:00,2026-10-05T23:28:08.254029+08:00
5767,1,51,4,2026-09-12T08:10+08:00,2026-09-12T08:25+08:00,0.67,35.18,ALGORITHM_CANDIDATE,REJECTED,0.791,v1,,2026-10-05T23:25:48.908858+08:00,2026-10-05T23:28:08.256528+08:00
6193,1,53,12,2026-09-12T08:10+08:00,2026-09-12T08:20+08:00,0.46,35.05,ALGORITHM_CANDIDATE,CONFIRMED,0.779,v1,,2026-10-05T23:25:49.162137+08:00,2026-10-05T23:28:08.2589+08:00
7037,1,57,28,2026-09-12T08:10+08:00,2026-09-12T08:25+08:00,3.05,35.49,ALGORITHM_CANDIDATE,CONFIRMED,0.808,v1,,2026-10-05T23:25:49.605996+08:00,2026-10-05T23:28:08.261167+08:00
5839,1,52,8,2026-09-12T08:15+08:00,2026-09-12T08:45+08:00,2.38,35.25,DATAGEN,CONFIRMED,0.915,v1,,2026-10-05T23:25:49.006597+08:00,2026-10-05T23:28:08.263362+08:00
6899,1,57,28,2026-09-12T08:15+08:00,2026-09-12T08:25+08:00,2.04,35.49,DATAGEN,CONFIRMED,0.988,v1,,2026-10-05T23:25:49.584999+08:00,2026-10-05T23:28:08.26547+08:00
5964,1,52,8,2026-09-12T08:20+08:00,2026-09-12T08:45+08:00,1.17,35.25,ALGORITHM_CANDIDATE,REJECTED,0.793,v1,,2026-10-05T23:25:49.030388+08:00,2026-10-05T23:28:08.267601+08:00
7106,1,58,32,2026-09-12T08:20+08:00,2026-09-12T08:45+08:00,3.48,35.09,DATAGEN,CONFIRMED,1.000,v1,,2026-10-05T23:25:49.683251+08:00,2026-10-05T23:28:08.269714+08:00
7330,1,59,36,2026-09-12T08:20+08:00,2026-09-12T08:40+08:00,3.19,35.00,DATAGEN,CONFIRMED,1.000,v1,,2026-10-05T23:25:49.782733+08:00,2026-10-05T23:28:08.271969+08:00
7717,1,55,20,2026-09-12T08:30+08:00,2026-09-12T08:40+08:00,0.78,35.62,DATAGEN,CONFIRMED,0.978,v1,,2026-10-05T23:31:33.749691+08:00,2026-10-05T23:31:33.749691+08:00
7464,1,59,36,2026-09-12T08:35+08:00,2026-09-12T08:40+08:00,0.22,35.00,ALGORITHM_CANDIDATE,CONFIRMED,0.789,v1,,2026-10-05T23:25:49.802587+08:00,2026-10-05T23:28:08.276392+08:00
7647,1,60,40,2026-09-12T08:50+08:00,2026-09-12T09:15+08:00,2.91,35.49,ALGORITHM_CANDIDATE,CONFIRMED,0.786,v1,,2026-10-05T23:25:49.908721+08:00,2026-10-05T23:28:08.278586+08:00
7543,1,60,40,2026-09-12T09:00+08:00,2026-09-12T09:15+08:00,1.75,35.49,DATAGEN,CONFIRMED,0.999,v1,,2026-10-05T23:25:49.893032+08:00,2026-10-05T23:28:08.280837+08:00
6046,1,53,12,2026-09-12T09:15+08:00,2026-09-12T09:35+08:00,2.00,35.16,DATAGEN,CONFIRMED,0.966,v1,,2026-10-05T23:25:49.130774+08:00,2026-10-05T23:28:08.283073+08:00
5840,1,52,8,2026-09-12T09:20+08:00,2026-09-12T09:25+08:00,0.68,35.56,DATAGEN,CONFIRMED,0.945,v1,,2026-10-05T23:25:49.006817+08:00,2026-10-05T23:28:08.285916+08:00
6900,1,57,28,2026-09-12T09:20+08:00,2026-09-12T09:30+08:00,1.40,35.81,DATAGEN,CONFIRMED,0.934,v1,,2026-10-05T23:25:49.58516+08:00,2026-10-05T23:28:08.288923+08:00
6821,1,56,24,2026-09-12T09:55+08:00,2026-09-12T10:25+08:00,3.16,35.12,ALGORITHM_CANDIDATE,CONFIRMED,0.814,v1,,2026-10-05T23:25:49.507752+08:00,2026-10-05T23:28:08.291722+08:00
7544,1,60,40,2026-09-12T09:55+08:00,2026-09-12T10:00+08:00,0.93,35.88,DATAGEN,CONFIRMED,0.878,v1,,2026-10-05T23:25:49.893193+08:00,2026-10-05T23:28:08.294908+08:00
6684,1,56,24,2026-09-12T10:00+08:00,2026-09-12T10:25+08:00,2.78,35.12,DATAGEN,CONFIRMED,1.000,v1,,2026-10-05T23:25:49.488553+08:00,2026-10-05T23:28:08.298178+08:00
7331,1,59,36,2026-09-12T10:05+08:00,2026-09-12T10:30+08:00,2.78,35.07,DATAGEN,CONFIRMED,1.000,v1,,2026-10-05T23:25:49.782903+08:00,2026-10-05T23:28:08.301496+08:00
7107,1,58,32,2026-09-12T10:10+08:00,2026-09-12T10:20+08:00,2.21,35.37,DATAGEN,CONFIRMED,1.000,v1,,2026-10-05T23:25:49.683408+08:00,2026-10-05T23:28:08.307453+08:00
7718,1,55,20,2026-09-12T10:10+08:00,2026-09-12T10:25+08:00,2.92,35.25,DATAGEN,CONFIRMED,1.000,v1,,2026-10-05T23:31:33.749827+08:00,2026-10-05T23:31:33.749827+08:00
6901,1,57,28,2026-09-12T10:15+08:00,2026-09-12T10:25+08:00,2.02,35.44,DATAGEN,CONFIRMED,0.996,v1,,2026-10-05T23:25:49.585356+08:00,2026-10-05T23:28:08.31056+08:00
7545,1,60,40,2026-09-12T10:35+08:00,2026-09-12T10:45+08:00,1.14,35.82,DATAGEN,CONFIRMED,0.933,v1,,2026-10-05T23:25:49.893352+08:00,2026-10-05T23:28:08.313398+08:00
6047,1,53,12,2026-09-12T10:45+08:00,2026-09-12T11:05+08:00,2.40,35.26,DATAGEN,CONFIRMED,0.949,v1,,2026-10-05T23:25:49.13098+08:00,2026-10-05T23:28:08.316567+08:00
5621,1,51,4,2026-09-12T10:55+08:00,2026-09-12T11:20+08:00,3.19,35.27,DATAGEN,CONFIRMED,1.000,v1,,2026-10-05T23:25:48.86825+08:00,2026-10-05T23:28:08.3198+08:00
5841,1,52,8,2026-09-12T10:55+08:00,2026-09-12T11:15+08:00,2.34,35.39,DATAGEN,CONFIRMED,0.973,v1,,2026-10-05T23:25:49.007029+08:00,2026-10-05T23:28:08.3226+08:00
6685,1,56,24,2026-09-12T11:05+08:00,2026-09-12T11:30+08:00,1.80,35.27,DATAGEN,CONFIRMED,0.991,v1,,2026-10-05T23:25:49.488699+08:00,2026-10-05T23:28:08.325274+08:00
6822,1,56,24,2026-09-12T11:10+08:00,2026-09-12T11:30+08:00,0.67,35.27,ALGORITHM_CANDIDATE,CONFIRMED,0.751,v1,,2026-10-05T23:25:49.507845+08:00,2026-10-05T23:28:08.32781+08:00
7546,1,60,40,2026-09-12T11:10+08:00,2026-09-12T11:20+08:00,1.66,35.00,DATAGEN,CONFIRMED,1.000,v1,,2026-10-05T23:25:49.893515+08:00,2026-10-05T23:28:08.330332+08:00
7332,1,59,36,2026-09-12T11:15+08:00,2026-09-12T11:30+08:00,1.72,35.11,DATAGEN,CONFIRMED,1.000,v1,,2026-10-05T23:25:49.783061+08:00,2026-10-05T23:28:08.333161+08:00
6048,1,53,12,2026-09-12T11:20+08:00,2026-09-12T11:25+08:00,0.61,35.19,DATAGEN,CONFIRMED,0.961,v1,,2026-10-05T23:25:49.131192+08:00,2026-10-05T23:28:08.335404+08:00
7719,1,55,20,2026-09-12T11:20+08:00,2026-09-12T11:30+08:00,1.33,35.86,DATAGEN,CONFIRMED,0.938,v1,,2026-10-05T23:31:33.749985+08:00,2026-10-05T23:31:33.749985+08:00
6902,1,57,28,2026-09-12T11:25+08:00,2026-09-12T11:30+08:00,0.96,36.00,DATAGEN,CONFIRMED,0.903,v1,,2026-10-05T23:25:49.585523+08:00,2026-10-05T23:28:08.339773+08:00
7108,1,58,32,2026-09-12T12:15+08:00,2026-09-12T12:30+08:00,2.93,35.38,DATAGEN,CONFIRMED,1.000,v1,,2026-10-05T23:25:49.683581+08:00,2026-10-05T23:28:08.342075+08:00
7720,1,55,20,2026-09-12T12:20+08:00,2026-09-12T12:35+08:00,2.41,35.32,DATAGEN,CONFIRMED,1.000,v1,,2026-10-05T23:31:33.7501+08:00,2026-10-05T23:31:33.7501+08:00
6276,1,54,16,2026-09-12T12:30+08:00,2026-09-12T13:00+08:00,3.60,35.32,DATAGEN,CONFIRMED,1.000,v1,,2026-10-05T23:25:49.282781+08:00,2026-10-05T23:28:08.346547+08:00
5622,1,51,4,2026-09-12T12:40+08:00,2026-09-12T12:55+08:00,2.19,35.46,DATAGEN,CONFIRMED,0.928,v1,,2026-10-05T23:25:48.868523+08:00,2026-10-05T23:28:08.348864+08:00
5768,1,51,4,2026-09-12T12:50+08:00,2026-09-12T12:55+08:00,0.20,35.46,ALGORITHM_CANDIDATE,CONFIRMED,0.757,v1,,2026-10-05T23:25:48.909055+08:00,2026-10-05T23:28:08.351153+08:00
6398,1,54,16,2026-09-12T12:50+08:00,2026-09-12T13:00+08:00,0.48,35.32,ALGORITHM_CANDIDATE,CONFIRMED,0.811,v1,,2026-10-05T23:25:49.304102+08:00,2026-10-05T23:28:08.353452+08:00
7547,1,60,40,2026-09-12T13:10+08:00,2026-09-12T13:25+08:00,2.83,35.12,DATAGEN,CONFIRMED,1.000,v1,,2026-10-05T23:25:49.893673+08:00,2026-10-05T23:28:08.35572+08:00
6049,1,53,12,2026-09-12T13:30+08:00,2026-09-12T13:50+08:00,3.15,35.08,DATAGEN,CONFIRMED,0.979,v1,,2026-10-05T23:25:49.131408+08:00,2026-10-05T23:28:08.358024+08:00
5623,1,51,4,2026-09-12T14:00+08:00,2026-09-12T14:15+08:00,1.62,35.71,DATAGEN,CONFIRMED,0.938,v1,,2026-10-05T23:25:48.868786+08:00,2026-10-05T23:28:08.36025+08:00
7548,1,60,40,2026-09-12T14:10+08:00,2026-09-12T14:25+08:00,1.35,35.83,DATAGEN,CONFIRMED,0.943,v1,,2026-10-05T23:25:49.893844+08:00,2026-10-05T23:28:08.362521+08:00
5842,1,52,8,2026-09-12T14:25+08:00,2026-09-12T14:40+08:00,2.97,35.72,DATAGEN,CONFIRMED,0.908,v1,,2026-10-05T23:25:49.007232+08:00,2026-10-05T23:28:08.364725+08:00
6277,1,54,16,2026-09-12T14:45+08:00,2026-09-12T15:00+08:00,1.77,36.30,DATAGEN,CONFIRMED,0.888,v1,,2026-10-05T23:25:49.282962+08:00,2026-10-05T23:28:08.366998+08:00
7254,1,58,32,2026-09-12T14:50+08:00,2026-09-12T15:15+08:00,3.11,35.78,ALGORITHM_CANDIDATE,CONFIRMED,0.761,v1,,2026-10-05T23:25:49.705462+08:00,2026-10-05T23:28:08.36924+08:00
7109,1,58,32,2026-09-12T14:55+08:00,2026-09-12T15:15+08:00,2.23,35.78,DATAGEN,CONFIRMED,0.943,v1,,2026-10-05T23:25:49.683749+08:00,2026-10-05T23:28:08.371343+08:00
5624,1,51,4,2026-09-12T15:00+08:00,2026-09-12T15:15+08:00,1.75,35.73,DATAGEN,CONFIRMED,0.935,v1,,2026-10-05T23:25:48.869046+08:00,2026-10-05T23:28:08.373474+08:00
7721,1,55,20,2026-09-12T15:00+08:00,2026-09-12T15:20+08:00,3.18,35.48,DATAGEN,CONFIRMED,1.000,v1,,2026-10-05T23:31:33.750214+08:00,2026-10-05T23:31:33.750214+08:00
7549,1,60,40,2026-09-12T15:25+08:00,2026-09-12T15:40+08:00,1.63,35.93,DATAGEN,CONFIRMED,0.926,v1,,2026-10-05T23:25:49.894016+08:00,2026-10-05T23:28:08.377804+08:00
5625,1,51,4,2026-09-12T15:35+08:00,2026-09-12T15:45+08:00,0.94,35.88,DATAGEN,CONFIRMED,0.837,v1,,2026-10-05T23:25:48.869361+08:00,2026-10-05T23:28:08.379989+08:00
6686,1,56,24,2026-09-12T15:35+08:00,2026-09-12T15:55+08:00,3.61,35.18,DATAGEN,CONFIRMED,0.960,v1,,2026-10-05T23:25:49.488853+08:00,2026-10-05T23:28:08.382206+08:00
6278,1,54,16,2026-09-12T15:50+08:00,2026-09-12T16:00+08:00,2.25,35.95,DATAGEN,CONFIRMED,0.946,v1,,2026-10-05T23:25:49.283137+08:00,2026-10-05T23:28:08.384399+08:00
5843,1,52,8,2026-09-12T16:10+08:00,2026-09-12T16:20+08:00,2.52,35.62,DATAGEN,CONFIRMED,0.935,v1,,2026-10-05T23:25:49.007447+08:00,2026-10-05T23:28:08.38664+08:00
7038,1,57,28,2026-09-12T16:10+08:00,2026-09-12T16:25+08:00,3.08,35.93,ALGORITHM_CANDIDATE,CONFIRMED,0.740,v1,,2026-10-05T23:25:49.606091+08:00,2026-10-05T23:28:08.388795+08:00
6903,1,57,28,2026-09-12T16:15+08:00,2026-09-12T16:25+08:00,2.10,35.93,DATAGEN,CONFIRMED,0.914,v1,,2026-10-05T23:25:49.585689+08:00,2026-10-05T23:28:08.391023+08:00
7110,1,58,32,2026-09-12T16:20+08:00,2026-09-12T16:35+08:00,1.69,35.98,DATAGEN,CONFIRMED,0.909,v1,,2026-10-05T23:25:49.683908+08:00,2026-10-05T23:28:08.393202+08:00
7333,1,59,36,2026-09-12T16:20+08:00,2026-09-12T16:40+08:00,3.35,35.37,DATAGEN,CONFIRMED,0.984,v1,,2026-10-05T23:25:49.783231+08:00,2026-10-05T23:28:08.395369+08:00
7255,1,58,32,2026-09-12T16:30+08:00,2026-09-12T16:35+08:00,0.24,35.98,ALGORITHM_CANDIDATE,REJECTED,0.709,v1,,2026-10-05T23:25:49.7056+08:00,2026-10-05T23:28:08.39761+08:00
6279,1,54,16,2026-09-12T16:40+08:00,2026-09-12T16:50+08:00,1.40,36.05,DATAGEN,CONFIRMED,0.929,v1,,2026-10-05T23:25:49.28335+08:00,2026-10-05T23:28:08.399788+08:00
6687,1,56,24,2026-09-12T16:45+08:00,2026-09-12T16:55+08:00,1.52,36.00,DATAGEN,CONFIRMED,0.869,v1,,2026-10-05T23:25:49.489008+08:00,2026-10-05T23:28:08.402049+08:00
6280,1,54,16,2026-09-12T17:10+08:00,2026-09-12T17:15+08:00,1.02,35.88,DATAGEN,CONFIRMED,0.958,v1,,2026-10-05T23:25:49.283523+08:00,2026-10-05T23:28:08.404343+08:00
7111,1,58,32,2026-09-12T17:10+08:00,2026-09-12T17:25+08:00,1.75,35.79,DATAGEN,CONFIRMED,0.941,v1,,2026-10-05T23:25:49.684075+08:00,2026-10-05T23:28:08.406459+08:00
6904,1,57,28,2026-09-12T17:15+08:00,2026-09-12T17:30+08:00,1.38,36.10,DATAGEN,CONFIRMED,0.886,v1,,2026-10-05T23:25:49.585849+08:00,2026-10-05T23:28:08.408527+08:00
5626,1,51,4,2026-09-12T17:20+08:00,2026-09-12T17:40+08:00,2.86,35.88,DATAGEN,CONFIRMED,0.910,v1,,2026-10-05T23:25:48.86969+08:00,2026-10-05T23:28:08.410626+08:00
5844,1,52,8,2026-09-12T17:30+08:00,2026-09-12T17:40+08:00,1.44,36.10,DATAGEN,CONFIRMED,0.855,v1,,2026-10-05T23:25:49.007663+08:00,2026-10-05T23:28:08.412844+08:00
6194,1,53,12,2026-09-12T17:30+08:00,2026-09-12T17:50+08:00,2.34,36.42,ALGORITHM_CANDIDATE,CONFIRMED,0.596,v1,,2026-10-05T23:25:49.162265+08:00,2026-10-05T23:28:08.415071+08:00
6688,1,56,24,2026-09-12T17:55+08:00,2026-09-12T18:10+08:00,1.91,35.91,DATAGEN,CONFIRMED,0.882,v1,,2026-10-05T23:25:49.489172+08:00,2026-10-05T23:28:08.42017+08:00
7722,1,55,20,2026-09-12T17:55+08:00,2026-09-12T18:15+08:00,3.29,35.69,DATAGEN,CONFIRMED,0.966,v1,,2026-10-05T23:31:33.750348+08:00,2026-10-05T23:31:33.750348+08:00
6281,1,54,16,2026-09-12T18:20+08:00,2026-09-12T18:30+08:00,1.74,36.43,DATAGEN,CONFIRMED,0.866,v1,,2026-10-05T23:25:49.283703+08:00,2026-10-05T23:28:08.422423+08:00
5627,1,51,4,2026-09-12T18:30+08:00,2026-09-12T18:40+08:00,1.64,35.77,DATAGEN,CONFIRMED,0.928,v1,,2026-10-05T23:25:48.870729+08:00,2026-10-05T23:28:08.425015+08:00
6050,1,53,12,2026-09-12T18:45+08:00,2026-09-12T18:55+08:00,2.85,35.27,DATAGEN,CONFIRMED,0.948,v1,,2026-10-05T23:25:49.131642+08:00,2026-10-05T23:28:08.427474+08:00
6689,1,56,24,2026-09-12T19:00+08:00,2026-09-12T19:15+08:00,2.01,35.68,DATAGEN,CONFIRMED,0.923,v1,,2026-10-05T23:25:49.489338+08:00,2026-10-05T23:28:08.431854+08:00
7723,1,55,20,2026-09-12T19:00+08:00,2026-09-12T19:10+08:00,1.34,36.46,DATAGEN,CONFIRMED,0.838,v1,,2026-10-05T23:31:33.750468+08:00,2026-10-05T23:31:33.750468+08:00
7863,1,55,20,2026-09-12T19:05+08:00,2026-09-12T19:10+08:00,0.25,36.46,ALGORITHM_CANDIDATE,CONFIRMED,0.643,v1,,2026-10-05T23:31:33.771004+08:00,2026-10-05T23:31:33.771004+08:00
7039,1,57,28,2026-09-12T19:35+08:00,2026-09-12T19:50+08:00,3.31,35.45,ALGORITHM_CANDIDATE,CONFIRMED,0.803,v1,,2026-10-05T23:25:49.606201+08:00,2026-10-05T23:28:08.436328+08:00
6905,1,57,28,2026-09-12T19:40+08:00,2026-09-12T19:50+08:00,2.17,35.45,DATAGEN,CONFIRMED,0.994,v1,,2026-10-05T23:25:49.586014+08:00,2026-10-05T23:28:08.438711+08:00
7112,1,58,32,2026-09-12T19:55+08:00,2026-09-12T20:10+08:00,2.98,35.78,DATAGEN,CONFIRMED,0.943,v1,,2026-10-05T23:25:49.684247+08:00,2026-10-05T23:28:08.440922+08:00
6282,1,54,16,2026-09-12T20:20+08:00,2026-09-12T20:35+08:00,2.66,36.18,DATAGEN,CONFIRMED,0.908,v1,,2026-10-05T23:25:49.283877+08:00,2026-10-05T23:28:08.443184+08:00
6690,1,56,24,2026-09-12T20:25+08:00,2026-09-12T20:45+08:00,2.59,35.51,DATAGEN,CONFIRMED,0.951,v1,,2026-10-05T23:25:49.48949+08:00,2026-10-05T23:28:08.445464+08:00
5845,1,52,8,2026-09-12T20:30+08:00,2026-09-12T21:00+08:00,3.09,35.86,DATAGEN,CONFIRMED,0.895,v1,,2026-10-05T23:25:49.007875+08:00,2026-10-05T23:28:08.448318+08:00
6051,1,53,12,2026-09-12T20:30+08:00,2026-09-12T20:50+08:00,3.22,35.28,DATAGEN,CONFIRMED,0.946,v1,,2026-10-05T23:25:49.132024+08:00,2026-10-05T23:28:08.45165+08:00
6906,1,57,28,2026-09-12T20:45+08:00,2026-09-12T20:55+08:00,1.56,35.58,DATAGEN,CONFIRMED,0.973,v1,,2026-10-05T23:25:49.586166+08:00,2026-10-05T23:28:08.454906+08:00
7040,1,57,28,2026-09-13T06:05+08:00,2026-09-13T06:25+08:00,3.57,35.05,ALGORITHM_CANDIDATE,CONFIRMED,0.827,v1,,2026-10-05T23:25:49.6063+08:00,2026-10-05T23:28:08.45824+08:00
6907,1,57,28,2026-09-13T06:10+08:00,2026-09-13T06:25+08:00,2.71,35.05,DATAGEN,CONFIRMED,1.000,v1,,2026-10-05T23:25:49.586337+08:00,2026-10-05T23:28:08.461249+08:00
7113,1,58,32,2026-09-13T06:10+08:00,2026-09-13T06:40+08:00,3.45,35.11,DATAGEN,CONFIRMED,1.000,v1,,2026-10-05T23:25:49.684425+08:00,2026-10-05T23:28:08.464233+08:00
6691,1,56,24,2026-09-13T06:30+08:00,2026-09-13T06:50+08:00,2.71,35.54,DATAGEN,CONFIRMED,0.964,v1,,2026-10-05T23:25:49.48964+08:00,2026-10-05T23:28:08.46804+08:00
7724,1,55,20,2026-09-13T06:45+08:00,2026-09-13T07:10+08:00,3.21,35.04,DATAGEN,CONFIRMED,1.000,v1,,2026-10-05T23:31:33.75059+08:00,2026-10-05T23:31:33.75059+08:00
7334,1,59,36,2026-09-13T06:55+08:00,2026-09-13T07:15+08:00,3.17,35.30,DATAGEN,CONFIRMED,1.000,v1,,2026-10-05T23:25:49.78339+08:00,2026-10-05T23:28:08.474863+08:00
7256,1,58,32,2026-09-13T07:05+08:00,2026-09-13T07:15+08:00,0.20,35.97,ALGORITHM_CANDIDATE,CONFIRMED,0.662,v1,,2026-10-05T23:25:49.705737+08:00,2026-10-05T23:28:08.477188+08:00
5846,1,52,8,2026-09-13T07:10+08:00,2026-09-13T07:35+08:00,3.38,35.15,DATAGEN,CONFIRMED,1.000,v1,,2026-10-05T23:25:49.00809+08:00,2026-10-05T23:28:08.479384+08:00
6908,1,57,28,2026-09-13T08:00+08:00,2026-09-13T08:20+08:00,2.04,35.41,DATAGEN,CONFIRMED,0.964,v1,,2026-10-05T23:25:49.586496+08:00,2026-10-05T23:28:08.481573+08:00
7041,1,57,28,2026-09-13T08:15+08:00,2026-09-13T08:20+08:00,0.15,35.41,ALGORITHM_CANDIDATE,CONFIRMED,0.714,v1,,2026-10-05T23:25:49.606407+08:00,2026-10-05T23:28:08.483718+08:00
6692,1,56,24,2026-09-13T08:20+08:00,2026-09-13T08:35+08:00,2.06,35.40,DATAGEN,CONFIRMED,0.987,v1,,2026-10-05T23:25:49.489794+08:00,2026-10-05T23:28:08.486025+08:00
6052,1,53,12,2026-09-13T08:30+08:00,2026-09-13T08:50+08:00,3.35,35.04,DATAGEN,CONFIRMED,1.000,v1,,2026-10-05T23:25:49.132365+08:00,2026-10-05T23:28:08.48833+08:00
5628,1,51,4,2026-09-13T08:35+08:00,2026-09-13T08:55+08:00,2.97,35.70,DATAGEN,CONFIRMED,1.000,v1,,2026-10-05T23:25:48.871068+08:00,2026-10-05T23:28:08.490636+08:00
5965,1,52,8,2026-09-13T08:45+08:00,2026-09-13T09:00+08:00,2.61,35.03,ALGORITHM_CANDIDATE,CONFIRMED,0.828,v1,,2026-10-05T23:25:49.030533+08:00,2026-10-05T23:28:08.492891+08:00
5847,1,52,8,2026-09-13T08:50+08:00,2026-09-13T09:00+08:00,2.01,35.03,DATAGEN,CONFIRMED,1.000,v1,,2026-10-05T23:25:49.008306+08:00,2026-10-05T23:28:08.495114+08:00
7864,1,55,20,2026-09-13T09:05+08:00,2026-09-13T09:20+08:00,2.77,35.19,ALGORITHM_CANDIDATE,CONFIRMED,0.827,v1,,2026-10-05T23:31:33.771134+08:00,2026-10-05T23:31:33.771134+08:00
7114,1,58,32,2026-09-13T09:10+08:00,2026-09-13T09:25+08:00,2.77,35.29,DATAGEN,CONFIRMED,1.000,v1,,2026-10-05T23:25:49.684583+08:00,2026-10-05T23:28:08.501998+08:00
7725,1,55,20,2026-09-13T09:10+08:00,2026-09-13T09:20+08:00,1.12,35.19,DATAGEN,CONFIRMED,0.978,v1,,2026-10-05T23:31:33.750713+08:00,2026-10-05T23:31:33.750713+08:00
5848,1,52,8,2026-09-13T09:50+08:00,2026-09-13T10:05+08:00,1.67,35.13,DATAGEN,CONFIRMED,1.000,v1,,2026-10-05T23:25:49.008537+08:00,2026-10-05T23:28:08.504315+08:00
5966,1,52,8,2026-09-13T10:00+08:00,2026-09-13T10:05+08:00,0.18,35.13,ALGORITHM_CANDIDATE,CONFIRMED,0.767,v1,,2026-10-05T23:25:49.030683+08:00,2026-10-05T23:28:08.506642+08:00
7115,1,58,32,2026-09-13T10:00+08:00,2026-09-13T10:10+08:00,0.86,35.64,DATAGEN,CONFIRMED,0.945,v1,,2026-10-05T23:25:49.684742+08:00,2026-10-05T23:28:08.509176+08:00
6283,1,54,16,2026-09-13T10:05+08:00,2026-09-13T10:30+08:00,2.80,35.92,DATAGEN,CONFIRMED,0.975,v1,,2026-10-05T23:25:49.284055+08:00,2026-10-05T23:28:08.511451+08:00
7335,1,59,36,2026-09-13T10:15+08:00,2026-09-13T10:40+08:00,3.10,35.10,DATAGEN,CONFIRMED,1.000,v1,,2026-10-05T23:25:49.783551+08:00,2026-10-05T23:28:08.513721+08:00
7726,1,55,20,2026-09-13T10:20+08:00,2026-09-13T10:35+08:00,1.63,35.29,DATAGEN,CONFIRMED,1.000,v1,,2026-10-05T23:31:33.750848+08:00,2026-10-05T23:31:33.750848+08:00
6693,1,56,24,2026-09-13T10:25+08:00,2026-09-13T10:50+08:00,2.84,35.00,DATAGEN,CONFIRMED,1.000,v1,,2026-10-05T23:25:49.489944+08:00,2026-10-05T23:28:08.518081+08:00
6823,1,56,24,2026-09-13T10:40+08:00,2026-09-13T10:50+08:00,0.39,35.00,ALGORITHM_CANDIDATE,REJECTED,0.775,v1,,2026-10-05T23:25:49.507933+08:00,2026-10-05T23:28:08.52033+08:00
6909,1,57,28,2026-09-13T11:20+08:00,2026-09-13T11:40+08:00,2.87,35.66,DATAGEN,CONFIRMED,0.922,v1,,2026-10-05T23:25:49.586666+08:00,2026-10-05T23:28:08.522608+08:00
7116,1,58,32,2026-09-13T11:20+08:00,2026-09-13T11:35+08:00,2.52,35.02,DATAGEN,CONFIRMED,1.000,v1,,2026-10-05T23:25:49.684907+08:00,2026-10-05T23:28:08.524837+08:00
7117,1,58,32,2026-09-13T12:45+08:00,2026-09-13T12:55+08:00,1.54,35.65,DATAGEN,CONFIRMED,0.944,v1,,2026-10-05T23:25:49.685076+08:00,2026-10-05T23:28:08.527081+08:00
6284,1,54,16,2026-09-13T12:50+08:00,2026-09-13T13:10+08:00,3.01,35.67,DATAGEN,CONFIRMED,1.000,v1,,2026-10-05T23:25:49.284236+08:00,2026-10-05T23:28:08.529262+08:00
6910,1,57,28,2026-09-13T14:05+08:00,2026-09-13T14:30+08:00,2.54,36.11,DATAGEN,CONFIRMED,0.847,v1,,2026-10-05T23:25:49.586831+08:00,2026-10-05T23:28:08.531747+08:00
6053,1,53,12,2026-09-13T14:10+08:00,2026-09-13T14:25+08:00,3.20,35.49,DATAGEN,CONFIRMED,1.000,v1,,2026-10-05T23:25:49.13281+08:00,2026-10-05T23:28:08.534218+08:00
7042,1,57,28,2026-09-13T14:25+08:00,2026-09-13T14:30+08:00,0.24,36.11,ALGORITHM_CANDIDATE,REJECTED,0.647,v1,,2026-10-05T23:25:49.60651+08:00,2026-10-05T23:28:08.536681+08:00
7118,1,58,32,2026-09-13T14:30+08:00,2026-09-13T14:45+08:00,2.45,35.44,DATAGEN,CONFIRMED,0.979,v1,,2026-10-05T23:25:49.685242+08:00,2026-10-05T23:28:08.539081+08:00
7550,1,60,40,2026-09-13T14:35+08:00,2026-09-13T14:50+08:00,3.64,35.22,DATAGEN,CONFIRMED,1.000,v1,,2026-10-05T23:25:49.89417+08:00,2026-10-05T23:28:08.541712+08:00
7257,1,58,32,2026-09-13T15:00+08:00,2026-09-13T15:10+08:00,0.29,35.74,ALGORITHM_CANDIDATE,REJECTED,0.712,v1,,2026-10-05T23:25:49.705877+08:00,2026-10-05T23:28:08.544191+08:00
5849,1,52,8,2026-09-13T15:10+08:00,2026-09-13T15:35+08:00,3.54,35.29,DATAGEN,CONFIRMED,1.000,v1,,2026-10-05T23:25:49.008786+08:00,2026-10-05T23:28:08.546573+08:00
5967,1,52,8,2026-09-13T15:30+08:00,2026-09-13T15:35+08:00,0.16,35.29,ALGORITHM_CANDIDATE,CONFIRMED,0.756,v1,,2026-10-05T23:25:49.03083+08:00,2026-10-05T23:28:08.549009+08:00
7336,1,59,36,2026-09-13T15:35+08:00,2026-09-13T15:50+08:00,3.15,35.67,DATAGEN,CONFIRMED,0.949,v1,,2026-10-05T23:25:49.783716+08:00,2026-10-05T23:28:08.552305+08:00
6911,1,57,28,2026-09-13T16:05+08:00,2026-09-13T16:20+08:00,2.99,35.25,DATAGEN,CONFIRMED,0.990,v1,,2026-10-05T23:25:49.587005+08:00,2026-10-05T23:28:08.555041+08:00
5850,1,52,8,2026-09-13T16:10+08:00,2026-09-13T16:15+08:00,0.45,36.15,DATAGEN,CONFIRMED,0.776,v1,,2026-10-05T23:25:49.009029+08:00,2026-10-05T23:28:08.557474+08:00
7337,1,59,36,2026-09-13T16:30+08:00,2026-09-13T16:35+08:00,1.80,35.12,DATAGEN,CONFIRMED,1.000,v1,,2026-10-05T23:25:49.783873+08:00,2026-10-05T23:28:08.55993+08:00
7727,1,55,20,2026-09-13T16:50+08:00,2026-09-13T17:10+08:00,3.71,35.51,DATAGEN,CONFIRMED,1.000,v1,,2026-10-05T23:31:33.75098+08:00,2026-10-05T23:31:33.75098+08:00
7258,1,58,32,2026-09-13T17:05+08:00,2026-09-13T17:30+08:00,2.35,36.47,ALGORITHM_CANDIDATE,CONFIRMED,0.732,v1,,2026-10-05T23:25:49.706012+08:00,2026-10-05T23:28:08.564483+08:00
6285,1,54,16,2026-09-13T17:10+08:00,2026-09-13T17:25+08:00,3.57,35.77,DATAGEN,CONFIRMED,0.999,v1,,2026-10-05T23:25:49.284413+08:00,2026-10-05T23:28:08.56676+08:00
6912,1,57,28,2026-09-13T17:30+08:00,2026-09-13T17:45+08:00,2.77,35.36,DATAGEN,CONFIRMED,0.972,v1,,2026-10-05T23:25:49.58716+08:00,2026-10-05T23:28:08.568928+08:00
5851,1,52,8,2026-09-13T17:35+08:00,2026-09-13T17:50+08:00,2.88,35.30,DATAGEN,CONFIRMED,1.000,v1,,2026-10-05T23:25:49.009243+08:00,2026-10-05T23:28:08.57126+08:00
7728,1,55,20,2026-09-13T17:40+08:00,2026-09-13T17:50+08:00,0.76,36.04,DATAGEN,CONFIRMED,0.929,v1,,2026-10-05T23:31:33.75111+08:00,2026-10-05T23:31:33.75111+08:00
7551,1,60,40,2026-09-13T17:45+08:00,2026-09-13T18:00+08:00,2.36,36.30,DATAGEN,CONFIRMED,0.940,v1,,2026-10-05T23:25:49.894337+08:00,2026-10-05T23:28:08.575224+08:00
6824,1,56,24,2026-09-13T18:20+08:00,2026-09-13T18:40+08:00,3.06,35.80,ALGORITHM_CANDIDATE,CONFIRMED,0.745,v1,,2026-10-05T23:25:49.508021+08:00,2026-10-05T23:28:08.577353+08:00
6694,1,56,24,2026-09-13T18:25+08:00,2026-09-13T18:40+08:00,2.42,35.80,DATAGEN,CONFIRMED,0.921,v1,,2026-10-05T23:25:49.490087+08:00,2026-10-05T23:28:08.580432+08:00
7338,1,59,36,2026-09-13T18:35+08:00,2026-09-13T18:55+08:00,2.40,36.25,DATAGEN,CONFIRMED,0.852,v1,,2026-10-05T23:25:49.784038+08:00,2026-10-05T23:28:08.582672+08:00
6286,1,54,16,2026-09-13T18:55+08:00,2026-09-13T19:10+08:00,2.74,35.75,DATAGEN,CONFIRMED,1.000,v1,,2026-10-05T23:25:49.284585+08:00,2026-10-05T23:28:08.584798+08:00
6913,1,57,28,2026-09-13T19:30+08:00,2026-09-13T19:45+08:00,2.40,35.84,DATAGEN,CONFIRMED,0.892,v1,,2026-10-05T23:25:49.587317+08:00,2026-10-05T23:28:08.587078+08:00
5852,1,52,8,2026-09-13T19:50+08:00,2026-09-13T20:05+08:00,2.36,36.20,DATAGEN,CONFIRMED,0.851,v1,,2026-10-05T23:25:49.009458+08:00,2026-10-05T23:28:08.59005+08:00
5629,1,51,4,2026-09-13T20:05+08:00,2026-09-13T20:20+08:00,3.14,36.11,DATAGEN,CONFIRMED,1.000,v1,,2026-10-05T23:25:48.871398+08:00,2026-10-05T23:28:08.592638+08:00
6287,1,54,16,2026-09-13T20:05+08:00,2026-09-13T20:20+08:00,2.62,35.65,DATAGEN,CONFIRMED,1.000,v1,,2026-10-05T23:25:49.284757+08:00,2026-10-05T23:28:08.595279+08:00
7552,1,60,40,2026-09-13T20:05+08:00,2026-09-13T20:20+08:00,2.66,35.96,DATAGEN,CONFIRMED,0.996,v1,,2026-10-05T23:25:49.894497+08:00,2026-10-05T23:28:08.597713+08:00
6695,1,56,24,2026-09-13T20:10+08:00,2026-09-13T20:20+08:00,1.96,35.87,DATAGEN,CONFIRMED,0.837,v1,,2026-10-05T23:25:49.490239+08:00,2026-10-05T23:28:08.600152+08:00
7465,1,59,36,2026-09-13T20:10+08:00,2026-09-13T20:20+08:00,1.55,36.46,ALGORITHM_CANDIDATE,CONFIRMED,0.659,v1,,2026-10-05T23:25:49.80277+08:00,2026-10-05T23:28:08.602416+08:00
6054,1,53,12,2026-09-13T20:25+08:00,2026-09-13T20:50+08:00,3.10,36.11,DATAGEN,CONFIRMED,0.958,v1,,2026-10-05T23:25:49.133211+08:00,2026-10-05T23:28:08.604652+08:00
6914,1,57,28,2026-09-13T20:35+08:00,2026-09-13T20:50+08:00,2.23,35.69,DATAGEN,CONFIRMED,0.917,v1,,2026-10-05T23:25:49.587481+08:00,2026-10-05T23:28:08.607426+08:00
6288,1,54,16,2026-09-13T20:50+08:00,2026-09-13T21:00+08:00,1.21,35.82,DATAGEN,CONFIRMED,0.992,v1,,2026-10-05T23:25:49.284925+08:00,2026-10-05T23:28:08.610414+08:00
6696,1,56,24,2026-09-13T21:05+08:00,2026-09-13T21:25+08:00,2.20,35.34,DATAGEN,CONFIRMED,0.997,v1,,2026-10-05T23:25:49.49039+08:00,2026-10-05T23:28:08.613364+08:00
7339,1,59,36,2026-09-13T21:05+08:00,2026-09-13T21:20+08:00,1.76,35.84,DATAGEN,CONFIRMED,0.920,v1,,2026-10-05T23:25:49.784213+08:00,2026-10-05T23:28:08.615803+08:00
7466,1,59,36,2026-09-13T21:15+08:00,2026-09-13T21:20+08:00,0.19,35.84,ALGORITHM_CANDIDATE,REJECTED,0.692,v1,,2026-10-05T23:25:49.802912+08:00,2026-10-05T23:28:08.618243+08:00
6697,1,56,24,2026-09-14T06:00+08:00,2026-09-14T06:20+08:00,3.45,35.03,DATAGEN,CONFIRMED,0.919,v1,,2026-10-05T23:25:49.490541+08:00,2026-10-05T23:28:08.62275+08:00
7865,1,55,20,2026-09-14T06:00+08:00,2026-09-14T06:15+08:00,3.15,35.44,ALGORITHM_CANDIDATE,CONFIRMED,0.761,v1,,2026-10-05T23:31:33.771264+08:00,2026-10-05T23:31:33.771264+08:00
7729,1,55,20,2026-09-14T06:05+08:00,2026-09-14T06:15+08:00,1.97,35.44,DATAGEN,CONFIRMED,0.974,v1,,2026-10-05T23:31:33.751238+08:00,2026-10-05T23:31:33.751238+08:00
6055,1,53,12,2026-09-14T06:15+08:00,2026-09-14T06:35+08:00,3.02,35.57,DATAGEN,CONFIRMED,0.922,v1,,2026-10-05T23:25:49.13353+08:00,2026-10-05T23:28:08.626773+08:00
7340,1,59,36,2026-09-14T06:20+08:00,2026-09-14T06:55+08:00,3.28,35.23,DATAGEN,CONFIRMED,1.000,v1,,2026-10-05T23:25:49.784374+08:00,2026-10-05T23:28:08.628939+08:00
7043,1,57,28,2026-09-14T06:30+08:00,2026-09-14T06:45+08:00,3.25,35.23,ALGORITHM_CANDIDATE,CONFIRMED,0.814,v1,,2026-10-05T23:25:49.606607+08:00,2026-10-05T23:28:08.631128+08:00
6915,1,57,28,2026-09-14T06:35+08:00,2026-09-14T06:45+08:00,1.80,35.23,DATAGEN,CONFIRMED,0.933,v1,,2026-10-05T23:25:49.58765+08:00,2026-10-05T23:28:08.633431+08:00
7553,1,60,40,2026-09-14T06:45+08:00,2026-09-14T07:05+08:00,2.79,35.79,DATAGEN,CONFIRMED,0.980,v1,,2026-10-05T23:25:49.894663+08:00,2026-10-05T23:28:08.635612+08:00
7730,1,55,20,2026-09-14T06:55+08:00,2026-09-14T07:10+08:00,1.05,35.49,DATAGEN,CONFIRMED,0.966,v1,,2026-10-05T23:31:33.751369+08:00,2026-10-05T23:31:33.751369+08:00
6698,1,56,24,2026-09-14T07:05+08:00,2026-09-14T07:20+08:00,1.16,35.38,DATAGEN,CONFIRMED,0.987,v1,,2026-10-05T23:25:49.490691+08:00,2026-10-05T23:28:08.639731+08:00
7259,1,58,32,2026-09-14T07:05+08:00,2026-09-14T07:35+08:00,3.55,35.08,ALGORITHM_CANDIDATE,CONFIRMED,0.818,v1,,2026-10-05T23:25:49.706149+08:00,2026-10-05T23:28:08.641702+08:00
7119,1,58,32,2026-09-14T07:10+08:00,2026-09-14T07:35+08:00,2.90,35.08,DATAGEN,CONFIRMED,1.000,v1,,2026-10-05T23:25:49.6854+08:00,2026-10-05T23:28:08.6438+08:00
5630,1,51,4,2026-09-14T07:15+08:00,2026-09-14T07:35+08:00,2.75,35.77,DATAGEN,CONFIRMED,0.983,v1,,2026-10-05T23:25:48.871744+08:00,2026-10-05T23:28:08.645944+08:00
6289,1,54,16,2026-09-14T07:15+08:00,2026-09-14T07:30+08:00,2.98,35.74,DATAGEN,CONFIRMED,1.000,v1,,2026-10-05T23:25:49.285109+08:00,2026-10-05T23:28:08.648045+08:00
7731,1,55,20,2026-09-14T07:15+08:00,2026-09-14T07:25+08:00,0.60,35.12,DATAGEN,REJECTED,0.878,v1,,2026-10-05T23:31:33.751496+08:00,2026-10-05T23:31:33.751496+08:00
6916,1,57,28,2026-09-14T07:20+08:00,2026-09-14T07:35+08:00,1.08,35.39,DATAGEN,CONFIRMED,0.908,v1,,2026-10-05T23:25:49.587815+08:00,2026-10-05T23:28:08.654084+08:00
7866,1,55,20,2026-09-14T07:20+08:00,2026-09-14T07:25+08:00,0.22,35.12,ALGORITHM_CANDIDATE,REJECTED,0.789,v1,,2026-10-05T23:31:33.771399+08:00,2026-10-05T23:31:33.771399+08:00
5769,1,51,4,2026-09-14T07:30+08:00,2026-09-14T07:35+08:00,0.28,35.77,ALGORITHM_CANDIDATE,CONFIRMED,0.805,v1,,2026-10-05T23:25:48.909255+08:00,2026-10-05T23:28:08.65614+08:00
5853,1,52,8,2026-09-14T07:45+08:00,2026-09-14T08:05+08:00,3.08,35.36,DATAGEN,CONFIRMED,1.000,v1,,2026-10-05T23:25:49.009671+08:00,2026-10-05T23:28:08.658282+08:00
7120,1,58,32,2026-09-14T08:15+08:00,2026-09-14T08:25+08:00,1.75,35.04,DATAGEN,CONFIRMED,1.000,v1,,2026-10-05T23:25:49.685556+08:00,2026-10-05T23:28:08.660526+08:00
7044,1,57,28,2026-09-14T08:35+08:00,2026-09-14T08:40+08:00,0.19,37.01,ALGORITHM_CANDIDATE,REJECTED,0.608,v1,,2026-10-05T23:25:49.60671+08:00,2026-10-05T23:28:08.662824+08:00
6056,1,53,12,2026-09-14T08:45+08:00,2026-09-14T09:05+08:00,2.50,35.39,DATAGEN,CONFIRMED,0.952,v1,,2026-10-05T23:25:49.133916+08:00,2026-10-05T23:28:08.66511+08:00
6699,1,56,24,2026-09-14T09:10+08:00,2026-09-14T09:35+08:00,2.72,35.33,DATAGEN,CONFIRMED,0.995,v1,,2026-10-05T23:25:49.490833+08:00,2026-10-05T23:28:08.667292+08:00
6057,1,53,12,2026-09-14T09:20+08:00,2026-09-14T09:30+08:00,0.63,35.02,DATAGEN,REJECTED,0.842,v1,,2026-10-05T23:25:49.134339+08:00,2026-10-05T23:28:08.66944+08:00
7554,1,60,40,2026-09-14T09:20+08:00,2026-09-14T09:45+08:00,2.91,35.19,DATAGEN,CONFIRMED,0.926,v1,,2026-10-05T23:25:49.894821+08:00,2026-10-05T23:28:08.671665+08:00
5631,1,51,4,2026-09-14T09:25+08:00,2026-09-14T09:50+08:00,3.00,35.30,DATAGEN,CONFIRMED,1.000,v1,,2026-10-05T23:25:48.872067+08:00,2026-10-05T23:28:08.673799+08:00
7648,1,60,40,2026-09-14T09:30+08:00,2026-09-14T09:45+08:00,0.57,35.19,ALGORITHM_CANDIDATE,CONFIRMED,0.772,v1,,2026-10-05T23:25:49.908854+08:00,2026-10-05T23:28:08.675952+08:00
5854,1,52,8,2026-09-14T09:45+08:00,2026-09-14T10:05+08:00,2.00,35.57,DATAGEN,CONFIRMED,0.984,v1,,2026-10-05T23:25:49.009895+08:00,2026-10-05T23:28:08.678249+08:00
7341,1,59,36,2026-09-14T09:55+08:00,2026-09-14T10:15+08:00,2.75,35.41,DATAGEN,CONFIRMED,1.000,v1,,2026-10-05T23:25:49.78453+08:00,2026-10-05T23:28:08.680438+08:00
6290,1,54,16,2026-09-14T10:40+08:00,2026-09-14T11:00+08:00,3.38,35.35,DATAGEN,CONFIRMED,1.000,v1,,2026-10-05T23:25:49.285287+08:00,2026-10-05T23:28:08.68255+08:00
7732,1,55,20,2026-09-14T10:40+08:00,2026-09-14T11:05+08:00,3.06,35.57,DATAGEN,CONFIRMED,0.953,v1,,2026-10-05T23:31:33.75163+08:00,2026-10-05T23:31:33.75163+08:00
5632,1,51,4,2026-09-14T11:00+08:00,2026-09-14T11:15+08:00,2.16,35.49,DATAGEN,CONFIRMED,1.000,v1,,2026-10-05T23:25:48.872386+08:00,2026-10-05T23:28:08.686651+08:00
7867,1,55,20,2026-09-14T11:00+08:00,2026-09-14T11:05+08:00,0.25,35.57,ALGORITHM_CANDIDATE,CONFIRMED,0.758,v1,,2026-10-05T23:31:33.771531+08:00,2026-10-05T23:31:33.771531+08:00
7342,1,59,36,2026-09-14T11:05+08:00,2026-09-14T11:20+08:00,1.81,35.00,DATAGEN,CONFIRMED,1.000,v1,,2026-10-05T23:25:49.78469+08:00,2026-10-05T23:28:08.690983+08:00
6058,1,53,12,2026-09-14T11:10+08:00,2026-09-14T11:30+08:00,2.25,35.54,DATAGEN,CONFIRMED,0.927,v1,,2026-10-05T23:25:49.134761+08:00,2026-10-05T23:28:08.69317+08:00
6917,1,57,28,2026-09-14T11:10+08:00,2026-09-14T11:25+08:00,2.50,36.02,DATAGEN,CONFIRMED,1.000,v1,,2026-10-05T23:25:49.587976+08:00,2026-10-05T23:28:08.695318+08:00
5855,1,52,8,2026-09-14T11:15+08:00,2026-09-14T11:30+08:00,1.48,35.77,DATAGEN,CONFIRMED,0.950,v1,,2026-10-05T23:25:49.010146+08:00,2026-10-05T23:28:08.697482+08:00
7555,1,60,40,2026-09-14T11:35+08:00,2026-09-14T11:55+08:00,2.02,35.80,DATAGEN,CONFIRMED,0.978,v1,,2026-10-05T23:25:49.894979+08:00,2026-10-05T23:28:08.701769+08:00
7733,1,55,20,2026-09-14T11:35+08:00,2026-09-14T11:45+08:00,1.32,35.41,DATAGEN,CONFIRMED,0.979,v1,,2026-10-05T23:31:33.751757+08:00,2026-10-05T23:31:33.751757+08:00
7556,1,60,40,2026-09-14T12:30+08:00,2026-09-14T12:40+08:00,1.81,35.22,DATAGEN,CONFIRMED,1.000,v1,,2026-10-05T23:25:49.895137+08:00,2026-10-05T23:28:08.704062+08:00
5856,1,52,8,2026-09-14T12:55+08:00,2026-09-14T13:05+08:00,2.15,35.45,DATAGEN,CONFIRMED,1.000,v1,,2026-10-05T23:25:49.010392+08:00,2026-10-05T23:28:08.706393+08:00
6700,1,56,24,2026-09-14T12:55+08:00,2026-09-14T13:20+08:00,3.25,35.32,DATAGEN,CONFIRMED,0.997,v1,,2026-10-05T23:25:49.490983+08:00,2026-10-05T23:28:08.708645+08:00
7121,1,58,32,2026-09-14T12:55+08:00,2026-09-14T13:20+08:00,2.77,35.95,DATAGEN,CONFIRMED,1.000,v1,,2026-10-05T23:25:49.685723+08:00,2026-10-05T23:28:08.710832+08:00
7734,1,55,20,2026-09-14T13:05+08:00,2026-09-14T13:20+08:00,2.25,36.07,DATAGEN,CONFIRMED,0.869,v1,,2026-10-05T23:31:33.751887+08:00,2026-10-05T23:31:33.751887+08:00
6291,1,54,16,2026-09-14T13:10+08:00,2026-09-14T13:30+08:00,2.94,35.49,DATAGEN,CONFIRMED,1.000,v1,,2026-10-05T23:25:49.285457+08:00,2026-10-05T23:28:08.715137+08:00
6059,1,53,12,2026-09-14T13:20+08:00,2026-09-14T13:35+08:00,2.22,35.64,DATAGEN,CONFIRMED,0.910,v1,,2026-10-05T23:25:49.134996+08:00,2026-10-05T23:28:08.71721+08:00
5633,1,51,4,2026-09-14T13:45+08:00,2026-09-14T14:05+08:00,3.46,35.10,DATAGEN,CONFIRMED,1.000,v1,,2026-10-05T23:25:48.872697+08:00,2026-10-05T23:28:08.71921+08:00
7557,1,60,40,2026-09-14T13:55+08:00,2026-09-14T14:10+08:00,1.97,36.04,DATAGEN,CONFIRMED,0.938,v1,,2026-10-05T23:25:49.895306+08:00,2026-10-05T23:28:08.721232+08:00
6060,1,53,12,2026-09-14T14:25+08:00,2026-09-14T14:45+08:00,1.95,35.16,DATAGEN,CONFIRMED,0.990,v1,,2026-10-05T23:25:49.135233+08:00,2026-10-05T23:28:08.723245+08:00
5634,1,51,4,2026-09-14T14:45+08:00,2026-09-14T14:55+08:00,0.64,36.12,DATAGEN,CONFIRMED,0.902,v1,,2026-10-05T23:25:48.873008+08:00,2026-10-05T23:28:08.725301+08:00
7735,1,55,20,2026-09-14T14:45+08:00,2026-09-14T15:05+08:00,3.06,35.37,DATAGEN,CONFIRMED,0.986,v1,,2026-10-05T23:31:33.752013+08:00,2026-10-05T23:31:33.752013+08:00
7736,1,55,20,2026-09-14T15:25+08:00,2026-09-14T15:40+08:00,0.68,35.74,DATAGEN,CONFIRMED,0.836,v1,,2026-10-05T23:31:33.75216+08:00,2026-10-05T23:31:33.75216+08:00
7868,1,55,20,2026-09-14T15:35+08:00,2026-09-14T15:40+08:00,0.21,35.74,ALGORITHM_CANDIDATE,CONFIRMED,0.708,v1,,2026-10-05T23:31:33.771675+08:00,2026-10-05T23:31:33.771675+08:00
6061,1,53,12,2026-09-14T15:45+08:00,2026-09-14T16:00+08:00,1.61,35.94,DATAGEN,CONFIRMED,0.860,v1,,2026-10-05T23:25:49.135805+08:00,2026-10-05T23:28:08.733933+08:00
6701,1,56,24,2026-09-14T15:45+08:00,2026-09-14T16:10+08:00,2.47,36.14,DATAGEN,CONFIRMED,0.860,v1,,2026-10-05T23:25:49.491136+08:00,2026-10-05T23:28:08.736087+08:00
5968,1,52,8,2026-09-14T16:05+08:00,2026-09-14T16:20+08:00,3.13,35.78,ALGORITHM_CANDIDATE,CONFIRMED,0.770,v1,,2026-10-05T23:25:49.030972+08:00,2026-10-05T23:28:08.73822+08:00
6825,1,56,24,2026-09-14T16:05+08:00,2026-09-14T16:10+08:00,0.30,36.14,ALGORITHM_CANDIDATE,REJECTED,0.693,v1,,2026-10-05T23:25:49.508108+08:00,2026-10-05T23:28:08.740353+08:00
5635,1,51,4,2026-09-14T16:10+08:00,2026-09-14T16:25+08:00,2.75,35.61,DATAGEN,CONFIRMED,1.000,v1,,2026-10-05T23:25:48.873313+08:00,2026-10-05T23:28:08.742467+08:00
5857,1,52,8,2026-09-14T16:10+08:00,2026-09-14T16:20+08:00,1.80,35.78,DATAGEN,CONFIRMED,0.884,v1,,2026-10-05T23:25:49.010643+08:00,2026-10-05T23:28:08.744573+08:00
7343,1,59,36,2026-09-14T17:00+08:00,2026-09-14T17:25+08:00,4.04,35.02,DATAGEN,CONFIRMED,1.000,v1,,2026-10-05T23:25:49.784851+08:00,2026-10-05T23:28:08.746757+08:00
5858,1,52,8,2026-09-14T17:05+08:00,2026-09-14T17:10+08:00,1.10,35.83,DATAGEN,CONFIRMED,0.940,v1,,2026-10-05T23:25:49.010867+08:00,2026-10-05T23:28:08.748887+08:00
6195,1,53,12,2026-09-14T17:20+08:00,2026-09-14T17:30+08:00,1.66,36.29,ALGORITHM_CANDIDATE,CONFIRMED,0.802,v1,,2026-10-05T23:25:49.162393+08:00,2026-10-05T23:28:08.750996+08:00
7344,1,59,36,2026-09-14T18:40+08:00,2026-09-14T18:50+08:00,1.50,36.39,DATAGEN,CONFIRMED,0.854,v1,,2026-10-05T23:25:49.785012+08:00,2026-10-05T23:28:08.753096+08:00
6702,1,56,24,2026-09-14T18:55+08:00,2026-09-14T19:20+08:00,3.27,35.69,DATAGEN,CONFIRMED,0.935,v1,,2026-10-05T23:25:49.491302+08:00,2026-10-05T23:28:08.755146+08:00
7737,1,55,20,2026-09-14T19:30+08:00,2026-09-14T19:50+08:00,3.25,35.87,DATAGEN,CONFIRMED,0.903,v1,,2026-10-05T23:31:33.752292+08:00,2026-10-05T23:31:33.752292+08:00
6399,1,54,16,2026-09-14T19:55+08:00,2026-09-14T20:20+08:00,3.23,36.16,ALGORITHM_CANDIDATE,CONFIRMED,0.750,v1,,2026-10-05T23:25:49.304235+08:00,2026-10-05T23:28:08.759188+08:00
6292,1,54,16,2026-09-14T20:00+08:00,2026-09-14T20:20+08:00,2.57,36.16,DATAGEN,CONFIRMED,0.943,v1,,2026-10-05T23:25:49.285626+08:00,2026-10-05T23:28:08.761204+08:00
6062,1,53,12,2026-09-14T20:35+08:00,2026-09-14T21:00+08:00,3.19,35.58,DATAGEN,CONFIRMED,0.920,v1,,2026-10-05T23:25:49.136492+08:00,2026-10-05T23:28:08.763316+08:00
6703,1,56,24,2026-09-14T20:45+08:00,2026-09-14T21:00+08:00,2.21,36.16,DATAGEN,CONFIRMED,0.857,v1,,2026-10-05T23:25:49.491457+08:00,2026-10-05T23:28:08.765552+08:00
6293,1,54,16,2026-09-14T20:50+08:00,2026-09-14T21:00+08:00,1.61,35.73,DATAGEN,CONFIRMED,1.000,v1,,2026-10-05T23:25:49.285791+08:00,2026-10-05T23:28:08.767771+08:00
6196,1,53,12,2026-09-14T20:55+08:00,2026-09-14T21:00+08:00,0.22,35.58,ALGORITHM_CANDIDATE,REJECTED,0.709,v1,,2026-10-05T23:25:49.162531+08:00,2026-10-05T23:28:08.769916+08:00
5636,1,51,4,2026-09-15T06:10+08:00,2026-09-15T06:30+08:00,2.93,35.81,DATAGEN,CONFIRMED,0.975,v1,,2026-10-05T23:25:48.873624+08:00,2026-10-05T23:28:08.772067+08:00
7260,1,58,32,2026-09-15T06:10+08:00,2026-09-15T06:25+08:00,3.53,35.06,ALGORITHM_CANDIDATE,CONFIRMED,0.795,v1,,2026-10-05T23:25:49.706291+08:00,2026-10-05T23:28:08.774315+08:00
6918,1,57,28,2026-09-15T06:15+08:00,2026-09-15T06:40+08:00,3.34,35.21,DATAGEN,CONFIRMED,0.926,v1,,2026-10-05T23:25:49.588137+08:00,2026-10-05T23:28:08.77647+08:00
7122,1,58,32,2026-09-15T06:15+08:00,2026-09-15T06:25+08:00,2.38,35.06,DATAGEN,CONFIRMED,1.000,v1,,2026-10-05T23:25:49.685903+08:00,2026-10-05T23:28:08.778666+08:00
6063,1,53,12,2026-09-15T06:20+08:00,2026-09-15T06:55+08:00,3.47,35.01,DATAGEN,CONFIRMED,1.000,v1,,2026-10-05T23:25:49.136938+08:00,2026-10-05T23:28:08.780823+08:00
6197,1,53,12,2026-09-15T06:40+08:00,2026-09-15T06:55+08:00,0.68,35.01,ALGORITHM_CANDIDATE,REJECTED,0.793,v1,,2026-10-05T23:25:49.162655+08:00,2026-10-05T23:28:08.782963+08:00
6400,1,54,16,2026-09-15T06:55+08:00,2026-09-15T07:15+08:00,2.91,35.85,ALGORITHM_CANDIDATE,CONFIRMED,0.810,v1,,2026-10-05T23:25:49.304385+08:00,2026-10-05T23:28:08.785059+08:00
5859,1,52,8,2026-09-15T07:00+08:00,2026-09-15T07:15+08:00,3.22,35.03,DATAGEN,CONFIRMED,1.000,v1,,2026-10-05T23:25:49.011083+08:00,2026-10-05T23:28:08.787105+08:00
6294,1,54,16,2026-09-15T07:00+08:00,2026-09-15T07:15+08:00,2.37,35.85,DATAGEN,CONFIRMED,0.986,v1,,2026-10-05T23:25:49.285952+08:00,2026-10-05T23:28:08.789145+08:00
7738,1,55,20,2026-09-15T07:15+08:00,2026-09-15T07:35+08:00,2.93,35.60,DATAGEN,CONFIRMED,1.000,v1,,2026-10-05T23:31:33.752422+08:00,2026-10-05T23:31:33.752422+08:00
6064,1,53,12,2026-09-15T07:25+08:00,2026-09-15T07:35+08:00,0.82,35.61,DATAGEN,CONFIRMED,1.000,v1,,2026-10-05T23:25:49.137142+08:00,2026-10-05T23:28:08.793258+08:00
7123,1,58,32,2026-09-15T07:35+08:00,2026-09-15T07:45+08:00,1.29,35.67,DATAGEN,CONFIRMED,0.977,v1,,2026-10-05T23:25:49.686059+08:00,2026-10-05T23:28:08.795652+08:00
7558,1,60,40,2026-09-15T07:50+08:00,2026-09-15T08:10+08:00,3.15,35.22,DATAGEN,CONFIRMED,1.000,v1,,2026-10-05T23:25:49.895466+08:00,2026-10-05T23:28:08.797913+08:00
7345,1,59,36,2026-09-15T07:55+08:00,2026-09-15T08:25+08:00,3.27,35.16,DATAGEN,CONFIRMED,1.000,v1,,2026-10-05T23:25:49.785168+08:00,2026-10-05T23:28:08.800053+08:00
7649,1,60,40,2026-09-15T08:00+08:00,2026-09-15T08:10+08:00,0.55,35.22,ALGORITHM_CANDIDATE,CONFIRMED,0.819,v1,,2026-10-05T23:25:49.908988+08:00,2026-10-05T23:28:08.802206+08:00
5637,1,51,4,2026-09-15T08:10+08:00,2026-09-15T08:25+08:00,2.64,35.32,DATAGEN,CONFIRMED,1.000,v1,,2026-10-05T23:25:48.873902+08:00,2026-10-05T23:28:08.80433+08:00
6295,1,54,16,2026-09-15T08:40+08:00,2026-09-15T09:00+08:00,2.00,35.77,DATAGEN,CONFIRMED,0.999,v1,,2026-10-05T23:25:49.286112+08:00,2026-10-05T23:28:08.806451+08:00
6065,1,53,12,2026-09-15T09:00+08:00,2026-09-15T09:25+08:00,2.77,35.22,DATAGEN,CONFIRMED,0.990,v1,,2026-10-05T23:25:49.137407+08:00,2026-10-05T23:28:08.808632+08:00
5860,1,52,8,2026-09-15T09:10+08:00,2026-09-15T09:30+08:00,2.17,35.56,DATAGEN,CONFIRMED,0.934,v1,,2026-10-05T23:25:49.011296+08:00,2026-10-05T23:28:08.810763+08:00
6919,1,57,28,2026-09-15T09:15+08:00,2026-09-15T09:30+08:00,2.79,35.21,DATAGEN,CONFIRMED,1.000,v1,,2026-10-05T23:25:49.588313+08:00,2026-10-05T23:28:08.812912+08:00
6296,1,54,16,2026-09-15T09:45+08:00,2026-09-15T10:00+08:00,1.72,35.26,DATAGEN,CONFIRMED,1.000,v1,,2026-10-05T23:25:49.286263+08:00,2026-10-05T23:28:08.81503+08:00
7124,1,58,32,2026-09-15T10:25+08:00,2026-09-15T10:45+08:00,2.98,35.24,DATAGEN,CONFIRMED,1.000,v1,,2026-10-05T23:25:49.686215+08:00,2026-10-05T23:28:08.817272+08:00
5969,1,52,8,2026-09-15T10:55+08:00,2026-09-15T11:20+08:00,2.77,35.00,ALGORITHM_CANDIDATE,CONFIRMED,0.826,v1,,2026-10-05T23:25:49.031127+08:00,2026-10-05T23:28:08.819684+08:00
6297,1,54,16,2026-09-15T10:55+08:00,2026-09-15T11:15+08:00,2.54,35.12,DATAGEN,CONFIRMED,1.000,v1,,2026-10-05T23:25:49.286424+08:00,2026-10-05T23:28:08.822007+08:00
5861,1,52,8,2026-09-15T11:00+08:00,2026-09-15T11:20+08:00,2.54,35.00,DATAGEN,CONFIRMED,0.891,v1,,2026-10-05T23:25:49.011519+08:00,2026-10-05T23:28:08.824226+08:00
6704,1,56,24,2026-09-15T11:05+08:00,2026-09-15T11:25+08:00,3.36,35.00,DATAGEN,CONFIRMED,1.000,v1,,2026-10-05T23:25:49.491604+08:00,2026-10-05T23:28:08.826372+08:00
5638,1,51,4,2026-09-15T11:20+08:00,2026-09-15T11:30+08:00,2.35,35.98,DATAGEN,CONFIRMED,0.946,v1,,2026-10-05T23:25:48.874178+08:00,2026-10-05T23:28:08.828569+08:00
7125,1,58,32,2026-09-15T11:25+08:00,2026-09-15T11:35+08:00,2.16,35.00,DATAGEN,CONFIRMED,1.000,v1,,2026-10-05T23:25:49.686383+08:00,2026-10-05T23:28:08.830754+08:00
5862,1,52,8,2026-09-15T12:10+08:00,2026-09-15T12:25+08:00,1.55,35.11,DATAGEN,CONFIRMED,1.000,v1,,2026-10-05T23:25:49.011734+08:00,2026-10-05T23:28:08.833055+08:00
5970,1,52,8,2026-09-15T12:15+08:00,2026-09-15T12:25+08:00,0.31,35.11,ALGORITHM_CANDIDATE,CONFIRMED,0.753,v1,,2026-10-05T23:25:49.031267+08:00,2026-10-05T23:28:08.835372+08:00
6920,1,57,28,2026-09-15T12:35+08:00,2026-09-15T12:50+08:00,2.74,35.80,DATAGEN,CONFIRMED,0.962,v1,,2026-10-05T23:25:49.588468+08:00,2026-10-05T23:28:08.837761+08:00
7739,1,55,20,2026-09-15T13:45+08:00,2026-09-15T14:10+08:00,3.33,35.51,DATAGEN,CONFIRMED,1.000,v1,,2026-10-05T23:31:33.752559+08:00,2026-10-05T23:31:33.752559+08:00
5863,1,52,8,2026-09-15T14:45+08:00,2026-09-15T15:00+08:00,3.09,35.01,DATAGEN,CONFIRMED,1.000,v1,,2026-10-05T23:25:49.011954+08:00,2026-10-05T23:28:08.842151+08:00
7740,1,55,20,2026-09-15T15:50+08:00,2026-09-15T16:05+08:00,1.97,36.16,DATAGEN,CONFIRMED,0.985,v1,,2026-10-05T23:31:33.752724+08:00,2026-10-05T23:31:33.752724+08:00
6705,1,56,24,2026-09-15T15:55+08:00,2026-09-15T16:10+08:00,3.11,35.69,DATAGEN,CONFIRMED,1.000,v1,,2026-10-05T23:25:49.491752+08:00,2026-10-05T23:28:08.846418+08:00
7467,1,59,36,2026-09-15T16:40+08:00,2026-09-15T16:55+08:00,2.89,36.02,ALGORITHM_CANDIDATE,CONFIRMED,0.751,v1,,2026-10-05T23:25:49.803058+08:00,2026-10-05T23:28:08.848508+08:00
5971,1,52,8,2026-09-15T16:45+08:00,2026-09-15T17:00+08:00,1.91,36.34,ALGORITHM_CANDIDATE,CONFIRMED,0.767,v1,,2026-10-05T23:25:49.031406+08:00,2026-10-05T23:28:08.850656+08:00
7346,1,59,36,2026-09-15T16:50+08:00,2026-09-15T16:55+08:00,1.18,36.02,DATAGEN,CONFIRMED,0.945,v1,,2026-10-05T23:25:49.785329+08:00,2026-10-05T23:28:08.852655+08:00
5770,1,51,4,2026-09-15T17:00+08:00,2026-09-15T17:20+08:00,2.86,36.43,ALGORITHM_CANDIDATE,CONFIRMED,0.695,v1,,2026-10-05T23:25:48.909443+08:00,2026-10-05T23:28:08.854772+08:00
5639,1,51,4,2026-09-15T17:05+08:00,2026-09-15T17:20+08:00,2.18,36.43,DATAGEN,CONFIRMED,0.871,v1,,2026-10-05T23:25:48.874458+08:00,2026-10-05T23:28:08.856891+08:00
6066,1,53,12,2026-09-15T17:25+08:00,2026-09-15T17:50+08:00,2.81,36.28,DATAGEN,CONFIRMED,0.915,v1,,2026-10-05T23:25:49.137814+08:00,2026-10-05T23:28:08.858915+08:00
7347,1,59,36,2026-09-15T17:55+08:00,2026-09-15T18:05+08:00,2.24,35.47,DATAGEN,CONFIRMED,1.000,v1,,2026-10-05T23:25:49.785499+08:00,2026-10-05T23:28:08.860866+08:00
5640,1,51,4,2026-09-15T18:05+08:00,2026-09-15T18:20+08:00,1.30,36.40,DATAGEN,CONFIRMED,0.871,v1,,2026-10-05T23:25:48.874724+08:00,2026-10-05T23:28:08.86284+08:00
6921,1,57,28,2026-09-15T18:30+08:00,2026-09-15T18:50+08:00,3.57,35.49,DATAGEN,CONFIRMED,1.000,v1,,2026-10-05T23:25:49.588623+08:00,2026-10-05T23:28:08.864792+08:00
6706,1,56,24,2026-09-15T18:55+08:00,2026-09-15T19:10+08:00,2.56,36.06,DATAGEN,CONFIRMED,0.957,v1,,2026-10-05T23:25:49.491921+08:00,2026-10-05T23:28:08.866709+08:00
5864,1,52,8,2026-09-15T19:05+08:00,2026-09-15T19:25+08:00,3.45,35.34,DATAGEN,CONFIRMED,0.970,v1,,2026-10-05T23:25:49.012165+08:00,2026-10-05T23:28:08.86864+08:00
5972,1,52,8,2026-09-15T19:20+08:00,2026-09-15T19:25+08:00,0.26,35.34,ALGORITHM_CANDIDATE,CONFIRMED,0.781,v1,,2026-10-05T23:25:49.031541+08:00,2026-10-05T23:28:08.870597+08:00
6298,1,54,16,2026-09-15T19:20+08:00,2026-09-15T19:35+08:00,3.36,35.94,DATAGEN,CONFIRMED,0.971,v1,,2026-10-05T23:25:49.28658+08:00,2026-10-05T23:28:08.872536+08:00
7559,1,60,40,2026-09-15T19:25+08:00,2026-09-15T19:45+08:00,2.79,36.42,DATAGEN,CONFIRMED,0.955,v1,,2026-10-05T23:25:49.895624+08:00,2026-10-05T23:28:08.874485+08:00
7348,1,59,36,2026-09-15T19:40+08:00,2026-09-15T20:00+08:00,2.41,35.96,DATAGEN,CONFIRMED,0.955,v1,,2026-10-05T23:25:49.785642+08:00,2026-10-05T23:28:08.876585+08:00
7261,1,58,32,2026-09-15T19:50+08:00,2026-09-15T20:15+08:00,3.43,35.84,ALGORITHM_CANDIDATE,CONFIRMED,0.751,v1,,2026-10-05T23:25:49.706437+08:00,2026-10-05T23:28:08.878683+08:00
7126,1,58,32,2026-09-15T20:00+08:00,2026-09-15T20:15+08:00,2.14,35.84,DATAGEN,CONFIRMED,0.949,v1,,2026-10-05T23:25:49.686531+08:00,2026-10-05T23:28:08.880794+08:00
5641,1,51,4,2026-09-15T20:50+08:00,2026-09-15T21:10+08:00,2.99,36.21,DATAGEN,CONFIRMED,0.908,v1,,2026-10-05T23:25:48.874991+08:00,2026-10-05T23:28:08.882936+08:00
7127,1,58,32,2026-09-15T21:05+08:00,2026-09-15T21:15+08:00,1.41,36.23,DATAGEN,CONFIRMED,0.884,v1,,2026-10-05T23:25:49.686677+08:00,2026-10-05T23:28:08.885008+08:00
5642,1,51,4,2026-09-16T06:00+08:00,2026-09-16T06:30+08:00,3.49,35.24,DATAGEN,CONFIRMED,1.000,v1,,2026-10-05T23:25:48.875242+08:00,2026-10-05T23:28:08.887134+08:00
7741,1,55,20,2026-09-16T06:15+08:00,2026-09-16T06:40+08:00,2.83,35.86,DATAGEN,CONFIRMED,0.929,v1,,2026-10-05T23:31:33.752857+08:00,2026-10-05T23:31:33.752857+08:00
6299,1,54,16,2026-09-16T06:35+08:00,2026-09-16T06:55+08:00,3.65,35.05,DATAGEN,CONFIRMED,1.000,v1,,2026-10-05T23:25:49.286736+08:00,2026-10-05T23:28:08.891277+08:00
7349,1,59,36,2026-09-16T07:15+08:00,2026-09-16T07:35+08:00,3.34,35.05,DATAGEN,CONFIRMED,0.950,v1,,2026-10-05T23:25:49.785788+08:00,2026-10-05T23:28:08.893333+08:00
5865,1,52,8,2026-09-16T07:50+08:00,2026-09-16T08:15+08:00,3.32,35.18,DATAGEN,CONFIRMED,1.000,v1,,2026-10-05T23:25:49.012384+08:00,2026-10-05T23:28:08.895352+08:00
6198,1,53,12,2026-09-16T08:20+08:00,2026-09-16T08:45+08:00,3.13,35.26,ALGORITHM_CANDIDATE,CONFIRMED,0.804,v1,,2026-10-05T23:25:49.162782+08:00,2026-10-05T23:28:08.897335+08:00
6067,1,53,12,2026-09-16T08:25+08:00,2026-09-16T08:45+08:00,2.56,35.26,DATAGEN,CONFIRMED,1.000,v1,,2026-10-05T23:25:49.138222+08:00,2026-10-05T23:28:08.899424+08:00
6922,1,57,28,2026-09-16T08:35+08:00,2026-09-16T08:50+08:00,3.08,35.52,DATAGEN,CONFIRMED,1.000,v1,,2026-10-05T23:25:49.58878+08:00,2026-10-05T23:28:08.901719+08:00
5643,1,51,4,2026-09-16T08:55+08:00,2026-09-16T09:20+08:00,3.29,35.12,DATAGEN,CONFIRMED,1.000,v1,,2026-10-05T23:25:48.875495+08:00,2026-10-05T23:28:08.903986+08:00
7262,1,58,32,2026-09-16T09:20+08:00,2026-09-16T09:40+08:00,3.38,35.15,ALGORITHM_CANDIDATE,CONFIRMED,0.796,v1,,2026-10-05T23:25:49.706581+08:00,2026-10-05T23:28:08.906099+08:00
7560,1,60,40,2026-09-16T09:20+08:00,2026-09-16T09:55+08:00,2.99,35.55,DATAGEN,CONFIRMED,0.995,v1,,2026-10-05T23:25:49.895786+08:00,2026-10-05T23:28:08.908198+08:00
6707,1,56,24,2026-09-16T09:25+08:00,2026-09-16T09:45+08:00,2.93,35.50,DATAGEN,CONFIRMED,1.000,v1,,2026-10-05T23:25:49.492088+08:00,2026-10-05T23:28:08.910344+08:00
7128,1,58,32,2026-09-16T09:25+08:00,2026-09-16T09:40+08:00,2.22,35.15,DATAGEN,CONFIRMED,1.000,v1,,2026-10-05T23:25:49.68684+08:00,2026-10-05T23:28:08.91248+08:00
6068,1,53,12,2026-09-16T09:40+08:00,2026-09-16T09:55+08:00,2.01,35.05,DATAGEN,CONFIRMED,0.972,v1,,2026-10-05T23:25:49.138769+08:00,2026-10-05T23:28:08.914545+08:00
7350,1,59,36,2026-09-16T09:40+08:00,2026-09-16T09:55+08:00,2.06,35.73,DATAGEN,CONFIRMED,0.973,v1,,2026-10-05T23:25:49.785948+08:00,2026-10-05T23:28:08.916621+08:00
7650,1,60,40,2026-09-16T09:50+08:00,2026-09-16T09:55+08:00,0.22,35.55,ALGORITHM_CANDIDATE,REJECTED,0.784,v1,,2026-10-05T23:25:49.90913+08:00,2026-10-05T23:28:08.918702+08:00
7129,1,58,32,2026-09-16T10:15+08:00,2026-09-16T10:35+08:00,1.45,35.16,DATAGEN,CONFIRMED,0.985,v1,,2026-10-05T23:25:49.686995+08:00,2026-10-05T23:28:08.920766+08:00
7263,1,58,32,2026-09-16T10:20+08:00,2026-09-16T10:35+08:00,0.49,35.16,ALGORITHM_CANDIDATE,REJECTED,0.757,v1,,2026-10-05T23:25:49.706682+08:00,2026-10-05T23:28:08.924996+08:00
7742,1,55,20,2026-09-16T10:20+08:00,2026-09-16T10:40+08:00,3.51,35.11,DATAGEN,CONFIRMED,1.000,v1,,2026-10-05T23:31:33.753005+08:00,2026-10-05T23:31:33.753005+08:00
5644,1,51,4,2026-09-16T10:40+08:00,2026-09-16T10:55+08:00,2.25,35.24,DATAGEN,CONFIRMED,1.000,v1,,2026-10-05T23:25:48.875746+08:00,2026-10-05T23:28:08.927071+08:00
6300,1,54,16,2026-09-16T10:40+08:00,2026-09-16T11:00+08:00,2.86,35.79,DATAGEN,CONFIRMED,0.956,v1,,2026-10-05T23:25:49.286895+08:00,2026-10-05T23:28:08.929032+08:00
6069,1,53,12,2026-09-16T10:45+08:00,2026-09-16T11:00+08:00,1.22,35.48,DATAGEN,CONFIRMED,0.989,v1,,2026-10-05T23:25:49.1392+08:00,2026-10-05T23:28:08.931005+08:00
7130,1,58,32,2026-09-16T11:30+08:00,2026-09-16T11:40+08:00,1.76,35.23,DATAGEN,CONFIRMED,1.000,v1,,2026-10-05T23:25:49.687165+08:00,2026-10-05T23:28:08.933173+08:00
5645,1,51,4,2026-09-16T12:35+08:00,2026-09-16T12:50+08:00,2.28,36.02,DATAGEN,CONFIRMED,0.919,v1,,2026-10-05T23:25:48.87601+08:00,2026-10-05T23:28:08.93523+08:00
7743,1,55,20,2026-09-16T12:45+08:00,2026-09-16T13:05+08:00,2.87,35.25,DATAGEN,CONFIRMED,1.000,v1,,2026-10-05T23:31:33.753145+08:00,2026-10-05T23:31:33.753145+08:00
7651,1,60,40,2026-09-16T12:55+08:00,2026-09-16T13:10+08:00,3.35,35.06,ALGORITHM_CANDIDATE,CONFIRMED,0.814,v1,,2026-10-05T23:25:49.909264+08:00,2026-10-05T23:28:08.939414+08:00
7561,1,60,40,2026-09-16T13:00+08:00,2026-09-16T13:10+08:00,1.82,35.06,DATAGEN,CONFIRMED,0.937,v1,,2026-10-05T23:25:49.895947+08:00,2026-10-05T23:28:08.941529+08:00
6923,1,57,28,2026-09-16T13:25+08:00,2026-09-16T13:35+08:00,3.60,35.24,DATAGEN,CONFIRMED,1.000,v1,,2026-10-05T23:25:49.588937+08:00,2026-10-05T23:28:08.943707+08:00
7351,1,59,36,2026-09-16T13:30+08:00,2026-09-16T13:55+08:00,2.91,35.81,DATAGEN,CONFIRMED,0.960,v1,,2026-10-05T23:25:49.786094+08:00,2026-10-05T23:28:08.945789+08:00
7131,1,58,32,2026-09-16T13:40+08:00,2026-09-16T13:55+08:00,3.07,35.26,DATAGEN,CONFIRMED,1.000,v1,,2026-10-05T23:25:49.687322+08:00,2026-10-05T23:28:08.947865+08:00
6301,1,54,16,2026-09-16T13:45+08:00,2026-09-16T14:05+08:00,2.46,36.27,DATAGEN,CONFIRMED,0.876,v1,,2026-10-05T23:25:49.287052+08:00,2026-10-05T23:28:08.949969+08:00
7468,1,59,36,2026-09-16T13:50+08:00,2026-09-16T13:55+08:00,0.18,35.81,ALGORITHM_CANDIDATE,REJECTED,0.726,v1,,2026-10-05T23:25:49.803163+08:00,2026-10-05T23:28:08.952014+08:00
7562,1,60,40,2026-09-16T13:50+08:00,2026-09-16T13:55+08:00,0.85,36.10,DATAGEN,CONFIRMED,0.903,v1,,2026-10-05T23:25:49.89611+08:00,2026-10-05T23:28:08.954066+08:00
5646,1,51,4,2026-09-16T13:55+08:00,2026-09-16T14:15+08:00,2.06,36.03,DATAGEN,CONFIRMED,0.917,v1,,2026-10-05T23:25:48.876275+08:00,2026-10-05T23:28:08.956157+08:00
7744,1,55,20,2026-09-16T13:55+08:00,2026-09-16T14:05+08:00,0.89,35.99,DATAGEN,CONFIRMED,0.908,v1,,2026-10-05T23:31:33.75328+08:00,2026-10-05T23:31:33.75328+08:00
5771,1,51,4,2026-09-16T14:10+08:00,2026-09-16T14:15+08:00,0.25,36.03,ALGORITHM_CANDIDATE,CONFIRMED,0.723,v1,,2026-10-05T23:25:48.909628+08:00,2026-10-05T23:28:08.960337+08:00
7563,1,60,40,2026-09-16T14:10+08:00,2026-09-16T14:20+08:00,0.95,35.67,DATAGEN,CONFIRMED,0.975,v1,,2026-10-05T23:25:49.896261+08:00,2026-10-05T23:28:08.962407+08:00
7652,1,60,40,2026-09-16T14:15+08:00,2026-09-16T14:20+08:00,0.20,35.67,ALGORITHM_CANDIDATE,CONFIRMED,0.753,v1,,2026-10-05T23:25:49.909412+08:00,2026-10-05T23:28:08.966406+08:00
7745,1,55,20,2026-09-16T14:15+08:00,2026-09-16T14:20+08:00,0.53,35.86,DATAGEN,CONFIRMED,0.890,v1,,2026-10-05T23:31:33.753412+08:00,2026-10-05T23:31:33.753412+08:00
6199,1,53,12,2026-09-16T14:20+08:00,2026-09-16T14:40+08:00,2.89,35.81,ALGORITHM_CANDIDATE,CONFIRMED,0.695,v1,,2026-10-05T23:25:49.162908+08:00,2026-10-05T23:28:08.968344+08:00
6070,1,53,12,2026-09-16T14:30+08:00,2026-09-16T14:40+08:00,1.02,35.81,DATAGEN,CONFIRMED,0.869,v1,,2026-10-05T23:25:49.139396+08:00,2026-10-05T23:28:08.970315+08:00
6302,1,54,16,2026-09-16T14:40+08:00,2026-09-16T14:50+08:00,1.32,36.09,DATAGEN,CONFIRMED,0.906,v1,,2026-10-05T23:25:49.287209+08:00,2026-10-05T23:28:08.972408+08:00
7564,1,60,40,2026-09-16T14:55+08:00,2026-09-16T15:10+08:00,1.72,35.41,DATAGEN,CONFIRMED,1.000,v1,,2026-10-05T23:25:49.896434+08:00,2026-10-05T23:28:08.974509+08:00
6071,1,53,12,2026-09-16T15:00+08:00,2026-09-16T15:10+08:00,1.01,35.44,DATAGEN,CONFIRMED,0.996,v1,,2026-10-05T23:25:49.139584+08:00,2026-10-05T23:28:08.976588+08:00
7653,1,60,40,2026-09-16T15:05+08:00,2026-09-16T15:10+08:00,0.26,35.41,ALGORITHM_CANDIDATE,CONFIRMED,0.811,v1,,2026-10-05T23:25:49.909551+08:00,2026-10-05T23:28:08.978798+08:00
5647,1,51,4,2026-09-16T15:20+08:00,2026-09-16T15:35+08:00,2.77,35.59,DATAGEN,CONFIRMED,0.991,v1,,2026-10-05T23:25:48.876543+08:00,2026-10-05T23:28:08.980841+08:00
5772,1,51,4,2026-09-16T15:30+08:00,2026-09-16T15:35+08:00,0.17,35.59,ALGORITHM_CANDIDATE,CONFIRMED,0.752,v1,,2026-10-05T23:25:48.909805+08:00,2026-10-05T23:28:08.982925+08:00
6826,1,56,24,2026-09-16T15:40+08:00,2026-09-16T16:00+08:00,3.37,35.33,ALGORITHM_CANDIDATE,CONFIRMED,0.793,v1,,2026-10-05T23:25:49.508193+08:00,2026-10-05T23:28:08.984996+08:00
6072,1,53,12,2026-09-16T15:50+08:00,2026-09-16T16:00+08:00,1.70,35.09,DATAGEN,CONFIRMED,1.000,v1,,2026-10-05T23:25:49.139773+08:00,2026-10-05T23:28:08.987082+08:00
6708,1,56,24,2026-09-16T15:50+08:00,2026-09-16T16:00+08:00,1.78,35.33,DATAGEN,CONFIRMED,1.000,v1,,2026-10-05T23:25:49.492247+08:00,2026-10-05T23:28:08.991258+08:00
7746,1,55,20,2026-09-16T15:50+08:00,2026-09-16T16:15+08:00,2.95,35.45,DATAGEN,CONFIRMED,0.998,v1,,2026-10-05T23:31:33.75354+08:00,2026-10-05T23:31:33.75354+08:00
7132,1,58,32,2026-09-16T16:30+08:00,2026-09-16T16:55+08:00,2.78,36.11,DATAGEN,CONFIRMED,0.870,v1,,2026-10-05T23:25:49.687478+08:00,2026-10-05T23:28:08.993334+08:00
6073,1,53,12,2026-09-16T16:50+08:00,2026-09-16T17:05+08:00,1.00,36.31,DATAGEN,CONFIRMED,0.834,v1,,2026-10-05T23:25:49.139956+08:00,2026-10-05T23:28:08.995512+08:00
6709,1,56,24,2026-09-16T17:05+08:00,2026-09-16T17:20+08:00,1.79,35.23,DATAGEN,CONFIRMED,1.000,v1,,2026-10-05T23:25:49.492402+08:00,2026-10-05T23:28:08.99763+08:00
7352,1,59,36,2026-09-16T17:05+08:00,2026-09-16T17:25+08:00,3.32,35.69,DATAGEN,CONFIRMED,0.980,v1,,2026-10-05T23:25:49.786243+08:00,2026-10-05T23:28:08.999733+08:00
6074,1,53,12,2026-09-16T17:10+08:00,2026-09-16T17:15+08:00,0.47,36.21,DATAGEN,CONFIRMED,0.795,v1,,2026-10-05T23:25:49.140148+08:00,2026-10-05T23:28:09.001712+08:00
6303,1,54,16,2026-09-16T17:20+08:00,2026-09-16T17:35+08:00,3.54,35.46,DATAGEN,CONFIRMED,1.000,v1,,2026-10-05T23:25:49.287369+08:00,2026-10-05T23:28:09.003689+08:00
5773,1,51,4,2026-09-16T18:00+08:00,2026-09-16T18:20+08:00,2.54,36.58,ALGORITHM_CANDIDATE,CONFIRMED,0.722,v1,,2026-10-05T23:25:48.909985+08:00,2026-10-05T23:28:09.005746+08:00
7133,1,58,32,2026-09-16T18:05+08:00,2026-09-16T18:20+08:00,3.36,35.23,DATAGEN,CONFIRMED,1.000,v1,,2026-10-05T23:25:49.687626+08:00,2026-10-05T23:28:09.007751+08:00
7747,1,55,20,2026-09-16T18:20+08:00,2026-09-16T18:30+08:00,2.77,35.94,DATAGEN,CONFIRMED,0.916,v1,,2026-10-05T23:31:33.753668+08:00,2026-10-05T23:31:33.753668+08:00
6304,1,54,16,2026-09-16T18:30+08:00,2026-09-16T18:50+08:00,2.34,35.64,DATAGEN,CONFIRMED,0.981,v1,,2026-10-05T23:25:49.287518+08:00,2026-10-05T23:28:09.01202+08:00
6401,1,54,16,2026-09-16T18:45+08:00,2026-09-16T18:50+08:00,0.27,35.64,ALGORITHM_CANDIDATE,REJECTED,0.797,v1,,2026-10-05T23:25:49.304515+08:00,2026-10-05T23:28:09.014116+08:00
7353,1,59,36,2026-09-16T18:50+08:00,2026-09-16T19:10+08:00,2.57,35.66,DATAGEN,CONFIRMED,0.985,v1,,2026-10-05T23:25:49.786405+08:00,2026-10-05T23:28:09.016178+08:00
7748,1,55,20,2026-09-16T18:55+08:00,2026-09-16T19:10+08:00,1.36,35.97,DATAGEN,CONFIRMED,0.911,v1,,2026-10-05T23:31:33.753794+08:00,2026-10-05T23:31:33.753794+08:00
7869,1,55,20,2026-09-16T19:05+08:00,2026-09-16T19:10+08:00,0.16,35.97,ALGORITHM_CANDIDATE,REJECTED,0.667,v1,,2026-10-05T23:31:33.771808+08:00,2026-10-05T23:31:33.771808+08:00
5973,1,52,8,2026-09-16T19:45+08:00,2026-09-16T20:10+08:00,3.23,35.93,ALGORITHM_CANDIDATE,CONFIRMED,0.764,v1,,2026-10-05T23:25:49.031699+08:00,2026-10-05T23:28:09.022473+08:00
5866,1,52,8,2026-09-16T19:55+08:00,2026-09-16T20:10+08:00,2.25,35.93,DATAGEN,CONFIRMED,0.978,v1,,2026-10-05T23:25:49.012588+08:00,2026-10-05T23:28:09.024591+08:00
6924,1,57,28,2026-09-16T20:10+08:00,2026-09-16T20:40+08:00,2.84,36.39,DATAGEN,CONFIRMED,0.931,v1,,2026-10-05T23:25:49.5891+08:00,2026-10-05T23:28:09.026804+08:00
7565,1,60,40,2026-09-16T20:10+08:00,2026-09-16T20:25+08:00,3.38,35.79,DATAGEN,CONFIRMED,0.920,v1,,2026-10-05T23:25:49.896592+08:00,2026-10-05T23:28:09.02897+08:00
6402,1,54,16,2026-09-16T20:20+08:00,2026-09-16T20:35+08:00,2.23,36.57,ALGORITHM_CANDIDATE,CONFIRMED,0.723,v1,,2026-10-05T23:25:49.304647+08:00,2026-10-05T23:28:09.031046+08:00
6710,1,56,24,2026-09-16T20:20+08:00,2026-09-16T20:35+08:00,2.66,36.09,DATAGEN,CONFIRMED,0.932,v1,,2026-10-05T23:25:49.492567+08:00,2026-10-05T23:28:09.033136+08:00
7654,1,60,40,2026-09-16T20:20+08:00,2026-09-16T20:25+08:00,0.22,35.79,ALGORITHM_CANDIDATE,CONFIRMED,0.744,v1,,2026-10-05T23:25:49.909694+08:00,2026-10-05T23:28:09.03514+08:00
7566,1,60,40,2026-09-16T20:30+08:00,2026-09-16T20:35+08:00,0.58,35.48,DATAGEN,CONFIRMED,0.989,v1,,2026-10-05T23:25:49.896749+08:00,2026-10-05T23:28:09.037108+08:00
7045,1,57,28,2026-09-16T20:35+08:00,2026-09-16T20:40+08:00,0.23,36.39,ALGORITHM_CANDIDATE,REJECTED,0.731,v1,,2026-10-05T23:25:49.606803+08:00,2026-10-05T23:28:09.039155+08:00
7134,1,58,32,2026-09-16T20:40+08:00,2026-09-16T20:55+08:00,2.74,35.87,DATAGEN,CONFIRMED,0.910,v1,,2026-10-05T23:25:49.687789+08:00,2026-10-05T23:28:09.041162+08:00
5867,1,52,8,2026-09-16T21:10+08:00,2026-09-16T21:25+08:00,1.93,35.62,DATAGEN,CONFIRMED,1.000,v1,,2026-10-05T23:25:49.012789+08:00,2026-10-05T23:28:09.043224+08:00
5648,1,51,4,2026-09-17T06:05+08:00,2026-09-17T06:25+08:00,3.28,35.36,DATAGEN,CONFIRMED,0.991,v1,,2026-10-05T23:25:48.876798+08:00,2026-10-05T23:28:09.04546+08:00
6711,1,56,24,2026-09-17T06:15+08:00,2026-09-17T06:35+08:00,2.98,35.46,DATAGEN,CONFIRMED,0.987,v1,,2026-10-05T23:25:49.492721+08:00,2026-10-05T23:28:09.047576+08:00
7469,1,59,36,2026-09-17T06:35+08:00,2026-09-17T06:55+08:00,2.83,35.54,ALGORITHM_CANDIDATE,CONFIRMED,0.746,v1,,2026-10-05T23:25:49.803264+08:00,2026-10-05T23:28:09.049683+08:00
6925,1,57,28,2026-09-17T06:40+08:00,2026-09-17T07:00+08:00,3.12,35.51,DATAGEN,CONFIRMED,1.000,v1,,2026-10-05T23:25:49.589257+08:00,2026-10-05T23:28:09.051764+08:00
7354,1,59,36,2026-09-17T06:40+08:00,2026-09-17T06:55+08:00,2.28,35.54,DATAGEN,CONFIRMED,0.921,v1,,2026-10-05T23:25:49.786551+08:00,2026-10-05T23:28:09.053869+08:00
7046,1,57,28,2026-09-17T06:55+08:00,2026-09-17T07:00+08:00,0.27,35.51,ALGORITHM_CANDIDATE,CONFIRMED,0.817,v1,,2026-10-05T23:25:49.606897+08:00,2026-10-05T23:28:09.055956+08:00
7567,1,60,40,2026-09-17T06:55+08:00,2026-09-17T07:10+08:00,3.05,35.47,DATAGEN,CONFIRMED,0.980,v1,,2026-10-05T23:25:49.896927+08:00,2026-10-05T23:28:09.058032+08:00
7355,1,59,36,2026-09-17T07:20+08:00,2026-09-17T07:35+08:00,1.11,35.20,DATAGEN,REJECTED,0.978,v1,,2026-10-05T23:25:49.786702+08:00,2026-10-05T23:28:09.060075+08:00
7470,1,59,36,2026-09-17T07:25+08:00,2026-09-17T07:35+08:00,0.47,35.20,ALGORITHM_CANDIDATE,REJECTED,0.775,v1,,2026-10-05T23:25:49.80336+08:00,2026-10-05T23:28:09.062144+08:00
7749,1,55,20,2026-09-17T08:25+08:00,2026-09-17T08:45+08:00,3.20,35.51,DATAGEN,CONFIRMED,0.976,v1,,2026-10-05T23:31:33.753932+08:00,2026-10-05T23:31:33.753932+08:00
6926,1,57,28,2026-09-17T08:45+08:00,2026-09-17T09:00+08:00,2.21,35.86,DATAGEN,CONFIRMED,0.969,v1,,2026-10-05T23:25:49.589418+08:00,2026-10-05T23:28:09.066314+08:00
5649,1,51,4,2026-09-17T09:05+08:00,2026-09-17T09:30+08:00,3.04,35.31,DATAGEN,CONFIRMED,0.999,v1,,2026-10-05T23:25:48.877064+08:00,2026-10-05T23:28:09.06838+08:00
7750,1,55,20,2026-09-17T09:05+08:00,2026-09-17T09:15+08:00,0.63,35.38,DATAGEN,CONFIRMED,0.839,v1,,2026-10-05T23:31:33.754057+08:00,2026-10-05T23:31:33.754057+08:00
7356,1,59,36,2026-09-17T09:30+08:00,2026-09-17T09:45+08:00,2.29,35.54,DATAGEN,CONFIRMED,0.921,v1,,2026-10-05T23:25:49.786848+08:00,2026-10-05T23:28:09.072535+08:00
6927,1,57,28,2026-09-17T09:40+08:00,2026-09-17T09:50+08:00,1.04,35.84,DATAGEN,CONFIRMED,0.972,v1,,2026-10-05T23:25:49.58956+08:00,2026-10-05T23:28:09.074484+08:00
6200,1,53,12,2026-09-17T09:45+08:00,2026-09-17T10:05+08:00,3.18,35.41,ALGORITHM_CANDIDATE,CONFIRMED,0.822,v1,,2026-10-05T23:25:49.163033+08:00,2026-10-05T23:28:09.076447+08:00
5650,1,51,4,2026-09-17T09:50+08:00,2026-09-17T09:55+08:00,0.75,35.44,DATAGEN,CONFIRMED,0.977,v1,,2026-10-05T23:25:48.877309+08:00,2026-10-05T23:28:09.078491+08:00
6075,1,53,12,2026-09-17T09:50+08:00,2026-09-17T10:05+08:00,2.81,35.41,DATAGEN,CONFIRMED,1.000,v1,,2026-10-05T23:25:49.140334+08:00,2026-10-05T23:28:09.080589+08:00
7357,1,59,36,2026-09-17T10:05+08:00,2026-09-17T10:25+08:00,1.14,35.12,DATAGEN,CONFIRMED,0.969,v1,,2026-10-05T23:25:49.786996+08:00,2026-10-05T23:28:09.08263+08:00
7471,1,59,36,2026-09-17T10:10+08:00,2026-09-17T10:25+08:00,0.58,35.12,ALGORITHM_CANDIDATE,CONFIRMED,0.766,v1,,2026-10-05T23:25:49.803453+08:00,2026-10-05T23:28:09.084846+08:00
5868,1,52,8,2026-09-17T10:30+08:00,2026-09-17T10:50+08:00,2.50,35.81,DATAGEN,CONFIRMED,0.966,v1,,2026-10-05T23:25:49.012985+08:00,2026-10-05T23:28:09.087185+08:00
7751,1,55,20,2026-09-17T10:45+08:00,2026-09-17T10:55+08:00,2.36,35.48,DATAGEN,CONFIRMED,0.975,v1,,2026-10-05T23:31:33.75448+08:00,2026-10-05T23:31:33.75448+08:00
7135,1,58,32,2026-09-17T10:50+08:00,2026-09-17T11:10+08:00,3.60,35.05,DATAGEN,CONFIRMED,1.000,v1,,2026-10-05T23:25:49.687956+08:00,2026-10-05T23:28:09.091707+08:00
6076,1,53,12,2026-09-17T11:10+08:00,2026-09-17T11:25+08:00,2.05,35.44,DATAGEN,CONFIRMED,1.000,v1,,2026-10-05T23:25:49.140515+08:00,2026-10-05T23:28:09.093799+08:00
7568,1,60,40,2026-09-17T11:20+08:00,2026-09-17T11:50+08:00,3.02,35.44,DATAGEN,CONFIRMED,0.985,v1,,2026-10-05T23:25:49.897087+08:00,2026-10-05T23:28:09.095959+08:00
7752,1,55,20,2026-09-17T11:30+08:00,2026-09-17T11:45+08:00,1.34,35.58,DATAGEN,CONFIRMED,0.964,v1,,2026-10-05T23:31:33.754632+08:00,2026-10-05T23:31:33.754632+08:00
7358,1,59,36,2026-09-17T11:35+08:00,2026-09-17T11:50+08:00,1.77,35.42,DATAGEN,CONFIRMED,0.941,v1,,2026-10-05T23:25:49.78715+08:00,2026-10-05T23:28:09.105392+08:00
7870,1,55,20,2026-09-17T11:40+08:00,2026-09-17T11:45+08:00,0.29,35.58,ALGORITHM_CANDIDATE,REJECTED,0.792,v1,,2026-10-05T23:31:33.771937+08:00,2026-10-05T23:31:33.771937+08:00
5869,1,52,8,2026-09-17T11:45+08:00,2026-09-17T12:05+08:00,2.60,35.07,DATAGEN,CONFIRMED,1.000,v1,,2026-10-05T23:25:49.013187+08:00,2026-10-05T23:28:09.110801+08:00
6827,1,56,24,2026-09-17T12:15+08:00,2026-09-17T12:35+08:00,3.38,35.20,ALGORITHM_CANDIDATE,CONFIRMED,0.831,v1,,2026-10-05T23:25:49.508296+08:00,2026-10-05T23:28:09.113293+08:00
6712,1,56,24,2026-09-17T12:20+08:00,2026-09-17T12:35+08:00,3.16,35.20,DATAGEN,CONFIRMED,1.000,v1,,2026-10-05T23:25:49.492873+08:00,2026-10-05T23:28:09.115734+08:00
5651,1,51,4,2026-09-17T12:35+08:00,2026-09-17T12:55+08:00,3.13,35.46,DATAGEN,CONFIRMED,0.974,v1,,2026-10-05T23:25:48.877557+08:00,2026-10-05T23:28:09.118219+08:00
6305,1,54,16,2026-09-17T12:45+08:00,2026-09-17T13:05+08:00,2.84,35.97,DATAGEN,CONFIRMED,1.000,v1,,2026-10-05T23:25:49.287682+08:00,2026-10-05T23:28:09.120663+08:00
7569,1,60,40,2026-09-17T12:45+08:00,2026-09-17T12:55+08:00,1.47,35.71,DATAGEN,CONFIRMED,0.940,v1,,2026-10-05T23:25:49.897248+08:00,2026-10-05T23:28:09.123201+08:00
7753,1,55,20,2026-09-17T13:10+08:00,2026-09-17T13:25+08:00,2.62,35.15,DATAGEN,CONFIRMED,1.000,v1,,2026-10-05T23:31:33.755822+08:00,2026-10-05T23:31:33.755822+08:00
6713,1,56,24,2026-09-17T13:30+08:00,2026-09-17T13:45+08:00,1.97,35.56,DATAGEN,CONFIRMED,0.970,v1,,2026-10-05T23:25:49.493029+08:00,2026-10-05T23:28:09.128267+08:00
5652,1,51,4,2026-09-17T14:15+08:00,2026-09-17T14:30+08:00,2.04,36.19,DATAGEN,CONFIRMED,0.852,v1,,2026-10-05T23:25:48.877809+08:00,2026-10-05T23:28:09.130897+08:00
7570,1,60,40,2026-09-17T14:25+08:00,2026-09-17T14:45+08:00,3.09,35.33,DATAGEN,CONFIRMED,1.000,v1,,2026-10-05T23:25:49.897406+08:00,2026-10-05T23:28:09.143497+08:00
5653,1,51,4,2026-09-17T14:40+08:00,2026-09-17T14:50+08:00,1.21,35.33,DATAGEN,CONFIRMED,0.996,v1,,2026-10-05T23:25:48.878075+08:00,2026-10-05T23:28:09.147084+08:00
6928,1,57,28,2026-09-17T14:40+08:00,2026-09-17T15:00+08:00,3.70,35.31,DATAGEN,CONFIRMED,1.000,v1,,2026-10-05T23:25:49.589708+08:00,2026-10-05T23:28:09.149817+08:00
5870,1,52,8,2026-09-17T14:45+08:00,2026-09-17T15:00+08:00,2.85,35.43,DATAGEN,CONFIRMED,1.000,v1,,2026-10-05T23:25:49.013388+08:00,2026-10-05T23:28:09.152781+08:00
7754,1,55,20,2026-09-17T14:55+08:00,2026-09-17T15:10+08:00,3.11,35.41,DATAGEN,CONFIRMED,0.993,v1,,2026-10-05T23:31:33.755999+08:00,2026-10-05T23:31:33.755999+08:00
5654,1,51,4,2026-09-17T15:00+08:00,2026-09-17T15:05+08:00,0.53,35.37,DATAGEN,CONFIRMED,0.950,v1,,2026-10-05T23:25:48.878336+08:00,2026-10-05T23:28:09.157823+08:00
6306,1,54,16,2026-09-17T15:00+08:00,2026-09-17T15:20+08:00,2.62,35.80,DATAGEN,CONFIRMED,1.000,v1,,2026-10-05T23:25:49.287845+08:00,2026-10-05T23:28:09.160272+08:00
6403,1,54,16,2026-09-17T15:15+08:00,2026-09-17T15:20+08:00,0.25,35.80,ALGORITHM_CANDIDATE,REJECTED,0.806,v1,,2026-10-05T23:25:49.304778+08:00,2026-10-05T23:28:09.162718+08:00
7359,1,59,36,2026-09-17T15:15+08:00,2026-09-17T15:35+08:00,3.62,35.18,DATAGEN,CONFIRMED,0.981,v1,,2026-10-05T23:25:49.7873+08:00,2026-10-05T23:28:09.16512+08:00
6077,1,53,12,2026-09-17T15:55+08:00,2026-09-17T16:10+08:00,3.11,35.83,DATAGEN,CONFIRMED,0.951,v1,,2026-10-05T23:25:49.140697+08:00,2026-10-05T23:28:09.16754+08:00
5871,1,52,8,2026-09-17T16:05+08:00,2026-09-17T16:15+08:00,1.79,35.89,DATAGEN,CONFIRMED,0.909,v1,,2026-10-05T23:25:49.013587+08:00,2026-10-05T23:28:09.170112+08:00
7571,1,60,40,2026-09-17T16:10+08:00,2026-09-17T16:25+08:00,1.73,36.15,DATAGEN,CONFIRMED,0.867,v1,,2026-10-05T23:25:49.897568+08:00,2026-10-05T23:28:09.17217+08:00
5655,1,51,4,2026-09-17T16:30+08:00,2026-09-17T16:55+08:00,2.38,35.34,DATAGEN,CONFIRMED,0.927,v1,,2026-10-05T23:25:48.878592+08:00,2026-10-05T23:28:09.174002+08:00
7755,1,55,20,2026-09-17T16:45+08:00,2026-09-17T17:00+08:00,2.97,35.49,DATAGEN,CONFIRMED,0.979,v1,,2026-10-05T23:31:33.756134+08:00,2026-10-05T23:31:33.756134+08:00
6828,1,56,24,2026-09-17T17:00+08:00,2026-09-17T17:20+08:00,3.17,35.63,ALGORITHM_CANDIDATE,CONFIRMED,0.776,v1,,2026-10-05T23:25:49.508394+08:00,2026-10-05T23:28:09.177996+08:00
5656,1,51,4,2026-09-17T17:05+08:00,2026-09-17T17:10+08:00,0.41,35.57,DATAGEN,CONFIRMED,0.850,v1,,2026-10-05T23:25:48.878845+08:00,2026-10-05T23:28:09.180128+08:00
6078,1,53,12,2026-09-17T17:05+08:00,2026-09-17T17:20+08:00,2.10,35.93,DATAGEN,CONFIRMED,0.961,v1,,2026-10-05T23:25:49.140877+08:00,2026-10-05T23:28:09.182213+08:00
6714,1,56,24,2026-09-17T17:05+08:00,2026-09-17T17:20+08:00,2.23,35.63,DATAGEN,CONFIRMED,0.959,v1,,2026-10-05T23:25:49.493181+08:00,2026-10-05T23:28:09.184292+08:00
7360,1,59,36,2026-09-17T17:15+08:00,2026-09-17T17:35+08:00,2.70,35.30,DATAGEN,CONFIRMED,0.961,v1,,2026-10-05T23:25:49.787452+08:00,2026-10-05T23:28:09.186384+08:00
5872,1,52,8,2026-09-17T17:20+08:00,2026-09-17T17:30+08:00,1.85,35.78,DATAGEN,CONFIRMED,0.971,v1,,2026-10-05T23:25:49.013781+08:00,2026-10-05T23:28:09.188419+08:00
7136,1,58,32,2026-09-17T17:20+08:00,2026-09-17T17:35+08:00,3.45,35.68,DATAGEN,CONFIRMED,1.000,v1,,2026-10-05T23:25:49.688103+08:00,2026-10-05T23:28:09.190498+08:00
6929,1,57,28,2026-09-17T17:40+08:00,2026-09-17T18:05+08:00,3.04,35.92,DATAGEN,CONFIRMED,0.959,v1,,2026-10-05T23:25:49.589856+08:00,2026-10-05T23:28:09.192571+08:00
6715,1,56,24,2026-09-17T18:00+08:00,2026-09-17T18:15+08:00,1.56,35.64,DATAGEN,CONFIRMED,0.957,v1,,2026-10-05T23:25:49.493345+08:00,2026-10-05T23:28:09.194607+08:00
5657,1,51,4,2026-09-17T18:30+08:00,2026-09-17T18:40+08:00,2.51,35.42,DATAGEN,CONFIRMED,0.981,v1,,2026-10-05T23:25:48.879103+08:00,2026-10-05T23:28:09.196669+08:00
7756,1,55,20,2026-09-17T18:30+08:00,2026-09-17T18:55+08:00,2.98,35.51,DATAGEN,CONFIRMED,0.976,v1,,2026-10-05T23:31:33.756409+08:00,2026-10-05T23:31:33.756409+08:00
7572,1,60,40,2026-09-17T19:00+08:00,2026-09-17T19:20+08:00,2.92,35.97,DATAGEN,CONFIRMED,0.884,v1,,2026-10-05T23:25:49.897719+08:00,2026-10-05T23:28:09.200837+08:00
7361,1,59,36,2026-09-17T19:35+08:00,2026-09-17T19:50+08:00,3.53,35.23,DATAGEN,CONFIRMED,0.973,v1,,2026-10-05T23:25:49.787601+08:00,2026-10-05T23:28:09.202878+08:00
6716,1,56,24,2026-09-17T19:40+08:00,2026-09-17T19:55+08:00,2.24,35.64,DATAGEN,CONFIRMED,0.957,v1,,2026-10-05T23:25:49.493504+08:00,2026-10-05T23:28:09.204929+08:00
6307,1,54,16,2026-09-17T20:15+08:00,2026-09-17T20:40+08:00,2.91,36.41,DATAGEN,CONFIRMED,0.948,v1,,2026-10-05T23:25:49.287998+08:00,2026-10-05T23:28:09.206973+08:00
6079,1,53,12,2026-09-17T20:40+08:00,2026-09-17T21:05+08:00,2.67,36.39,DATAGEN,CONFIRMED,0.884,v1,,2026-10-05T23:25:49.141066+08:00,2026-10-05T23:28:09.209002+08:00
7573,1,60,40,2026-09-17T20:40+08:00,2026-09-17T20:55+08:00,2.17,36.06,DATAGEN,CONFIRMED,0.875,v1,,2026-10-05T23:25:49.897891+08:00,2026-10-05T23:28:09.210952+08:00
7655,1,60,40,2026-09-17T20:50+08:00,2026-09-17T20:55+08:00,0.27,36.06,ALGORITHM_CANDIDATE,CONFIRMED,0.699,v1,,2026-10-05T23:25:49.909834+08:00,2026-10-05T23:28:09.212861+08:00
7264,1,58,32,2026-09-18T06:00+08:00,2026-09-18T06:15+08:00,3.33,35.11,ALGORITHM_CANDIDATE,CONFIRMED,0.781,v1,,2026-10-05T23:25:49.706781+08:00,2026-10-05T23:28:09.214751+08:00
6829,1,56,24,2026-09-18T06:10+08:00,2026-09-18T06:45+08:00,3.37,35.11,ALGORITHM_CANDIDATE,CONFIRMED,0.772,v1,,2026-10-05T23:25:49.508485+08:00,2026-10-05T23:28:09.21672+08:00
7137,1,58,32,2026-09-18T06:10+08:00,2026-09-18T06:15+08:00,1.46,35.11,DATAGEN,CONFIRMED,0.938,v1,,2026-10-05T23:25:49.688275+08:00,2026-10-05T23:28:09.220268+08:00
7871,1,55,20,2026-09-18T06:15+08:00,2026-09-18T06:45+08:00,3.32,35.28,ALGORITHM_CANDIDATE,CONFIRMED,0.801,v1,,2026-10-05T23:31:33.772098+08:00,2026-10-05T23:31:33.772098+08:00
6717,1,56,24,2026-09-18T06:20+08:00,2026-09-18T06:45+08:00,1.65,35.11,DATAGEN,REJECTED,0.986,v1,,2026-10-05T23:25:49.493656+08:00,2026-10-05T23:28:09.230097+08:00
7757,1,55,20,2026-09-18T06:25+08:00,2026-09-18T06:45+08:00,2.30,35.28,DATAGEN,CONFIRMED,0.976,v1,,2026-10-05T23:31:33.757125+08:00,2026-10-05T23:31:33.757125+08:00
6080,1,53,12,2026-09-18T06:35+08:00,2026-09-18T07:00+08:00,3.10,35.41,DATAGEN,CONFIRMED,0.973,v1,,2026-10-05T23:25:49.141242+08:00,2026-10-05T23:28:09.234933+08:00
6201,1,53,12,2026-09-18T06:55+08:00,2026-09-18T07:00+08:00,0.24,35.41,ALGORITHM_CANDIDATE,CONFIRMED,0.773,v1,,2026-10-05T23:25:49.163153+08:00,2026-10-05T23:28:09.236965+08:00
5873,1,52,8,2026-09-18T07:05+08:00,2026-09-18T07:35+08:00,3.06,35.16,DATAGEN,CONFIRMED,1.000,v1,,2026-10-05T23:25:49.013981+08:00,2026-10-05T23:28:09.23896+08:00
7138,1,58,32,2026-09-18T07:10+08:00,2026-09-18T07:20+08:00,1.54,35.05,DATAGEN,CONFIRMED,1.000,v1,,2026-10-05T23:25:49.688433+08:00,2026-10-05T23:28:09.241038+08:00
6718,1,56,24,2026-09-18T07:30+08:00,2026-09-18T07:40+08:00,1.45,35.08,DATAGEN,CONFIRMED,0.980,v1,,2026-10-05T23:25:49.493807+08:00,2026-10-05T23:28:09.24304+08:00
5774,1,51,4,2026-09-18T07:50+08:00,2026-09-18T08:15+08:00,3.69,35.05,ALGORITHM_CANDIDATE,CONFIRMED,0.823,v1,,2026-10-05T23:25:48.910169+08:00,2026-10-05T23:28:09.245077+08:00
7758,1,55,20,2026-09-18T07:55+08:00,2026-09-18T08:10+08:00,2.16,35.32,DATAGEN,CONFIRMED,0.970,v1,,2026-10-05T23:31:33.757246+08:00,2026-10-05T23:31:33.757246+08:00
5658,1,51,4,2026-09-18T08:00+08:00,2026-09-18T08:15+08:00,2.52,35.05,DATAGEN,CONFIRMED,1.000,v1,,2026-10-05T23:25:48.879365+08:00,2026-10-05T23:28:09.249078+08:00
5874,1,52,8,2026-09-18T08:10+08:00,2026-09-18T08:20+08:00,1.24,35.05,DATAGEN,CONFIRMED,1.000,v1,,2026-10-05T23:25:49.014184+08:00,2026-10-05T23:28:09.251197+08:00
6719,1,56,24,2026-09-18T08:40+08:00,2026-09-18T08:50+08:00,1.78,35.01,DATAGEN,CONFIRMED,1.000,v1,,2026-10-05T23:25:49.493967+08:00,2026-10-05T23:28:09.253288+08:00
7574,1,60,40,2026-09-18T08:45+08:00,2026-09-18T09:10+08:00,3.39,35.19,DATAGEN,CONFIRMED,1.000,v1,,2026-10-05T23:25:49.89806+08:00,2026-10-05T23:28:09.25536+08:00
7759,1,55,20,2026-09-18T09:10+08:00,2026-09-18T09:30+08:00,1.95,35.58,DATAGEN,CONFIRMED,0.926,v1,,2026-10-05T23:31:33.757377+08:00,2026-10-05T23:31:33.757377+08:00
5659,1,51,4,2026-09-18T09:15+08:00,2026-09-18T09:25+08:00,1.80,35.00,DATAGEN,CONFIRMED,1.000,v1,,2026-10-05T23:25:48.879629+08:00,2026-10-05T23:28:09.259573+08:00
6081,1,53,12,2026-09-18T09:25+08:00,2026-09-18T09:55+08:00,2.29,35.05,DATAGEN,CONFIRMED,1.000,v1,,2026-10-05T23:25:49.141424+08:00,2026-10-05T23:28:09.261642+08:00
6308,1,54,16,2026-09-18T09:25+08:00,2026-09-18T09:55+08:00,2.99,35.72,DATAGEN,CONFIRMED,1.000,v1,,2026-10-05T23:25:49.288155+08:00,2026-10-05T23:28:09.263684+08:00
6720,1,56,24,2026-09-18T09:45+08:00,2026-09-18T10:00+08:00,1.54,35.20,DATAGEN,CONFIRMED,0.939,v1,,2026-10-05T23:25:49.494136+08:00,2026-10-05T23:28:09.265716+08:00
6404,1,54,16,2026-09-18T09:50+08:00,2026-09-18T09:55+08:00,0.25,35.72,ALGORITHM_CANDIDATE,CONFIRMED,0.806,v1,,2026-10-05T23:25:49.304908+08:00,2026-10-05T23:28:09.267783+08:00
5875,1,52,8,2026-09-18T10:00+08:00,2026-09-18T10:15+08:00,2.66,35.21,DATAGEN,CONFIRMED,1.000,v1,,2026-10-05T23:25:49.014382+08:00,2026-10-05T23:28:09.269819+08:00
7265,1,58,32,2026-09-18T10:25+08:00,2026-09-18T10:45+08:00,3.07,35.22,ALGORITHM_CANDIDATE,CONFIRMED,0.797,v1,,2026-10-05T23:25:49.706872+08:00,2026-10-05T23:28:09.271854+08:00
7139,1,58,32,2026-09-18T10:30+08:00,2026-09-18T10:45+08:00,1.43,35.22,DATAGEN,CONFIRMED,0.906,v1,,2026-10-05T23:25:49.688586+08:00,2026-10-05T23:28:09.273888+08:00
6721,1,56,24,2026-09-18T11:00+08:00,2026-09-18T11:15+08:00,1.50,35.65,DATAGEN,CONFIRMED,0.896,v1,,2026-10-05T23:25:49.494297+08:00,2026-10-05T23:28:09.275923+08:00
6309,1,54,16,2026-09-18T11:05+08:00,2026-09-18T11:20+08:00,2.21,35.71,DATAGEN,CONFIRMED,1.000,v1,,2026-10-05T23:25:49.288315+08:00,2026-10-05T23:28:09.277906+08:00
7140,1,58,32,2026-09-18T11:05+08:00,2026-09-18T11:15+08:00,0.72,35.29,DATAGEN,CONFIRMED,0.829,v1,,2026-10-05T23:25:49.688745+08:00,2026-10-05T23:28:09.281752+08:00
7760,1,55,20,2026-09-18T11:05+08:00,2026-09-18T11:25+08:00,2.61,35.28,DATAGEN,CONFIRMED,0.976,v1,,2026-10-05T23:31:33.757498+08:00,2026-10-05T23:31:33.757498+08:00
6202,1,53,12,2026-09-18T12:00+08:00,2026-09-18T12:20+08:00,2.99,35.37,ALGORITHM_CANDIDATE,CONFIRMED,0.808,v1,,2026-10-05T23:25:49.163281+08:00,2026-10-05T23:28:09.283716+08:00
7362,1,59,36,2026-09-18T12:00+08:00,2026-09-18T12:15+08:00,2.80,35.48,DATAGEN,CONFIRMED,1.000,v1,,2026-10-05T23:25:49.787749+08:00,2026-10-05T23:28:09.28585+08:00
6082,1,53,12,2026-09-18T12:05+08:00,2026-09-18T12:20+08:00,2.74,35.37,DATAGEN,CONFIRMED,0.940,v1,,2026-10-05T23:25:49.141605+08:00,2026-10-05T23:28:09.288498+08:00
6722,1,56,24,2026-09-18T12:05+08:00,2026-09-18T12:25+08:00,2.29,35.03,DATAGEN,CONFIRMED,0.935,v1,,2026-10-05T23:25:49.494445+08:00,2026-10-05T23:28:09.291718+08:00
7141,1,58,32,2026-09-18T12:05+08:00,2026-09-18T12:15+08:00,0.90,35.98,DATAGEN,CONFIRMED,0.847,v1,,2026-10-05T23:25:49.688916+08:00,2026-10-05T23:28:09.294477+08:00
7761,1,55,20,2026-09-18T12:10+08:00,2026-09-18T12:20+08:00,1.15,35.80,DATAGEN,CONFIRMED,0.890,v1,,2026-10-05T23:31:33.757619+08:00,2026-10-05T23:31:33.757619+08:00
6830,1,56,24,2026-09-18T12:15+08:00,2026-09-18T12:25+08:00,0.57,35.03,ALGORITHM_CANDIDATE,CONFIRMED,0.825,v1,,2026-10-05T23:25:49.508582+08:00,2026-10-05T23:28:09.298787+08:00
7575,1,60,40,2026-09-18T13:05+08:00,2026-09-18T13:25+08:00,2.87,35.76,DATAGEN,CONFIRMED,0.995,v1,,2026-10-05T23:25:49.898222+08:00,2026-10-05T23:28:09.300891+08:00
6083,1,53,12,2026-09-18T13:20+08:00,2026-09-18T13:35+08:00,2.25,35.11,DATAGEN,CONFIRMED,1.000,v1,,2026-10-05T23:25:49.141785+08:00,2026-10-05T23:28:09.302981+08:00
6203,1,53,12,2026-09-18T13:30+08:00,2026-09-18T13:35+08:00,0.29,35.11,ALGORITHM_CANDIDATE,CONFIRMED,0.828,v1,,2026-10-05T23:25:49.163414+08:00,2026-10-05T23:28:09.305077+08:00
6723,1,56,24,2026-09-18T13:45+08:00,2026-09-18T14:00+08:00,1.67,35.61,DATAGEN,CONFIRMED,0.903,v1,,2026-10-05T23:25:49.494623+08:00,2026-10-05T23:28:09.307142+08:00
7762,1,55,20,2026-09-18T13:55+08:00,2026-09-18T14:15+08:00,2.56,35.52,DATAGEN,CONFIRMED,0.936,v1,,2026-10-05T23:31:33.757747+08:00,2026-10-05T23:31:33.757747+08:00
7266,1,58,32,2026-09-18T14:15+08:00,2026-09-18T14:45+08:00,3.02,35.64,ALGORITHM_CANDIDATE,CONFIRMED,0.735,v1,,2026-10-05T23:25:49.706968+08:00,2026-10-05T23:28:09.311465+08:00
7142,1,58,32,2026-09-18T14:20+08:00,2026-09-18T14:45+08:00,2.50,35.64,DATAGEN,CONFIRMED,0.904,v1,,2026-10-05T23:25:49.689088+08:00,2026-10-05T23:28:09.313628+08:00
6930,1,57,28,2026-09-18T14:55+08:00,2026-09-18T15:20+08:00,2.94,36.11,DATAGEN,CONFIRMED,0.974,v1,,2026-10-05T23:25:49.590003+08:00,2026-10-05T23:28:09.315619+08:00
6084,1,53,12,2026-09-18T15:10+08:00,2026-09-18T15:35+08:00,3.09,35.23,DATAGEN,CONFIRMED,1.000,v1,,2026-10-05T23:25:49.141975+08:00,2026-10-05T23:28:09.317565+08:00
6831,1,56,24,2026-09-18T15:30+08:00,2026-09-18T15:45+08:00,1.92,36.06,ALGORITHM_CANDIDATE,CONFIRMED,0.761,v1,,2026-10-05T23:25:49.508679+08:00,2026-10-05T23:28:09.319506+08:00
7363,1,59,36,2026-09-18T15:30+08:00,2026-09-18T15:50+08:00,3.07,35.80,DATAGEN,CONFIRMED,1.000,v1,,2026-10-05T23:25:49.787897+08:00,2026-10-05T23:28:09.321594+08:00
7143,1,58,32,2026-09-18T15:55+08:00,2026-09-18T16:15+08:00,2.37,35.35,DATAGEN,CONFIRMED,0.952,v1,,2026-10-05T23:25:49.689238+08:00,2026-10-05T23:28:09.324135+08:00
6085,1,53,12,2026-09-18T16:00+08:00,2026-09-18T16:05+08:00,1.03,35.56,DATAGEN,CONFIRMED,0.948,v1,,2026-10-05T23:25:49.142192+08:00,2026-10-05T23:28:09.326904+08:00
7872,1,55,20,2026-09-18T16:05+08:00,2026-09-18T16:20+08:00,1.85,36.37,ALGORITHM_CANDIDATE,CONFIRMED,0.743,v1,,2026-10-05T23:31:33.772225+08:00,2026-10-05T23:31:33.772225+08:00
7576,1,60,40,2026-09-18T16:10+08:00,2026-09-18T16:25+08:00,3.72,35.19,DATAGEN,CONFIRMED,1.000,v1,,2026-10-05T23:25:49.898384+08:00,2026-10-05T23:28:09.331933+08:00
5660,1,51,4,2026-09-18T16:20+08:00,2026-09-18T16:35+08:00,3.63,35.68,DATAGEN,CONFIRMED,1.000,v1,,2026-10-05T23:25:48.87988+08:00,2026-10-05T23:28:09.334478+08:00
5876,1,52,8,2026-09-18T16:50+08:00,2026-09-18T17:15+08:00,3.52,35.42,DATAGEN,CONFIRMED,1.000,v1,,2026-10-05T23:25:49.014578+08:00,2026-10-05T23:28:09.337055+08:00
6724,1,56,24,2026-09-18T17:05+08:00,2026-09-18T17:20+08:00,2.59,35.62,DATAGEN,CONFIRMED,0.901,v1,,2026-10-05T23:25:49.494792+08:00,2026-10-05T23:28:09.339288+08:00
7144,1,58,32,2026-09-18T17:30+08:00,2026-09-18T17:55+08:00,2.89,35.60,DATAGEN,CONFIRMED,0.911,v1,,2026-10-05T23:25:49.689387+08:00,2026-10-05T23:28:09.341452+08:00
5661,1,51,4,2026-09-18T17:40+08:00,2026-09-18T17:55+08:00,2.55,35.81,DATAGEN,CONFIRMED,1.000,v1,,2026-10-05T23:25:48.880139+08:00,2026-10-05T23:28:09.343571+08:00
6931,1,57,28,2026-09-18T17:40+08:00,2026-09-18T18:00+08:00,2.76,36.04,DATAGEN,CONFIRMED,0.986,v1,,2026-10-05T23:25:49.590153+08:00,2026-10-05T23:28:09.345701+08:00
7577,1,60,40,2026-09-18T17:50+08:00,2026-09-18T18:05+08:00,1.91,35.99,DATAGEN,CONFIRMED,0.956,v1,,2026-10-05T23:25:49.898538+08:00,2026-10-05T23:28:09.350018+08:00
7763,1,55,20,2026-09-18T17:50+08:00,2026-09-18T18:00+08:00,2.51,35.97,DATAGEN,CONFIRMED,0.861,v1,,2026-10-05T23:31:33.757873+08:00,2026-10-05T23:31:33.757873+08:00
6086,1,53,12,2026-09-18T18:15+08:00,2026-09-18T18:35+08:00,2.39,36.12,DATAGEN,CONFIRMED,0.855,v1,,2026-10-05T23:25:49.142428+08:00,2026-10-05T23:28:09.351993+08:00
7267,1,58,32,2026-09-18T18:50+08:00,2026-09-18T19:00+08:00,1.23,36.11,ALGORITHM_CANDIDATE,CONFIRMED,0.826,v1,,2026-10-05T23:25:49.707065+08:00,2026-10-05T23:28:09.353936+08:00
7764,1,55,20,2026-09-18T19:15+08:00,2026-09-18T19:35+08:00,2.62,35.45,DATAGEN,CONFIRMED,0.948,v1,,2026-10-05T23:31:33.75799+08:00,2026-10-05T23:31:33.75799+08:00
6932,1,57,28,2026-09-18T19:30+08:00,2026-09-18T19:50+08:00,3.00,35.53,DATAGEN,CONFIRMED,1.000,v1,,2026-10-05T23:25:49.590296+08:00,2026-10-05T23:28:09.360365+08:00
7873,1,55,20,2026-09-18T19:30+08:00,2026-09-18T19:35+08:00,0.22,35.45,ALGORITHM_CANDIDATE,REJECTED,0.737,v1,,2026-10-05T23:31:33.772351+08:00,2026-10-05T23:31:33.772351+08:00
7364,1,59,36,2026-09-18T19:35+08:00,2026-09-18T19:50+08:00,3.20,35.84,DATAGEN,CONFIRMED,1.000,v1,,2026-10-05T23:25:49.788048+08:00,2026-10-05T23:28:09.362474+08:00
7145,1,58,32,2026-09-18T19:55+08:00,2026-09-18T20:10+08:00,1.98,35.80,DATAGEN,CONFIRMED,0.877,v1,,2026-10-05T23:25:49.689556+08:00,2026-10-05T23:28:09.364559+08:00
6933,1,57,28,2026-09-18T21:00+08:00,2026-09-18T21:20+08:00,2.44,35.95,DATAGEN,CONFIRMED,1.000,v1,,2026-10-05T23:25:49.590445+08:00,2026-10-05T23:28:09.366648+08:00
6405,1,54,16,2026-09-19T06:05+08:00,2026-09-19T06:25+08:00,3.55,35.10,ALGORITHM_CANDIDATE,CONFIRMED,0.815,v1,,2026-10-05T23:25:49.30504+08:00,2026-10-05T23:28:09.368732+08:00
6310,1,54,16,2026-09-19T06:10+08:00,2026-09-19T06:25+08:00,3.01,35.10,DATAGEN,CONFIRMED,1.000,v1,,2026-10-05T23:25:49.288486+08:00,2026-10-05T23:28:09.370828+08:00
7268,1,58,32,2026-09-19T06:10+08:00,2026-09-19T06:45+08:00,3.32,35.27,ALGORITHM_CANDIDATE,CONFIRMED,0.787,v1,,2026-10-05T23:25:49.707157+08:00,2026-10-05T23:28:09.372894+08:00
7146,1,58,32,2026-09-19T06:25+08:00,2026-09-19T06:45+08:00,1.63,35.27,DATAGEN,CONFIRMED,0.912,v1,,2026-10-05T23:25:49.689706+08:00,2026-10-05T23:28:09.374989+08:00
6725,1,56,24,2026-09-19T06:45+08:00,2026-09-19T07:20+08:00,3.26,35.24,DATAGEN,CONFIRMED,1.000,v1,,2026-10-05T23:25:49.495088+08:00,2026-10-05T23:28:09.377081+08:00
7147,1,58,32,2026-09-19T07:10+08:00,2026-09-19T07:30+08:00,1.35,35.04,DATAGEN,CONFIRMED,0.972,v1,,2026-10-05T23:25:49.689857+08:00,2026-10-05T23:28:09.379278+08:00
7269,1,58,32,2026-09-19T07:15+08:00,2026-09-19T07:30+08:00,0.80,35.04,ALGORITHM_CANDIDATE,CONFIRMED,0.815,v1,,2026-10-05T23:25:49.707244+08:00,2026-10-05T23:28:09.381384+08:00
7047,1,57,28,2026-09-19T07:35+08:00,2026-09-19T07:55+08:00,3.39,35.16,ALGORITHM_CANDIDATE,CONFIRMED,0.821,v1,,2026-10-05T23:25:49.606984+08:00,2026-10-05T23:28:09.383464+08:00
7578,1,60,40,2026-09-19T07:35+08:00,2026-09-19T07:55+08:00,3.50,35.02,DATAGEN,CONFIRMED,1.000,v1,,2026-10-05T23:25:49.898681+08:00,2026-10-05T23:28:09.385447+08:00
6311,1,54,16,2026-09-19T07:45+08:00,2026-09-19T08:00+08:00,1.72,35.53,DATAGEN,CONFIRMED,0.998,v1,,2026-10-05T23:25:49.288656+08:00,2026-10-05T23:28:09.38742+08:00
6934,1,57,28,2026-09-19T07:45+08:00,2026-09-19T07:55+08:00,1.65,35.16,DATAGEN,CONFIRMED,0.984,v1,,2026-10-05T23:25:49.590592+08:00,2026-10-05T23:28:09.389403+08:00
5877,1,52,8,2026-09-19T07:50+08:00,2026-09-19T08:25+08:00,3.26,35.19,DATAGEN,CONFIRMED,1.000,v1,,2026-10-05T23:25:49.014881+08:00,2026-10-05T23:28:09.391519+08:00
6406,1,54,16,2026-09-19T07:55+08:00,2026-09-19T08:00+08:00,0.26,35.53,ALGORITHM_CANDIDATE,REJECTED,0.809,v1,,2026-10-05T23:25:49.305175+08:00,2026-10-05T23:28:09.39382+08:00
5662,1,51,4,2026-09-19T08:00+08:00,2026-09-19T08:25+08:00,2.98,35.61,DATAGEN,CONFIRMED,0.961,v1,,2026-10-05T23:25:48.880408+08:00,2026-10-05T23:28:09.396168+08:00
5974,1,52,8,2026-09-19T08:10+08:00,2026-09-19T08:25+08:00,0.50,35.19,ALGORITHM_CANDIDATE,REJECTED,0.759,v1,,2026-10-05T23:25:49.03184+08:00,2026-10-05T23:28:09.39848+08:00
6087,1,53,12,2026-09-19T08:25+08:00,2026-09-19T08:45+08:00,2.96,35.64,DATAGEN,CONFIRMED,1.000,v1,,2026-10-05T23:25:49.142662+08:00,2026-10-05T23:28:09.400792+08:00
7148,1,58,32,2026-09-19T08:35+08:00,2026-09-19T08:45+08:00,1.52,35.43,DATAGEN,CONFIRMED,1.000,v1,,2026-10-05T23:25:49.690008+08:00,2026-10-05T23:28:09.405252+08:00
7765,1,55,20,2026-09-19T08:35+08:00,2026-09-19T09:00+08:00,3.33,35.29,DATAGEN,CONFIRMED,1.000,v1,,2026-10-05T23:31:33.758104+08:00,2026-10-05T23:31:33.758104+08:00
7365,1,59,36,2026-09-19T08:50+08:00,2026-09-19T09:05+08:00,2.92,35.47,DATAGEN,CONFIRMED,1.000,v1,,2026-10-05T23:25:49.788194+08:00,2026-10-05T23:28:09.409394+08:00
7874,1,55,20,2026-09-19T08:50+08:00,2026-09-19T09:00+08:00,0.36,35.29,ALGORITHM_CANDIDATE,CONFIRMED,0.767,v1,,2026-10-05T23:31:33.772477+08:00,2026-10-05T23:31:33.772477+08:00
6935,1,57,28,2026-09-19T08:55+08:00,2026-09-19T09:10+08:00,2.33,35.03,DATAGEN,CONFIRMED,1.000,v1,,2026-10-05T23:25:49.590738+08:00,2026-10-05T23:28:09.411498+08:00
6726,1,56,24,2026-09-19T09:00+08:00,2026-09-19T09:25+08:00,2.71,35.13,DATAGEN,CONFIRMED,0.987,v1,,2026-10-05T23:25:49.495252+08:00,2026-10-05T23:28:09.413581+08:00
6832,1,56,24,2026-09-19T09:10+08:00,2026-09-19T09:25+08:00,0.68,35.13,ALGORITHM_CANDIDATE,CONFIRMED,0.793,v1,,2026-10-05T23:25:49.508774+08:00,2026-10-05T23:28:09.415649+08:00
7766,1,55,20,2026-09-19T09:45+08:00,2026-09-19T09:50+08:00,0.74,35.83,DATAGEN,CONFIRMED,0.984,v1,,2026-10-05T23:31:33.758214+08:00,2026-10-05T23:31:33.758214+08:00
6727,1,56,24,2026-09-19T10:30+08:00,2026-09-19T10:40+08:00,2.33,35.29,DATAGEN,CONFIRMED,0.999,v1,,2026-10-05T23:25:49.495413+08:00,2026-10-05T23:28:09.419834+08:00
5775,1,51,4,2026-09-19T10:55+08:00,2026-09-19T11:20+08:00,2.78,35.50,ALGORITHM_CANDIDATE,CONFIRMED,0.807,v1,,2026-10-05T23:25:48.910349+08:00,2026-10-05T23:28:09.421871+08:00
7767,1,55,20,2026-09-19T10:55+08:00,2026-09-19T11:10+08:00,2.86,35.02,DATAGEN,CONFIRMED,0.994,v1,,2026-10-05T23:31:33.758323+08:00,2026-10-05T23:31:33.758323+08:00
5663,1,51,4,2026-09-19T11:00+08:00,2026-09-19T11:20+08:00,1.98,35.50,DATAGEN,CONFIRMED,0.979,v1,,2026-10-05T23:25:48.880687+08:00,2026-10-05T23:28:09.425776+08:00
6088,1,53,12,2026-09-19T11:10+08:00,2026-09-19T11:30+08:00,3.00,35.41,DATAGEN,CONFIRMED,1.000,v1,,2026-10-05T23:25:49.142904+08:00,2026-10-05T23:28:09.427805+08:00
5664,1,51,4,2026-09-19T12:05+08:00,2026-09-19T12:15+08:00,0.97,35.78,DATAGEN,CONFIRMED,0.932,v1,,2026-10-05T23:25:48.880948+08:00,2026-10-05T23:28:09.429831+08:00
6728,1,56,24,2026-09-19T12:30+08:00,2026-09-19T12:45+08:00,2.36,35.74,DATAGEN,CONFIRMED,0.924,v1,,2026-10-05T23:25:49.495579+08:00,2026-10-05T23:28:09.431855+08:00
7149,1,58,32,2026-09-19T12:35+08:00,2026-09-19T12:50+08:00,2.56,36.01,DATAGEN,CONFIRMED,0.888,v1,,2026-10-05T23:25:49.690165+08:00,2026-10-05T23:28:09.433893+08:00
6407,1,54,16,2026-09-19T12:45+08:00,2026-09-19T13:05+08:00,3.18,35.59,ALGORITHM_CANDIDATE,CONFIRMED,0.794,v1,,2026-10-05T23:25:49.305307+08:00,2026-10-05T23:28:09.435978+08:00
7579,1,60,40,2026-09-19T12:45+08:00,2026-09-19T13:05+08:00,3.09,35.53,DATAGEN,CONFIRMED,1.000,v1,,2026-10-05T23:25:49.898828+08:00,2026-10-05T23:28:09.438127+08:00
6312,1,54,16,2026-09-19T12:55+08:00,2026-09-19T13:05+08:00,1.69,35.59,DATAGEN,CONFIRMED,0.988,v1,,2026-10-05T23:25:49.288825+08:00,2026-10-05T23:28:09.440288+08:00
5665,1,51,4,2026-09-19T13:05+08:00,2026-09-19T13:20+08:00,2.09,35.30,DATAGEN,CONFIRMED,1.000,v1,,2026-10-05T23:25:48.881194+08:00,2026-10-05T23:28:09.442303+08:00
5776,1,51,4,2026-09-19T13:15+08:00,2026-09-19T13:20+08:00,0.25,35.30,ALGORITHM_CANDIDATE,CONFIRMED,0.806,v1,,2026-10-05T23:25:48.910527+08:00,2026-10-05T23:28:09.444361+08:00
7768,1,55,20,2026-09-19T13:45+08:00,2026-09-19T14:00+08:00,2.90,35.63,DATAGEN,CONFIRMED,1.000,v1,,2026-10-05T23:31:33.758434+08:00,2026-10-05T23:31:33.758434+08:00
6313,1,54,16,2026-09-19T14:05+08:00,2026-09-19T14:20+08:00,1.98,35.35,DATAGEN,CONFIRMED,1.000,v1,,2026-10-05T23:25:49.288989+08:00,2026-10-05T23:28:09.448432+08:00
6936,1,57,28,2026-09-19T14:10+08:00,2026-09-19T14:25+08:00,3.61,35.11,DATAGEN,CONFIRMED,1.000,v1,,2026-10-05T23:25:49.590886+08:00,2026-10-05T23:28:09.450611+08:00
6408,1,54,16,2026-09-19T14:15+08:00,2026-09-19T14:20+08:00,0.28,35.35,ALGORITHM_CANDIDATE,CONFIRMED,0.822,v1,,2026-10-05T23:25:49.305444+08:00,2026-10-05T23:28:09.452665+08:00
7150,1,58,32,2026-09-19T14:15+08:00,2026-09-19T14:35+08:00,2.68,35.64,DATAGEN,CONFIRMED,0.971,v1,,2026-10-05T23:25:49.690324+08:00,2026-10-05T23:28:09.454563+08:00
7366,1,59,36,2026-09-19T14:35+08:00,2026-09-19T15:00+08:00,3.47,35.30,DATAGEN,CONFIRMED,1.000,v1,,2026-10-05T23:25:49.788344+08:00,2026-10-05T23:28:09.456478+08:00
6314,1,54,16,2026-09-19T15:00+08:00,2026-09-19T15:10+08:00,1.18,36.26,DATAGEN,CONFIRMED,0.876,v1,,2026-10-05T23:25:49.289156+08:00,2026-10-05T23:28:09.45837+08:00
6833,1,56,24,2026-09-19T15:15+08:00,2026-09-19T15:35+08:00,3.20,35.58,ALGORITHM_CANDIDATE,CONFIRMED,0.761,v1,,2026-10-05T23:25:49.508861+08:00,2026-10-05T23:28:09.460278+08:00
6729,1,56,24,2026-09-19T15:20+08:00,2026-09-19T15:35+08:00,2.52,35.58,DATAGEN,CONFIRMED,0.951,v1,,2026-10-05T23:25:49.495732+08:00,2026-10-05T23:28:09.462071+08:00
5975,1,52,8,2026-09-19T15:40+08:00,2026-09-19T16:00+08:00,3.05,35.72,ALGORITHM_CANDIDATE,CONFIRMED,0.826,v1,,2026-10-05T23:25:49.031983+08:00,2026-10-05T23:28:09.463849+08:00
5878,1,52,8,2026-09-19T15:45+08:00,2026-09-19T16:00+08:00,2.70,35.72,DATAGEN,CONFIRMED,1.000,v1,,2026-10-05T23:25:49.015082+08:00,2026-10-05T23:28:09.465927+08:00
6089,1,53,12,2026-09-19T15:50+08:00,2026-09-19T16:05+08:00,3.02,35.77,DATAGEN,CONFIRMED,1.000,v1,,2026-10-05T23:25:49.143137+08:00,2026-10-05T23:28:09.467951+08:00
6937,1,57,28,2026-09-19T15:50+08:00,2026-09-19T16:10+08:00,2.55,35.55,DATAGEN,CONFIRMED,0.985,v1,,2026-10-05T23:25:49.591032+08:00,2026-10-05T23:28:09.46994+08:00
5777,1,51,4,2026-09-19T16:25+08:00,2026-09-19T16:45+08:00,2.80,36.07,ALGORITHM_CANDIDATE,CONFIRMED,0.709,v1,,2026-10-05T23:25:48.910707+08:00,2026-10-05T23:28:09.471935+08:00
6730,1,56,24,2026-09-19T16:25+08:00,2026-09-19T16:35+08:00,1.93,35.48,DATAGEN,CONFIRMED,0.968,v1,,2026-10-05T23:25:49.495886+08:00,2026-10-05T23:28:09.473912+08:00
5666,1,51,4,2026-09-19T16:30+08:00,2026-09-19T16:45+08:00,2.23,36.07,DATAGEN,CONFIRMED,0.884,v1,,2026-10-05T23:25:48.881432+08:00,2026-10-05T23:28:09.475914+08:00
7769,1,55,20,2026-09-19T16:55+08:00,2026-09-19T17:10+08:00,2.56,36.32,DATAGEN,CONFIRMED,0.883,v1,,2026-10-05T23:31:33.758542+08:00,2026-10-05T23:31:33.758542+08:00
5879,1,52,8,2026-09-19T17:10+08:00,2026-09-19T17:20+08:00,2.38,35.38,DATAGEN,CONFIRMED,1.000,v1,,2026-10-05T23:25:49.015273+08:00,2026-10-05T23:28:09.48003+08:00
6731,1,56,24,2026-09-19T17:20+08:00,2026-09-19T17:35+08:00,2.20,35.31,DATAGEN,CONFIRMED,0.996,v1,,2026-10-05T23:25:49.496054+08:00,2026-10-05T23:28:09.482041+08:00
5667,1,51,4,2026-09-19T17:30+08:00,2026-09-19T17:40+08:00,1.98,35.95,DATAGEN,CONFIRMED,0.904,v1,,2026-10-05T23:25:48.881711+08:00,2026-10-05T23:28:09.484024+08:00
7151,1,58,32,2026-09-19T17:40+08:00,2026-09-19T18:00+08:00,2.88,36.24,DATAGEN,CONFIRMED,0.871,v1,,2026-10-05T23:25:49.690484+08:00,2026-10-05T23:28:09.486003+08:00
6315,1,54,16,2026-09-19T17:45+08:00,2026-09-19T18:00+08:00,3.28,35.54,DATAGEN,CONFIRMED,0.996,v1,,2026-10-05T23:25:49.289333+08:00,2026-10-05T23:28:09.488091+08:00
7580,1,60,40,2026-09-19T17:45+08:00,2026-09-19T18:10+08:00,2.71,36.30,DATAGEN,CONFIRMED,0.920,v1,,2026-10-05T23:25:49.898974+08:00,2026-10-05T23:28:09.490023+08:00
7656,1,60,40,2026-09-19T18:05+08:00,2026-09-19T18:10+08:00,0.27,36.30,ALGORITHM_CANDIDATE,REJECTED,0.737,v1,,2026-10-05T23:25:49.909973+08:00,2026-10-05T23:28:09.491882+08:00
5668,1,51,4,2026-09-19T18:20+08:00,2026-09-19T18:35+08:00,1.26,36.20,DATAGEN,CONFIRMED,0.862,v1,,2026-10-05T23:25:48.881967+08:00,2026-10-05T23:28:09.493744+08:00
5778,1,51,4,2026-09-19T18:30+08:00,2026-09-19T18:35+08:00,0.22,36.20,ALGORITHM_CANDIDATE,CONFIRMED,0.651,v1,,2026-10-05T23:25:48.910888+08:00,2026-10-05T23:28:09.495749+08:00
7367,1,59,36,2026-09-19T18:30+08:00,2026-09-19T18:50+08:00,3.21,35.90,DATAGEN,CONFIRMED,0.997,v1,,2026-10-05T23:25:49.78849+08:00,2026-10-05T23:28:09.497734+08:00
7472,1,59,36,2026-09-19T18:45+08:00,2026-09-19T18:50+08:00,0.20,35.90,ALGORITHM_CANDIDATE,CONFIRMED,0.775,v1,,2026-10-05T23:25:49.803544+08:00,2026-10-05T23:28:09.499735+08:00
6090,1,53,12,2026-09-19T19:15+08:00,2026-09-19T19:35+08:00,3.03,35.96,DATAGEN,CONFIRMED,0.977,v1,,2026-10-05T23:25:49.143365+08:00,2026-10-05T23:28:09.501744+08:00
6204,1,53,12,2026-09-19T19:30+08:00,2026-09-19T19:35+08:00,0.26,35.96,ALGORITHM_CANDIDATE,CONFIRMED,0.788,v1,,2026-10-05T23:25:49.163544+08:00,2026-10-05T23:28:09.503729+08:00
7152,1,58,32,2026-09-19T19:40+08:00,2026-09-19T19:55+08:00,2.30,36.14,DATAGEN,CONFIRMED,0.888,v1,,2026-10-05T23:25:49.690639+08:00,2026-10-05T23:28:09.505777+08:00
7048,1,57,28,2026-09-19T20:00+08:00,2026-09-19T20:20+08:00,3.74,35.34,ALGORITHM_CANDIDATE,CONFIRMED,0.826,v1,,2026-10-05T23:25:49.607076+08:00,2026-10-05T23:28:09.50776+08:00
6938,1,57,28,2026-09-19T20:05+08:00,2026-09-19T20:20+08:00,3.33,35.34,DATAGEN,CONFIRMED,1.000,v1,,2026-10-05T23:25:49.59118+08:00,2026-10-05T23:28:09.509827+08:00
5669,1,51,4,2026-09-19T20:15+08:00,2026-09-19T20:35+08:00,2.27,36.06,DATAGEN,CONFIRMED,0.886,v1,,2026-10-05T23:25:48.882208+08:00,2026-10-05T23:28:09.511833+08:00
6939,1,57,28,2026-09-19T21:10+08:00,2026-09-19T21:20+08:00,0.80,36.36,DATAGEN,REJECTED,0.761,v1,,2026-10-05T23:25:49.59133+08:00,2026-10-05T23:28:09.51384+08:00
6316,1,54,16,2026-09-20T06:00+08:00,2026-09-20T06:20+08:00,2.98,35.77,DATAGEN,CONFIRMED,1.000,v1,,2026-10-05T23:25:49.289492+08:00,2026-10-05T23:28:09.51581+08:00
5670,1,51,4,2026-09-20T06:20+08:00,2026-09-20T06:40+08:00,2.68,35.86,DATAGEN,CONFIRMED,0.934,v1,,2026-10-05T23:25:48.882497+08:00,2026-10-05T23:28:09.517796+08:00
7153,1,58,32,2026-09-20T06:50+08:00,2026-09-20T07:15+08:00,3.41,35.19,DATAGEN,CONFIRMED,1.000,v1,,2026-10-05T23:25:49.69079+08:00,2026-10-05T23:28:09.519786+08:00
7581,1,60,40,2026-09-20T06:50+08:00,2026-09-20T07:20+08:00,3.40,35.13,DATAGEN,CONFIRMED,1.000,v1,,2026-10-05T23:25:49.899124+08:00,2026-10-05T23:28:09.521744+08:00
7875,1,55,20,2026-09-20T07:00+08:00,2026-09-20T07:20+08:00,3.57,35.06,ALGORITHM_CANDIDATE,CONFIRMED,0.818,v1,,2026-10-05T23:31:33.772623+08:00,2026-10-05T23:31:33.772623+08:00
6834,1,56,24,2026-09-20T07:05+08:00,2026-09-20T07:30+08:00,3.29,35.09,ALGORITHM_CANDIDATE,CONFIRMED,0.814,v1,,2026-10-05T23:25:49.508951+08:00,2026-10-05T23:28:09.527414+08:00
7770,1,55,20,2026-09-20T07:05+08:00,2026-09-20T07:20+08:00,2.62,35.06,DATAGEN,CONFIRMED,1.000,v1,,2026-10-05T23:31:33.758647+08:00,2026-10-05T23:31:33.758647+08:00
6732,1,56,24,2026-09-20T07:10+08:00,2026-09-20T07:30+08:00,2.78,35.09,DATAGEN,CONFIRMED,1.000,v1,,2026-10-05T23:25:49.496214+08:00,2026-10-05T23:28:09.529256+08:00
7049,1,57,28,2026-09-20T07:15+08:00,2026-09-20T07:30+08:00,3.01,35.55,ALGORITHM_CANDIDATE,CONFIRMED,0.804,v1,,2026-10-05T23:25:49.607168+08:00,2026-10-05T23:28:09.531205+08:00
6940,1,57,28,2026-09-20T07:20+08:00,2026-09-20T07:30+08:00,2.44,35.55,DATAGEN,CONFIRMED,0.971,v1,,2026-10-05T23:25:49.591475+08:00,2026-10-05T23:28:09.533261+08:00
6941,1,57,28,2026-09-20T07:40+08:00,2026-09-20T07:45+08:00,0.30,35.65,DATAGEN,CONFIRMED,0.788,v1,,2026-10-05T23:25:49.591626+08:00,2026-10-05T23:28:09.535258+08:00
6942,1,57,28,2026-09-20T07:55+08:00,2026-09-20T08:00+08:00,0.91,35.28,DATAGEN,CONFIRMED,1.000,v1,,2026-10-05T23:25:49.591766+08:00,2026-10-05T23:28:09.537269+08:00
6733,1,56,24,2026-09-20T08:30+08:00,2026-09-20T08:45+08:00,1.74,35.38,DATAGEN,CONFIRMED,1.000,v1,,2026-10-05T23:25:49.496384+08:00,2026-10-05T23:28:09.539233+08:00
5779,1,51,4,2026-09-20T08:50+08:00,2026-09-20T09:10+08:00,2.71,35.88,ALGORITHM_CANDIDATE,CONFIRMED,0.758,v1,,2026-10-05T23:25:48.911114+08:00,2026-10-05T23:28:09.541212+08:00
7771,1,55,20,2026-09-20T08:50+08:00,2026-09-20T09:00+08:00,2.19,35.14,DATAGEN,CONFIRMED,1.000,v1,,2026-10-05T23:31:33.758763+08:00,2026-10-05T23:31:33.758763+08:00
5671,1,51,4,2026-09-20T08:55+08:00,2026-09-20T09:10+08:00,1.87,35.88,DATAGEN,CONFIRMED,0.931,v1,,2026-10-05T23:25:48.882796+08:00,2026-10-05T23:28:09.545196+08:00
7582,1,60,40,2026-09-20T09:10+08:00,2026-09-20T09:25+08:00,2.55,35.40,DATAGEN,CONFIRMED,0.973,v1,,2026-10-05T23:25:49.899279+08:00,2026-10-05T23:28:09.547209+08:00
7154,1,58,32,2026-09-20T09:25+08:00,2026-09-20T09:50+08:00,3.04,35.18,DATAGEN,CONFIRMED,1.000,v1,,2026-10-05T23:25:49.690951+08:00,2026-10-05T23:28:09.549203+08:00
7270,1,58,32,2026-09-20T09:40+08:00,2026-09-20T09:50+08:00,0.55,35.18,ALGORITHM_CANDIDATE,REJECTED,0.819,v1,,2026-10-05T23:25:49.707331+08:00,2026-10-05T23:28:09.551241+08:00
7772,1,55,20,2026-09-20T09:50+08:00,2026-09-20T10:05+08:00,1.65,35.25,DATAGEN,CONFIRMED,1.000,v1,,2026-10-05T23:31:33.758888+08:00,2026-10-05T23:31:33.758888+08:00
7583,1,60,40,2026-09-20T10:05+08:00,2026-09-20T10:20+08:00,1.40,35.30,DATAGEN,CONFIRMED,0.990,v1,,2026-10-05T23:25:49.899462+08:00,2026-10-05T23:28:09.555202+08:00
6943,1,57,28,2026-09-20T10:15+08:00,2026-09-20T10:30+08:00,2.52,35.57,DATAGEN,CONFIRMED,0.907,v1,,2026-10-05T23:25:49.591914+08:00,2026-10-05T23:28:09.557116+08:00
7657,1,60,40,2026-09-20T10:15+08:00,2026-09-20T10:20+08:00,0.18,35.30,ALGORITHM_CANDIDATE,CONFIRMED,0.756,v1,,2026-10-05T23:25:49.910116+08:00,2026-10-05T23:28:09.559047+08:00
5672,1,51,4,2026-09-20T10:25+08:00,2026-09-20T10:40+08:00,1.87,35.84,DATAGEN,CONFIRMED,0.937,v1,,2026-10-05T23:25:48.883087+08:00,2026-10-05T23:28:09.560905+08:00
5880,1,52,8,2026-09-20T10:30+08:00,2026-09-20T11:00+08:00,3.16,35.37,DATAGEN,CONFIRMED,1.000,v1,,2026-10-05T23:25:49.015516+08:00,2026-10-05T23:28:09.562773+08:00
7584,1,60,40,2026-09-20T11:30+08:00,2026-09-20T11:45+08:00,1.99,35.40,DATAGEN,CONFIRMED,0.973,v1,,2026-10-05T23:25:49.899611+08:00,2026-10-05T23:28:09.564796+08:00
6944,1,57,28,2026-09-20T11:40+08:00,2026-09-20T12:00+08:00,2.42,35.13,DATAGEN,CONFIRMED,1.000,v1,,2026-10-05T23:25:49.592078+08:00,2026-10-05T23:28:09.566708+08:00
5881,1,52,8,2026-09-20T12:35+08:00,2026-09-20T12:55+08:00,2.82,35.33,DATAGEN,CONFIRMED,1.000,v1,,2026-10-05T23:25:49.015734+08:00,2026-10-05T23:28:09.568771+08:00
6945,1,57,28,2026-09-20T12:40+08:00,2026-09-20T12:50+08:00,1.57,35.84,DATAGEN,CONFIRMED,0.923,v1,,2026-10-05T23:25:49.592224+08:00,2026-10-05T23:28:09.570792+08:00
5673,1,51,4,2026-09-20T12:45+08:00,2026-09-20T13:05+08:00,3.02,35.31,DATAGEN,CONFIRMED,1.000,v1,,2026-10-05T23:25:48.883354+08:00,2026-10-05T23:28:09.572787+08:00
5976,1,52,8,2026-09-20T12:50+08:00,2026-09-20T12:55+08:00,0.25,35.33,ALGORITHM_CANDIDATE,CONFIRMED,0.806,v1,,2026-10-05T23:25:49.032118+08:00,2026-10-05T23:28:09.574827+08:00
7155,1,58,32,2026-09-20T13:00+08:00,2026-09-20T13:15+08:00,2.78,35.88,DATAGEN,CONFIRMED,0.952,v1,,2026-10-05T23:25:49.691102+08:00,2026-10-05T23:28:09.576854+08:00
7585,1,60,40,2026-09-20T13:15+08:00,2026-09-20T13:30+08:00,2.15,35.77,DATAGEN,CONFIRMED,0.911,v1,,2026-10-05T23:25:49.899756+08:00,2026-10-05T23:28:09.578862+08:00
5882,1,52,8,2026-09-20T13:50+08:00,2026-09-20T14:05+08:00,1.27,35.94,DATAGEN,CONFIRMED,0.985,v1,,2026-10-05T23:25:49.015975+08:00,2026-10-05T23:28:09.580875+08:00
7773,1,55,20,2026-09-20T14:15+08:00,2026-09-20T14:40+08:00,3.58,35.17,DATAGEN,CONFIRMED,1.000,v1,,2026-10-05T23:31:33.759003+08:00,2026-10-05T23:31:33.759003+08:00
6835,1,56,24,2026-09-20T14:35+08:00,2026-09-20T14:55+08:00,2.80,35.96,ALGORITHM_CANDIDATE,CONFIRMED,0.728,v1,,2026-10-05T23:25:49.509044+08:00,2026-10-05T23:28:09.584866+08:00
6734,1,56,24,2026-09-20T14:40+08:00,2026-09-20T14:55+08:00,2.20,35.96,DATAGEN,CONFIRMED,0.907,v1,,2026-10-05T23:25:49.496543+08:00,2026-10-05T23:28:09.58685+08:00
6946,1,57,28,2026-09-20T14:45+08:00,2026-09-20T15:00+08:00,2.60,35.90,DATAGEN,CONFIRMED,0.913,v1,,2026-10-05T23:25:49.592376+08:00,2026-10-05T23:28:09.588803+08:00
5674,1,51,4,2026-09-20T15:00+08:00,2026-09-20T15:15+08:00,2.99,35.57,DATAGEN,CONFIRMED,0.982,v1,,2026-10-05T23:25:48.883614+08:00,2026-10-05T23:28:09.590795+08:00
5883,1,52,8,2026-09-20T15:10+08:00,2026-09-20T15:25+08:00,1.47,36.27,DATAGEN,CONFIRMED,0.930,v1,,2026-10-05T23:25:49.016182+08:00,2026-10-05T23:28:09.59279+08:00
6205,1,53,12,2026-09-20T15:20+08:00,2026-09-20T15:40+08:00,2.81,36.11,ALGORITHM_CANDIDATE,CONFIRMED,0.777,v1,,2026-10-05T23:25:49.163665+08:00,2026-10-05T23:28:09.594731+08:00
6091,1,53,12,2026-09-20T15:25+08:00,2026-09-20T15:40+08:00,2.06,36.11,DATAGEN,CONFIRMED,0.935,v1,,2026-10-05T23:25:49.143586+08:00,2026-10-05T23:28:09.596631+08:00
7774,1,55,20,2026-09-20T15:40+08:00,2026-09-20T15:55+08:00,2.07,35.70,DATAGEN,CONFIRMED,0.961,v1,,2026-10-05T23:31:33.759126+08:00,2026-10-05T23:31:33.759126+08:00
6735,1,56,24,2026-09-20T16:10+08:00,2026-09-20T16:30+08:00,1.99,35.78,DATAGEN,CONFIRMED,0.937,v1,,2026-10-05T23:25:49.496698+08:00,2026-10-05T23:28:09.600478+08:00
6836,1,56,24,2026-09-20T16:25+08:00,2026-09-20T16:30+08:00,0.24,35.78,ALGORITHM_CANDIDATE,REJECTED,0.737,v1,,2026-10-05T23:25:49.509134+08:00,2026-10-05T23:28:09.602484+08:00
7775,1,55,20,2026-09-20T16:30+08:00,2026-09-20T16:40+08:00,1.71,35.35,DATAGEN,CONFIRMED,1.000,v1,,2026-10-05T23:31:33.759261+08:00,2026-10-05T23:31:33.759261+08:00
6092,1,53,12,2026-09-20T16:35+08:00,2026-09-20T16:50+08:00,1.48,36.20,DATAGEN,CONFIRMED,0.959,v1,,2026-10-05T23:25:49.143811+08:00,2026-10-05T23:28:09.606527+08:00
7156,1,58,32,2026-09-20T16:45+08:00,2026-09-20T17:00+08:00,2.96,36.05,DATAGEN,CONFIRMED,0.924,v1,,2026-10-05T23:25:49.691255+08:00,2026-10-05T23:28:09.608564+08:00
7658,1,60,40,2026-09-20T16:55+08:00,2026-09-20T17:15+08:00,3.32,35.64,ALGORITHM_CANDIDATE,CONFIRMED,0.764,v1,,2026-10-05T23:25:49.910264+08:00,2026-10-05T23:28:09.610769+08:00
7586,1,60,40,2026-09-20T17:00+08:00,2026-09-20T17:15+08:00,2.82,35.64,DATAGEN,CONFIRMED,0.933,v1,,2026-10-05T23:25:49.899896+08:00,2026-10-05T23:28:09.612944+08:00
5675,1,51,4,2026-09-20T17:10+08:00,2026-09-20T17:25+08:00,3.00,35.39,DATAGEN,CONFIRMED,1.000,v1,,2026-10-05T23:25:48.883871+08:00,2026-10-05T23:28:09.615006+08:00
6736,1,56,24,2026-09-20T17:30+08:00,2026-09-20T17:45+08:00,1.29,36.32,DATAGEN,CONFIRMED,0.847,v1,,2026-10-05T23:25:49.496854+08:00,2026-10-05T23:28:09.616999+08:00
6947,1,57,28,2026-09-20T17:45+08:00,2026-09-20T18:00+08:00,2.89,35.91,DATAGEN,CONFIRMED,0.911,v1,,2026-10-05T23:25:49.592519+08:00,2026-10-05T23:28:09.618986+08:00
6093,1,53,12,2026-09-20T18:15+08:00,2026-09-20T18:25+08:00,1.83,36.19,DATAGEN,CONFIRMED,0.960,v1,,2026-10-05T23:25:49.144044+08:00,2026-10-05T23:28:09.620963+08:00
7587,1,60,40,2026-09-20T18:25+08:00,2026-09-20T18:45+08:00,2.25,35.68,DATAGEN,CONFIRMED,0.926,v1,,2026-10-05T23:25:49.900036+08:00,2026-10-05T23:28:09.622954+08:00
7659,1,60,40,2026-09-20T18:40+08:00,2026-09-20T18:45+08:00,0.21,35.68,ALGORITHM_CANDIDATE,REJECTED,0.710,v1,,2026-10-05T23:25:49.910403+08:00,2026-10-05T23:28:09.624913+08:00
7157,1,58,32,2026-09-20T19:10+08:00,2026-09-20T19:25+08:00,2.26,36.47,DATAGEN,CONFIRMED,0.854,v1,,2026-10-05T23:25:49.691397+08:00,2026-10-05T23:28:09.626846+08:00
5676,1,51,4,2026-09-20T19:45+08:00,2026-09-20T20:00+08:00,3.11,35.73,DATAGEN,CONFIRMED,0.956,v1,,2026-10-05T23:25:48.884126+08:00,2026-10-05T23:28:09.628698+08:00
6094,1,53,12,2026-09-20T20:05+08:00,2026-09-20T20:25+08:00,3.27,35.32,DATAGEN,CONFIRMED,1.000,v1,,2026-10-05T23:25:49.144274+08:00,2026-10-05T23:28:09.630539+08:00
6948,1,57,28,2026-09-20T20:15+08:00,2026-09-20T20:40+08:00,2.65,36.26,DATAGEN,CONFIRMED,0.853,v1,,2026-10-05T23:25:49.592665+08:00,2026-10-05T23:28:09.63254+08:00
7588,1,60,40,2026-09-20T20:25+08:00,2026-09-20T20:45+08:00,2.62,36.12,DATAGEN,CONFIRMED,0.853,v1,,2026-10-05T23:25:49.900176+08:00,2026-10-05T23:28:09.634381+08:00
6317,1,54,16,2026-09-20T20:30+08:00,2026-09-20T20:50+08:00,2.85,36.19,DATAGEN,CONFIRMED,1.000,v1,,2026-10-05T23:25:49.289658+08:00,2026-10-05T23:28:09.636197+08:00
6737,1,56,24,2026-09-20T20:40+08:00,2026-09-20T21:00+08:00,3.18,35.69,DATAGEN,CONFIRMED,0.952,v1,,2026-10-05T23:25:49.497009+08:00,2026-10-05T23:28:09.638132+08:00
7158,1,58,32,2026-09-20T21:00+08:00,2026-09-20T21:15+08:00,2.37,36.23,DATAGEN,CONFIRMED,0.894,v1,,2026-10-05T23:25:49.691546+08:00,2026-10-05T23:28:09.639992+08:00
7776,1,55,20,2026-09-21T06:00+08:00,2026-09-21T06:20+08:00,2.69,35.94,DATAGEN,CONFIRMED,0.905,v1,,2026-10-05T23:31:33.759398+08:00,2026-10-05T23:31:33.759398+08:00
6318,1,54,16,2026-09-21T06:05+08:00,2026-09-21T06:30+08:00,3.56,35.16,DATAGEN,CONFIRMED,1.000,v1,,2026-10-05T23:25:49.289826+08:00,2026-10-05T23:28:09.643934+08:00
7876,1,55,20,2026-09-21T06:15+08:00,2026-09-21T06:20+08:00,0.17,35.94,ALGORITHM_CANDIDATE,CONFIRMED,0.666,v1,,2026-10-05T23:31:33.772746+08:00,2026-10-05T23:31:33.772746+08:00
6949,1,57,28,2026-09-21T06:55+08:00,2026-09-21T07:20+08:00,3.11,35.38,DATAGEN,CONFIRMED,1.000,v1,,2026-10-05T23:25:49.592808+08:00,2026-10-05T23:28:09.64799+08:00
7660,1,60,40,2026-09-21T07:00+08:00,2026-09-21T07:30+08:00,3.14,35.31,ALGORITHM_CANDIDATE,CONFIRMED,0.788,v1,,2026-10-05T23:25:49.91054+08:00,2026-10-05T23:28:09.650059+08:00
7589,1,60,40,2026-09-21T07:10+08:00,2026-09-21T07:30+08:00,2.16,35.31,DATAGEN,CONFIRMED,0.990,v1,,2026-10-05T23:25:49.900315+08:00,2026-10-05T23:28:09.652036+08:00
7473,1,59,36,2026-09-21T07:40+08:00,2026-09-21T07:55+08:00,3.05,35.43,ALGORITHM_CANDIDATE,CONFIRMED,0.788,v1,,2026-10-05T23:25:49.803631+08:00,2026-10-05T23:28:09.65394+08:00
7368,1,59,36,2026-09-21T07:45+08:00,2026-09-21T07:55+08:00,1.73,35.43,DATAGEN,CONFIRMED,0.956,v1,,2026-10-05T23:25:49.78864+08:00,2026-10-05T23:28:09.655998+08:00
6206,1,53,12,2026-09-21T07:55+08:00,2026-09-21T08:25+08:00,3.20,35.21,ALGORITHM_CANDIDATE,CONFIRMED,0.818,v1,,2026-10-05T23:25:49.163788+08:00,2026-10-05T23:28:09.658104+08:00
5677,1,51,4,2026-09-21T08:00+08:00,2026-09-21T08:30+08:00,3.69,35.03,DATAGEN,CONFIRMED,1.000,v1,,2026-10-05T23:25:48.884393+08:00,2026-10-05T23:28:09.660109+08:00
6095,1,53,12,2026-09-21T08:00+08:00,2026-09-21T08:25+08:00,2.36,35.21,DATAGEN,CONFIRMED,1.000,v1,,2026-10-05T23:25:49.144508+08:00,2026-10-05T23:28:09.662067+08:00
7590,1,60,40,2026-09-21T08:00+08:00,2026-09-21T08:10+08:00,1.64,35.05,DATAGEN,CONFIRMED,1.000,v1,,2026-10-05T23:25:49.90046+08:00,2026-10-05T23:28:09.663955+08:00
7159,1,58,32,2026-09-21T08:10+08:00,2026-09-21T08:40+08:00,2.92,35.27,DATAGEN,CONFIRMED,1.000,v1,,2026-10-05T23:25:49.691714+08:00,2026-10-05T23:28:09.665906+08:00
5780,1,51,4,2026-09-21T08:25+08:00,2026-09-21T08:30+08:00,0.16,35.03,ALGORITHM_CANDIDATE,REJECTED,0.756,v1,,2026-10-05T23:25:48.911325+08:00,2026-10-05T23:28:09.667769+08:00
7271,1,58,32,2026-09-21T08:30+08:00,2026-09-21T08:40+08:00,0.38,35.27,ALGORITHM_CANDIDATE,CONFIRMED,0.772,v1,,2026-10-05T23:25:49.707421+08:00,2026-10-05T23:28:09.669649+08:00
7369,1,59,36,2026-09-21T08:40+08:00,2026-09-21T09:00+08:00,1.86,35.00,DATAGEN,CONFIRMED,0.994,v1,,2026-10-05T23:25:49.788787+08:00,2026-10-05T23:28:09.67154+08:00
7474,1,59,36,2026-09-21T08:45+08:00,2026-09-21T09:00+08:00,0.87,35.00,ALGORITHM_CANDIDATE,REJECTED,0.828,v1,,2026-10-05T23:25:49.803725+08:00,2026-10-05T23:28:09.673559+08:00
7272,1,58,32,2026-09-21T08:55+08:00,2026-09-21T09:05+08:00,0.42,35.39,ALGORITHM_CANDIDATE,CONFIRMED,0.783,v1,,2026-10-05T23:25:49.707507+08:00,2026-10-05T23:28:09.675656+08:00
7591,1,60,40,2026-09-21T09:05+08:00,2026-09-21T09:20+08:00,1.55,35.36,DATAGEN,CONFIRMED,1.000,v1,,2026-10-05T23:25:49.900607+08:00,2026-10-05T23:28:09.677688+08:00
6096,1,53,12,2026-09-21T09:25+08:00,2026-09-21T09:40+08:00,1.42,35.73,DATAGEN,CONFIRMED,0.917,v1,,2026-10-05T23:25:49.144738+08:00,2026-10-05T23:28:09.679723+08:00
6319,1,54,16,2026-09-21T09:35+08:00,2026-09-21T09:55+08:00,2.90,35.38,DATAGEN,CONFIRMED,1.000,v1,,2026-10-05T23:25:49.289987+08:00,2026-10-05T23:28:09.681689+08:00
5884,1,52,8,2026-09-21T09:55+08:00,2026-09-21T10:20+08:00,2.66,35.63,DATAGEN,CONFIRMED,0.975,v1,,2026-10-05T23:25:49.01641+08:00,2026-10-05T23:28:09.683695+08:00
7592,1,60,40,2026-09-21T10:00+08:00,2026-09-21T10:25+08:00,1.21,35.37,DATAGEN,CONFIRMED,1.000,v1,,2026-10-05T23:25:49.900747+08:00,2026-10-05T23:28:09.687685+08:00
7777,1,55,20,2026-09-21T10:00+08:00,2026-09-21T10:15+08:00,2.93,35.63,DATAGEN,CONFIRMED,0.956,v1,,2026-10-05T23:31:33.759534+08:00,2026-10-05T23:31:33.759534+08:00
6097,1,53,12,2026-09-21T10:20+08:00,2026-09-21T10:35+08:00,1.75,35.27,DATAGEN,CONFIRMED,0.994,v1,,2026-10-05T23:25:49.144975+08:00,2026-10-05T23:28:09.689669+08:00
5678,1,51,4,2026-09-21T10:25+08:00,2026-09-21T10:35+08:00,1.81,35.94,DATAGEN,CONFIRMED,0.959,v1,,2026-10-05T23:25:48.884659+08:00,2026-10-05T23:28:09.691734+08:00
7370,1,59,36,2026-09-21T10:40+08:00,2026-09-21T10:55+08:00,2.39,35.17,DATAGEN,CONFIRMED,1.000,v1,,2026-10-05T23:25:49.788931+08:00,2026-10-05T23:28:09.693716+08:00
7593,1,60,40,2026-09-21T11:00+08:00,2026-09-21T11:15+08:00,1.51,35.09,DATAGEN,CONFIRMED,1.000,v1,,2026-10-05T23:25:49.900895+08:00,2026-10-05T23:28:09.695673+08:00
7160,1,58,32,2026-09-21T11:05+08:00,2026-09-21T11:20+08:00,2.36,35.77,DATAGEN,CONFIRMED,0.948,v1,,2026-10-05T23:25:49.691865+08:00,2026-10-05T23:28:09.697679+08:00
7661,1,60,40,2026-09-21T11:05+08:00,2026-09-21T11:15+08:00,0.42,35.09,ALGORITHM_CANDIDATE,CONFIRMED,0.783,v1,,2026-10-05T23:25:49.910686+08:00,2026-10-05T23:28:09.699591+08:00
6950,1,57,28,2026-09-21T11:10+08:00,2026-09-21T11:25+08:00,2.79,35.70,DATAGEN,CONFIRMED,1.000,v1,,2026-10-05T23:25:49.592971+08:00,2026-10-05T23:28:09.701467+08:00
7273,1,58,32,2026-09-21T11:15+08:00,2026-09-21T11:20+08:00,0.21,35.77,ALGORITHM_CANDIDATE,CONFIRMED,0.731,v1,,2026-10-05T23:25:49.707596+08:00,2026-10-05T23:28:09.703387+08:00
6320,1,54,16,2026-09-21T11:20+08:00,2026-09-21T11:35+08:00,2.07,35.80,DATAGEN,CONFIRMED,0.952,v1,,2026-10-05T23:25:49.290149+08:00,2026-10-05T23:28:09.705324+08:00
6098,1,53,12,2026-09-21T11:25+08:00,2026-09-21T11:40+08:00,2.17,35.28,DATAGEN,CONFIRMED,0.992,v1,,2026-10-05T23:25:49.145199+08:00,2026-10-05T23:28:09.707195+08:00
6207,1,53,12,2026-09-21T11:35+08:00,2026-09-21T11:40+08:00,0.16,35.28,ALGORITHM_CANDIDATE,CONFIRMED,0.748,v1,,2026-10-05T23:25:49.163913+08:00,2026-10-05T23:28:09.70901+08:00
7161,1,58,32,2026-09-21T11:40+08:00,2026-09-21T11:50+08:00,1.33,35.44,DATAGEN,CONFIRMED,1.000,v1,,2026-10-05T23:25:49.692017+08:00,2026-10-05T23:28:09.710816+08:00
7594,1,60,40,2026-09-21T12:10+08:00,2026-09-21T12:25+08:00,1.56,35.47,DATAGEN,CONFIRMED,0.992,v1,,2026-10-05T23:25:49.901047+08:00,2026-10-05T23:28:09.712836+08:00
5885,1,52,8,2026-09-21T12:15+08:00,2026-09-21T12:35+08:00,3.15,35.08,DATAGEN,CONFIRMED,1.000,v1,,2026-10-05T23:25:49.016654+08:00,2026-10-05T23:28:09.714829+08:00
7662,1,60,40,2026-09-21T12:20+08:00,2026-09-21T12:25+08:00,0.18,35.47,ALGORITHM_CANDIDATE,REJECTED,0.759,v1,,2026-10-05T23:25:49.910836+08:00,2026-10-05T23:28:09.718834+08:00
7778,1,55,20,2026-09-21T12:20+08:00,2026-09-21T12:40+08:00,2.42,35.67,DATAGEN,CONFIRMED,0.950,v1,,2026-10-05T23:31:33.759662+08:00,2026-10-05T23:31:33.759662+08:00
5679,1,51,4,2026-09-21T12:25+08:00,2026-09-21T12:45+08:00,2.95,35.24,DATAGEN,CONFIRMED,1.000,v1,,2026-10-05T23:25:48.885007+08:00,2026-10-05T23:28:09.720883+08:00
7371,1,59,36,2026-09-21T12:25+08:00,2026-09-21T12:50+08:00,2.90,35.18,DATAGEN,CONFIRMED,1.000,v1,,2026-10-05T23:25:49.789074+08:00,2026-10-05T23:28:09.722895+08:00
6321,1,54,16,2026-09-21T12:30+08:00,2026-09-21T12:45+08:00,1.14,36.06,DATAGEN,CONFIRMED,0.908,v1,,2026-10-05T23:25:49.290306+08:00,2026-10-05T23:28:09.724904+08:00
6409,1,54,16,2026-09-21T12:40+08:00,2026-09-21T12:45+08:00,0.22,36.06,ALGORITHM_CANDIDATE,CONFIRMED,0.697,v1,,2026-10-05T23:25:49.305578+08:00,2026-10-05T23:28:09.726924+08:00
6738,1,56,24,2026-09-21T12:50+08:00,2026-09-21T13:10+08:00,3.40,35.04,DATAGEN,CONFIRMED,1.000,v1,,2026-10-05T23:25:49.497174+08:00,2026-10-05T23:28:09.728917+08:00
6099,1,53,12,2026-09-21T13:35+08:00,2026-09-21T14:00+08:00,2.82,35.07,DATAGEN,CONFIRMED,1.000,v1,,2026-10-05T23:25:49.145422+08:00,2026-10-05T23:28:09.730864+08:00
6951,1,57,28,2026-09-21T13:45+08:00,2026-09-21T14:05+08:00,2.33,36.10,DATAGEN,CONFIRMED,0.963,v1,,2026-10-05T23:25:49.593134+08:00,2026-10-05T23:28:09.734664+08:00
7779,1,55,20,2026-09-21T13:45+08:00,2026-09-21T14:05+08:00,2.61,35.42,DATAGEN,CONFIRMED,0.991,v1,,2026-10-05T23:31:33.759797+08:00,2026-10-05T23:31:33.759797+08:00
5886,1,52,8,2026-09-21T13:55+08:00,2026-09-21T14:10+08:00,1.95,35.62,DATAGEN,CONFIRMED,0.977,v1,,2026-10-05T23:25:49.016855+08:00,2026-10-05T23:28:09.736529+08:00
7162,1,58,32,2026-09-21T13:55+08:00,2026-09-21T14:10+08:00,3.52,35.00,DATAGEN,CONFIRMED,1.000,v1,,2026-10-05T23:25:49.692165+08:00,2026-10-05T23:28:09.738399+08:00
6739,1,56,24,2026-09-21T14:30+08:00,2026-09-21T14:50+08:00,2.31,35.71,DATAGEN,CONFIRMED,1.000,v1,,2026-10-05T23:25:49.497323+08:00,2026-10-05T23:28:09.74027+08:00
7595,1,60,40,2026-09-21T14:30+08:00,2026-09-21T14:55+08:00,2.33,36.17,DATAGEN,CONFIRMED,0.876,v1,,2026-10-05T23:25:49.901197+08:00,2026-10-05T23:28:09.742219+08:00
6100,1,53,12,2026-09-21T14:50+08:00,2026-09-21T15:05+08:00,1.39,35.66,DATAGEN,CONFIRMED,0.929,v1,,2026-10-05T23:25:49.14565+08:00,2026-10-05T23:28:09.744205+08:00
6322,1,54,16,2026-09-21T14:55+08:00,2026-09-21T15:15+08:00,2.68,35.99,DATAGEN,CONFIRMED,0.920,v1,,2026-10-05T23:25:49.290459+08:00,2026-10-05T23:28:09.746209+08:00
5680,1,51,4,2026-09-21T15:15+08:00,2026-09-21T15:30+08:00,2.53,35.97,DATAGEN,CONFIRMED,0.954,v1,,2026-10-05T23:25:48.885333+08:00,2026-10-05T23:28:09.748227+08:00
5887,1,52,8,2026-09-21T15:15+08:00,2026-09-21T15:35+08:00,2.37,35.60,DATAGEN,CONFIRMED,0.980,v1,,2026-10-05T23:25:49.01706+08:00,2026-10-05T23:28:09.750218+08:00
6101,1,53,12,2026-09-21T15:50+08:00,2026-09-21T16:05+08:00,1.77,35.47,DATAGEN,CONFIRMED,0.960,v1,,2026-10-05T23:25:49.145873+08:00,2026-10-05T23:28:09.752254+08:00
7163,1,58,32,2026-09-21T15:55+08:00,2026-09-21T16:15+08:00,2.39,36.13,DATAGEN,CONFIRMED,0.888,v1,,2026-10-05T23:25:49.692315+08:00,2026-10-05T23:28:09.754245+08:00
5888,1,52,8,2026-09-21T16:10+08:00,2026-09-21T16:20+08:00,2.10,35.20,DATAGEN,CONFIRMED,1.000,v1,,2026-10-05T23:25:49.017259+08:00,2026-10-05T23:28:09.756233+08:00
7274,1,58,32,2026-09-21T16:10+08:00,2026-09-21T16:15+08:00,0.27,36.13,ALGORITHM_CANDIDATE,CONFIRMED,0.705,v1,,2026-10-05T23:25:49.707697+08:00,2026-10-05T23:28:09.758233+08:00
7780,1,55,20,2026-09-21T16:25+08:00,2026-09-21T16:50+08:00,3.14,35.56,DATAGEN,CONFIRMED,0.968,v1,,2026-10-05T23:31:33.759925+08:00,2026-10-05T23:31:33.759925+08:00
7164,1,58,32,2026-09-21T16:50+08:00,2026-09-21T16:55+08:00,0.79,36.30,DATAGEN,CONFIRMED,0.860,v1,,2026-10-05T23:25:49.692478+08:00,2026-10-05T23:28:09.762235+08:00
6323,1,54,16,2026-09-21T16:55+08:00,2026-09-21T17:10+08:00,2.54,36.21,DATAGEN,CONFIRMED,0.883,v1,,2026-10-05T23:25:49.290614+08:00,2026-10-05T23:28:09.764266+08:00
6740,1,56,24,2026-09-21T17:45+08:00,2026-09-21T18:05+08:00,3.12,35.65,DATAGEN,CONFIRMED,1.000,v1,,2026-10-05T23:25:49.497473+08:00,2026-10-05T23:28:09.766214+08:00
6102,1,53,12,2026-09-21T17:50+08:00,2026-09-21T18:00+08:00,2.76,35.87,DATAGEN,CONFIRMED,0.894,v1,,2026-10-05T23:25:49.146099+08:00,2026-10-05T23:28:09.768079+08:00
5889,1,52,8,2026-09-21T17:55+08:00,2026-09-21T18:10+08:00,2.77,35.80,DATAGEN,CONFIRMED,0.947,v1,,2026-10-05T23:25:49.017452+08:00,2026-10-05T23:28:09.769938+08:00
6324,1,54,16,2026-09-21T18:00+08:00,2026-09-21T18:10+08:00,1.38,36.35,DATAGEN,CONFIRMED,0.860,v1,,2026-10-05T23:25:49.290763+08:00,2026-10-05T23:28:09.771831+08:00
7781,1,55,20,2026-09-21T18:15+08:00,2026-09-21T18:30+08:00,1.63,36.32,DATAGEN,CONFIRMED,0.841,v1,,2026-10-05T23:31:33.760056+08:00,2026-10-05T23:31:33.760056+08:00
7165,1,58,32,2026-09-21T19:05+08:00,2026-09-21T19:25+08:00,3.16,35.55,DATAGEN,CONFIRMED,0.985,v1,,2026-10-05T23:25:49.692641+08:00,2026-10-05T23:28:09.775803+08:00
7782,1,55,20,2026-09-21T19:35+08:00,2026-09-21T19:50+08:00,1.86,36.36,DATAGEN,CONFIRMED,0.835,v1,,2026-10-05T23:31:33.760186+08:00,2026-10-05T23:31:33.760186+08:00
5681,1,51,4,2026-09-21T19:45+08:00,2026-09-21T20:00+08:00,2.76,36.57,DATAGEN,CONFIRMED,0.854,v1,,2026-10-05T23:25:48.885641+08:00,2026-10-05T23:28:09.779808+08:00
7877,1,55,20,2026-09-21T19:45+08:00,2026-09-21T19:50+08:00,0.20,36.36,ALGORITHM_CANDIDATE,CONFIRMED,0.612,v1,,2026-10-05T23:31:33.772915+08:00,2026-10-05T23:31:33.772915+08:00
7475,1,59,36,2026-09-21T20:00+08:00,2026-09-21T20:20+08:00,3.05,36.19,ALGORITHM_CANDIDATE,CONFIRMED,0.673,v1,,2026-10-05T23:25:49.803815+08:00,2026-10-05T23:28:09.783785+08:00
7372,1,59,36,2026-09-21T20:10+08:00,2026-09-21T20:20+08:00,1.96,36.19,DATAGEN,CONFIRMED,0.879,v1,,2026-10-05T23:25:49.789223+08:00,2026-10-05T23:28:09.785764+08:00
6952,1,57,28,2026-09-21T20:35+08:00,2026-09-21T20:55+08:00,2.87,36.37,DATAGEN,CONFIRMED,0.918,v1,,2026-10-05T23:25:49.59329+08:00,2026-10-05T23:28:09.787725+08:00
7783,1,55,20,2026-09-21T20:55+08:00,2026-09-21T21:15+08:00,2.25,36.15,DATAGEN,CONFIRMED,0.870,v1,,2026-10-05T23:31:33.760323+08:00,2026-10-05T23:31:33.760323+08:00
7373,1,59,36,2026-09-21T21:05+08:00,2026-09-21T21:20+08:00,2.31,35.52,DATAGEN,CONFIRMED,0.990,v1,,2026-10-05T23:25:49.789379+08:00,2026-10-05T23:28:09.791685+08:00
5977,1,52,8,2026-09-22T06:00+08:00,2026-09-22T06:25+08:00,3.41,35.07,ALGORITHM_CANDIDATE,CONFIRMED,0.804,v1,,2026-10-05T23:25:49.032275+08:00,2026-10-05T23:28:09.793658+08:00
7374,1,59,36,2026-09-22T06:05+08:00,2026-09-22T06:25+08:00,3.06,35.38,DATAGEN,CONFIRMED,0.992,v1,,2026-10-05T23:25:49.789531+08:00,2026-10-05T23:28:09.795615+08:00
5890,1,52,8,2026-09-22T06:10+08:00,2026-09-22T06:25+08:00,2.24,35.07,DATAGEN,CONFIRMED,0.986,v1,,2026-10-05T23:25:49.017643+08:00,2026-10-05T23:28:09.797581+08:00
6103,1,53,12,2026-09-22T06:50+08:00,2026-09-22T07:10+08:00,2.83,35.60,DATAGEN,CONFIRMED,0.926,v1,,2026-10-05T23:25:49.146332+08:00,2026-10-05T23:28:09.799594+08:00
5891,1,52,8,2026-09-22T07:35+08:00,2026-09-22T07:50+08:00,2.03,35.00,DATAGEN,CONFIRMED,1.000,v1,,2026-10-05T23:25:49.017834+08:00,2026-10-05T23:28:09.801547+08:00
7596,1,60,40,2026-09-22T07:50+08:00,2026-09-22T08:15+08:00,2.89,35.36,DATAGEN,CONFIRMED,1.000,v1,,2026-10-05T23:25:49.901342+08:00,2026-10-05T23:28:09.803441+08:00
7166,1,58,32,2026-09-22T08:05+08:00,2026-09-22T08:20+08:00,2.85,35.64,DATAGEN,CONFIRMED,1.000,v1,,2026-10-05T23:25:49.692795+08:00,2026-10-05T23:28:09.805288+08:00
7663,1,60,40,2026-09-22T08:10+08:00,2026-09-22T08:15+08:00,0.28,35.36,ALGORITHM_CANDIDATE,REJECTED,0.822,v1,,2026-10-05T23:25:49.910984+08:00,2026-10-05T23:28:09.807174+08:00
5682,1,51,4,2026-09-22T08:25+08:00,2026-09-22T08:40+08:00,2.95,35.69,DATAGEN,CONFIRMED,1.000,v1,,2026-10-05T23:25:48.885943+08:00,2026-10-05T23:28:09.809077+08:00
7050,1,57,28,2026-09-22T08:25+08:00,2026-09-22T08:55+08:00,3.37,35.26,ALGORITHM_CANDIDATE,CONFIRMED,0.791,v1,,2026-10-05T23:25:49.607265+08:00,2026-10-05T23:28:09.811094+08:00
6953,1,57,28,2026-09-22T08:30+08:00,2026-09-22T08:55+08:00,2.48,35.26,DATAGEN,CONFIRMED,0.981,v1,,2026-10-05T23:25:49.593448+08:00,2026-10-05T23:28:09.813068+08:00
6104,1,53,12,2026-09-22T09:10+08:00,2026-09-22T09:25+08:00,2.66,35.33,DATAGEN,CONFIRMED,0.932,v1,,2026-10-05T23:25:49.146552+08:00,2026-10-05T23:28:09.81506+08:00
7597,1,60,40,2026-09-22T09:45+08:00,2026-09-22T10:00+08:00,1.85,35.58,DATAGEN,CONFIRMED,1.000,v1,,2026-10-05T23:25:49.901493+08:00,2026-10-05T23:28:09.81706+08:00
6954,1,57,28,2026-09-22T09:50+08:00,2026-09-22T10:05+08:00,1.81,35.48,DATAGEN,CONFIRMED,0.864,v1,,2026-10-05T23:25:49.593605+08:00,2026-10-05T23:28:09.81906+08:00
7167,1,58,32,2026-09-22T09:55+08:00,2026-09-22T10:20+08:00,2.52,35.05,DATAGEN,CONFIRMED,1.000,v1,,2026-10-05T23:25:49.692942+08:00,2026-10-05T23:28:09.821061+08:00
7275,1,58,32,2026-09-22T10:05+08:00,2026-09-22T10:20+08:00,0.67,35.05,ALGORITHM_CANDIDATE,REJECTED,0.791,v1,,2026-10-05T23:25:49.707797+08:00,2026-10-05T23:28:09.823047+08:00
6105,1,53,12,2026-09-22T10:35+08:00,2026-09-22T10:50+08:00,2.31,35.48,DATAGEN,CONFIRMED,0.946,v1,,2026-10-05T23:25:49.146775+08:00,2026-10-05T23:28:09.825021+08:00
6955,1,57,28,2026-09-22T10:55+08:00,2026-09-22T11:15+08:00,1.73,35.11,DATAGEN,CONFIRMED,0.997,v1,,2026-10-05T23:25:49.59376+08:00,2026-10-05T23:28:09.82709+08:00
7168,1,58,32,2026-09-22T11:00+08:00,2026-09-22T11:10+08:00,1.54,35.13,DATAGEN,CONFIRMED,1.000,v1,,2026-10-05T23:25:49.69311+08:00,2026-10-05T23:28:09.829096+08:00
7375,1,59,36,2026-09-22T11:05+08:00,2026-09-22T11:25+08:00,2.91,35.57,DATAGEN,CONFIRMED,0.960,v1,,2026-10-05T23:25:49.789676+08:00,2026-10-05T23:28:09.831112+08:00
6741,1,56,24,2026-09-22T11:50+08:00,2026-09-22T12:10+08:00,3.40,35.03,DATAGEN,CONFIRMED,1.000,v1,,2026-10-05T23:25:49.497622+08:00,2026-10-05T23:28:09.833093+08:00
6956,1,57,28,2026-09-22T11:55+08:00,2026-09-22T12:05+08:00,2.10,35.03,DATAGEN,CONFIRMED,1.000,v1,,2026-10-05T23:25:49.593913+08:00,2026-10-05T23:28:09.835033+08:00
6325,1,54,16,2026-09-22T12:00+08:00,2026-09-22T12:30+08:00,3.44,35.39,DATAGEN,CONFIRMED,1.000,v1,,2026-10-05T23:25:49.290923+08:00,2026-10-05T23:28:09.836902+08:00
6106,1,53,12,2026-09-22T12:20+08:00,2026-09-22T12:40+08:00,2.19,35.75,DATAGEN,CONFIRMED,0.901,v1,,2026-10-05T23:25:49.147002+08:00,2026-10-05T23:28:09.838739+08:00
6410,1,54,16,2026-09-22T12:25+08:00,2026-09-22T12:30+08:00,0.23,35.39,ALGORITHM_CANDIDATE,REJECTED,0.794,v1,,2026-10-05T23:25:49.30571+08:00,2026-10-05T23:28:09.840578+08:00
7376,1,59,36,2026-09-22T13:05+08:00,2026-09-22T13:30+08:00,2.49,35.81,DATAGEN,CONFIRMED,0.920,v1,,2026-10-05T23:25:49.789825+08:00,2026-10-05T23:28:09.842418+08:00
5683,1,51,4,2026-09-22T13:10+08:00,2026-09-22T13:35+08:00,3.20,35.78,DATAGEN,CONFIRMED,1.000,v1,,2026-10-05T23:25:48.886235+08:00,2026-10-05T23:28:09.844345+08:00
5892,1,52,8,2026-09-22T13:10+08:00,2026-09-22T13:30+08:00,3.18,35.50,DATAGEN,CONFIRMED,0.999,v1,,2026-10-05T23:25:49.018023+08:00,2026-10-05T23:28:09.846303+08:00
6107,1,53,12,2026-09-22T13:25+08:00,2026-09-22T13:40+08:00,2.33,35.31,DATAGEN,CONFIRMED,0.971,v1,,2026-10-05T23:25:49.147229+08:00,2026-10-05T23:28:09.848329+08:00
7476,1,59,36,2026-09-22T13:25+08:00,2026-09-22T13:30+08:00,0.21,35.81,ALGORITHM_CANDIDATE,CONFIRMED,0.703,v1,,2026-10-05T23:25:49.803906+08:00,2026-10-05T23:28:09.850347+08:00
7784,1,55,20,2026-09-22T14:05+08:00,2026-09-22T14:25+08:00,2.76,36.12,DATAGEN,CONFIRMED,1.000,v1,,2026-10-05T23:31:33.760454+08:00,2026-10-05T23:31:33.760454+08:00
6742,1,56,24,2026-09-22T14:15+08:00,2026-09-22T14:35+08:00,2.34,35.59,DATAGEN,CONFIRMED,0.947,v1,,2026-10-05T23:25:49.497825+08:00,2026-10-05T23:28:09.854333+08:00
6108,1,53,12,2026-09-22T14:40+08:00,2026-09-22T14:55+08:00,2.54,35.17,DATAGEN,CONFIRMED,0.998,v1,,2026-10-05T23:25:49.147455+08:00,2026-10-05T23:28:09.856314+08:00
7169,1,58,32,2026-09-22T14:40+08:00,2026-09-22T15:05+08:00,2.83,36.00,DATAGEN,CONFIRMED,0.945,v1,,2026-10-05T23:25:49.693266+08:00,2026-10-05T23:28:09.85828+08:00
7377,1,59,36,2026-09-22T14:45+08:00,2026-09-22T15:00+08:00,2.44,35.46,DATAGEN,CONFIRMED,0.978,v1,,2026-10-05T23:25:49.789972+08:00,2026-10-05T23:28:09.86026+08:00
6957,1,57,28,2026-09-22T14:50+08:00,2026-09-22T15:00+08:00,3.21,35.07,DATAGEN,CONFIRMED,1.000,v1,,2026-10-05T23:25:49.594076+08:00,2026-10-05T23:28:09.862233+08:00
5781,1,51,4,2026-09-22T15:25+08:00,2026-09-22T15:40+08:00,2.83,35.91,ALGORITHM_CANDIDATE,CONFIRMED,0.799,v1,,2026-10-05T23:25:48.911519+08:00,2026-10-05T23:28:09.864221+08:00
5684,1,51,4,2026-09-22T15:30+08:00,2026-09-22T15:40+08:00,1.76,35.91,DATAGEN,CONFIRMED,0.883,v1,,2026-10-05T23:25:48.886501+08:00,2026-10-05T23:28:09.86621+08:00
6743,1,56,24,2026-09-22T15:30+08:00,2026-09-22T15:45+08:00,2.22,35.22,DATAGEN,CONFIRMED,1.000,v1,,2026-10-05T23:25:49.497978+08:00,2026-10-05T23:28:09.868172+08:00
7598,1,60,40,2026-09-22T15:45+08:00,2026-09-22T16:05+08:00,3.51,35.27,DATAGEN,CONFIRMED,1.000,v1,,2026-10-05T23:25:49.901641+08:00,2026-10-05T23:28:09.870091+08:00
6958,1,57,28,2026-09-22T15:55+08:00,2026-09-22T16:05+08:00,1.27,35.93,DATAGEN,CONFIRMED,0.869,v1,,2026-10-05T23:25:49.594275+08:00,2026-10-05T23:28:09.87194+08:00
5893,1,52,8,2026-09-22T16:00+08:00,2026-09-22T16:25+08:00,2.87,35.79,DATAGEN,CONFIRMED,0.951,v1,,2026-10-05T23:25:49.018209+08:00,2026-10-05T23:28:09.873792+08:00
6744,1,56,24,2026-09-22T16:05+08:00,2026-09-22T16:15+08:00,0.67,35.53,DATAGEN,CONFIRMED,0.846,v1,,2026-10-05T23:25:49.498141+08:00,2026-10-05T23:28:09.875651+08:00
6837,1,56,24,2026-09-22T16:10+08:00,2026-09-22T16:15+08:00,0.27,35.53,ALGORITHM_CANDIDATE,CONFIRMED,0.774,v1,,2026-10-05T23:25:49.50924+08:00,2026-10-05T23:28:09.877473+08:00
5685,1,51,4,2026-09-22T16:20+08:00,2026-09-22T16:35+08:00,1.89,35.67,DATAGEN,CONFIRMED,1.000,v1,,2026-10-05T23:25:48.886769+08:00,2026-10-05T23:28:09.879418+08:00
6208,1,53,12,2026-09-22T16:30+08:00,2026-09-22T16:45+08:00,1.48,36.35,ALGORITHM_CANDIDATE,CONFIRMED,0.801,v1,,2026-10-05T23:25:49.164039+08:00,2026-10-05T23:28:09.881414+08:00
6745,1,56,24,2026-09-22T16:30+08:00,2026-09-22T16:35+08:00,0.67,35.34,DATAGEN,CONFIRMED,0.989,v1,,2026-10-05T23:25:49.498295+08:00,2026-10-05T23:28:09.883344+08:00
6411,1,54,16,2026-09-22T16:35+08:00,2026-09-22T16:50+08:00,3.44,35.73,ALGORITHM_CANDIDATE,CONFIRMED,0.804,v1,,2026-10-05T23:25:49.305843+08:00,2026-10-05T23:28:09.885171+08:00
7785,1,55,20,2026-09-22T16:35+08:00,2026-09-22T17:00+08:00,2.90,36.09,DATAGEN,CONFIRMED,1.000,v1,,2026-10-05T23:31:33.760585+08:00,2026-10-05T23:31:33.760585+08:00
6326,1,54,16,2026-09-22T16:40+08:00,2026-09-22T16:50+08:00,2.32,35.73,DATAGEN,CONFIRMED,1.000,v1,,2026-10-05T23:25:49.291085+08:00,2026-10-05T23:28:09.888936+08:00
7599,1,60,40,2026-09-22T16:45+08:00,2026-09-22T16:50+08:00,0.33,36.37,DATAGEN,CONFIRMED,0.724,v1,,2026-10-05T23:25:49.901791+08:00,2026-10-05T23:28:09.890796+08:00
6959,1,57,28,2026-09-22T16:50+08:00,2026-09-22T17:05+08:00,1.72,35.77,DATAGEN,CONFIRMED,0.896,v1,,2026-10-05T23:25:49.594572+08:00,2026-10-05T23:28:09.89278+08:00
7378,1,59,36,2026-09-22T17:05+08:00,2026-09-22T17:25+08:00,3.15,35.25,DATAGEN,CONFIRMED,1.000,v1,,2026-10-05T23:25:49.790121+08:00,2026-10-05T23:28:09.894784+08:00
5686,1,51,4,2026-09-22T17:10+08:00,2026-09-22T17:15+08:00,0.86,36.47,DATAGEN,CONFIRMED,0.900,v1,,2026-10-05T23:25:48.88703+08:00,2026-10-05T23:28:09.896815+08:00
7170,1,58,32,2026-09-22T17:35+08:00,2026-09-22T17:50+08:00,2.11,36.30,DATAGEN,CONFIRMED,0.895,v1,,2026-10-05T23:25:49.693408+08:00,2026-10-05T23:28:09.898856+08:00
6327,1,54,16,2026-09-22T17:55+08:00,2026-09-22T18:10+08:00,1.62,36.09,DATAGEN,CONFIRMED,0.956,v1,,2026-10-05T23:25:49.291239+08:00,2026-10-05T23:28:09.900882+08:00
6960,1,57,28,2026-09-22T18:05+08:00,2026-09-22T18:20+08:00,2.49,35.49,DATAGEN,CONFIRMED,0.942,v1,,2026-10-05T23:25:49.594726+08:00,2026-10-05T23:28:09.903073+08:00
5894,1,52,8,2026-09-22T18:10+08:00,2026-09-22T18:30+08:00,2.21,35.88,DATAGEN,CONFIRMED,0.936,v1,,2026-10-05T23:25:49.018399+08:00,2026-10-05T23:28:09.905191+08:00
5978,1,52,8,2026-09-22T18:25+08:00,2026-09-22T18:30+08:00,0.30,35.88,ALGORITHM_CANDIDATE,REJECTED,0.769,v1,,2026-10-05T23:25:49.032423+08:00,2026-10-05T23:28:09.907189+08:00
7379,1,59,36,2026-09-22T18:35+08:00,2026-09-22T18:45+08:00,1.37,36.31,DATAGEN,CONFIRMED,0.837,v1,,2026-10-05T23:25:49.790271+08:00,2026-10-05T23:28:09.909108+08:00
5687,1,51,4,2026-09-22T18:50+08:00,2026-09-22T19:05+08:00,1.92,36.52,DATAGEN,CONFIRMED,0.892,v1,,2026-10-05T23:25:48.887277+08:00,2026-10-05T23:28:09.910986+08:00
6109,1,53,12,2026-09-22T18:50+08:00,2026-09-22T19:00+08:00,3.22,35.73,DATAGEN,CONFIRMED,0.905,v1,,2026-10-05T23:25:49.147682+08:00,2026-10-05T23:28:09.913021+08:00
6838,1,56,24,2026-09-22T18:55+08:00,2026-09-22T19:15+08:00,2.66,35.86,ALGORITHM_CANDIDATE,CONFIRMED,0.697,v1,,2026-10-05T23:25:49.509333+08:00,2026-10-05T23:28:09.915042+08:00
7380,1,59,36,2026-09-22T18:55+08:00,2026-09-22T19:00+08:00,0.35,36.16,DATAGEN,CONFIRMED,0.723,v1,,2026-10-05T23:25:49.790423+08:00,2026-10-05T23:28:09.917006+08:00
6746,1,56,24,2026-09-22T19:00+08:00,2026-09-22T19:25+08:00,1.96,35.73,DATAGEN,CONFIRMED,0.855,v1,,2026-10-05T23:25:49.498459+08:00,2026-10-05T23:28:09.918972+08:00
6961,1,57,28,2026-09-22T19:15+08:00,2026-09-22T19:25+08:00,1.94,35.68,DATAGEN,CONFIRMED,0.911,v1,,2026-10-05T23:25:49.594879+08:00,2026-10-05T23:28:09.922976+08:00
7786,1,55,20,2026-09-22T19:15+08:00,2026-09-22T19:30+08:00,2.32,36.44,DATAGEN,CONFIRMED,0.959,v1,,2026-10-05T23:31:33.760715+08:00,2026-10-05T23:31:33.760715+08:00
7381,1,59,36,2026-09-22T19:35+08:00,2026-09-22T19:45+08:00,0.83,36.26,DATAGEN,CONFIRMED,0.795,v1,,2026-10-05T23:25:49.790582+08:00,2026-10-05T23:28:09.925047+08:00
7600,1,60,40,2026-09-22T20:05+08:00,2026-09-22T20:30+08:00,2.91,36.14,DATAGEN,CONFIRMED,0.912,v1,,2026-10-05T23:25:49.90193+08:00,2026-10-05T23:28:09.92708+08:00
6747,1,56,24,2026-09-22T20:15+08:00,2026-09-22T20:20+08:00,1.11,36.11,DATAGEN,CONFIRMED,0.861,v1,,2026-10-05T23:25:49.498613+08:00,2026-10-05T23:28:09.929074+08:00
7664,1,60,40,2026-09-22T20:25+08:00,2026-09-22T20:30+08:00,0.22,36.14,ALGORITHM_CANDIDATE,REJECTED,0.701,v1,,2026-10-05T23:25:49.911123+08:00,2026-10-05T23:28:09.931028+08:00
6328,1,54,16,2026-09-22T20:50+08:00,2026-09-22T21:10+08:00,3.17,35.68,DATAGEN,CONFIRMED,1.000,v1,,2026-10-05T23:25:49.291396+08:00,2026-10-05T23:28:09.933035+08:00
6110,1,53,12,2026-09-22T20:55+08:00,2026-09-22T21:10+08:00,3.51,35.37,DATAGEN,CONFIRMED,0.965,v1,,2026-10-05T23:25:49.147907+08:00,2026-10-05T23:28:09.935+08:00
7665,1,60,40,2026-09-23T06:20+08:00,2026-09-23T06:55+08:00,3.30,35.37,ALGORITHM_CANDIDATE,CONFIRMED,0.827,v1,,2026-10-05T23:25:49.911265+08:00,2026-10-05T23:28:09.936925+08:00
7601,1,60,40,2026-09-23T06:30+08:00,2026-09-23T06:55+08:00,3.11,35.37,DATAGEN,CONFIRMED,1.000,v1,,2026-10-05T23:25:49.902071+08:00,2026-10-05T23:28:09.938911+08:00
7878,1,55,20,2026-09-23T06:35+08:00,2026-09-23T07:00+08:00,3.47,35.14,ALGORITHM_CANDIDATE,CONFIRMED,0.789,v1,,2026-10-05T23:31:33.773054+08:00,2026-10-05T23:31:33.773054+08:00
7787,1,55,20,2026-09-23T06:45+08:00,2026-09-23T07:00+08:00,2.22,35.14,DATAGEN,CONFIRMED,1.000,v1,,2026-10-05T23:31:33.760845+08:00,2026-10-05T23:31:33.760845+08:00
6962,1,57,28,2026-09-23T07:15+08:00,2026-09-23T07:50+08:00,3.39,35.19,DATAGEN,CONFIRMED,1.000,v1,,2026-10-05T23:25:49.595036+08:00,2026-10-05T23:28:09.944596+08:00
5979,1,52,8,2026-09-23T07:35+08:00,2026-09-23T07:55+08:00,3.26,35.24,ALGORITHM_CANDIDATE,CONFIRMED,0.823,v1,,2026-10-05T23:25:49.03255+08:00,2026-10-05T23:28:09.946629+08:00
5895,1,52,8,2026-09-23T07:40+08:00,2026-09-23T07:55+08:00,2.23,35.24,DATAGEN,CONFIRMED,1.000,v1,,2026-10-05T23:25:49.018589+08:00,2026-10-05T23:28:09.948595+08:00
7788,1,55,20,2026-09-23T07:55+08:00,2026-09-23T08:05+08:00,1.84,35.02,DATAGEN,CONFIRMED,1.000,v1,,2026-10-05T23:31:33.760969+08:00,2026-10-05T23:31:33.760969+08:00
6748,1,56,24,2026-09-23T08:10+08:00,2026-09-23T08:30+08:00,3.38,35.00,DATAGEN,CONFIRMED,1.000,v1,,2026-10-05T23:25:49.498763+08:00,2026-10-05T23:28:09.952642+08:00
7276,1,58,32,2026-09-23T08:15+08:00,2026-09-23T08:30+08:00,3.42,35.08,ALGORITHM_CANDIDATE,CONFIRMED,0.804,v1,,2026-10-05T23:25:49.70789+08:00,2026-10-05T23:28:09.954659+08:00
7171,1,58,32,2026-09-23T08:20+08:00,2026-09-23T08:30+08:00,2.33,35.08,DATAGEN,CONFIRMED,1.000,v1,,2026-10-05T23:25:49.693556+08:00,2026-10-05T23:28:09.956708+08:00
7602,1,60,40,2026-09-23T08:20+08:00,2026-09-23T08:40+08:00,2.16,35.43,DATAGEN,CONFIRMED,1.000,v1,,2026-10-05T23:25:49.902221+08:00,2026-10-05T23:28:09.958727+08:00
7666,1,60,40,2026-09-23T08:35+08:00,2026-09-23T08:40+08:00,0.24,35.43,ALGORITHM_CANDIDATE,REJECTED,0.800,v1,,2026-10-05T23:25:49.911406+08:00,2026-10-05T23:28:09.960711+08:00
5896,1,52,8,2026-09-23T08:45+08:00,2026-09-23T08:55+08:00,1.12,35.61,DATAGEN,CONFIRMED,0.954,v1,,2026-10-05T23:25:49.018778+08:00,2026-10-05T23:28:09.96269+08:00
5980,1,52,8,2026-09-23T08:50+08:00,2026-09-23T08:55+08:00,0.24,35.61,ALGORITHM_CANDIDATE,CONFIRMED,0.754,v1,,2026-10-05T23:25:49.032674+08:00,2026-10-05T23:28:09.964663+08:00
7172,1,58,32,2026-09-23T09:25+08:00,2026-09-23T09:35+08:00,1.59,35.46,DATAGEN,CONFIRMED,0.979,v1,,2026-10-05T23:25:49.693708+08:00,2026-10-05T23:28:09.966649+08:00
6329,1,54,16,2026-09-23T09:35+08:00,2026-09-23T09:50+08:00,3.28,35.46,DATAGEN,CONFIRMED,1.000,v1,,2026-10-05T23:25:49.291551+08:00,2026-10-05T23:28:09.968635+08:00
5782,1,51,4,2026-09-23T09:55+08:00,2026-09-23T10:20+08:00,3.48,35.21,ALGORITHM_CANDIDATE,CONFIRMED,0.801,v1,,2026-10-05T23:25:48.911705+08:00,2026-10-05T23:28:09.970825+08:00
5688,1,51,4,2026-09-23T10:05+08:00,2026-09-23T10:20+08:00,2.04,35.21,DATAGEN,CONFIRMED,1.000,v1,,2026-10-05T23:25:48.887519+08:00,2026-10-05T23:28:09.972866+08:00
5897,1,52,8,2026-09-23T10:05+08:00,2026-09-23T10:20+08:00,2.34,35.15,DATAGEN,CONFIRMED,1.000,v1,,2026-10-05T23:25:49.018976+08:00,2026-10-05T23:28:09.974842+08:00
6209,1,53,12,2026-09-23T10:15+08:00,2026-09-23T10:30+08:00,2.97,35.57,ALGORITHM_CANDIDATE,CONFIRMED,0.772,v1,,2026-10-05T23:25:49.164161+08:00,2026-10-05T23:28:09.976733+08:00
7789,1,55,20,2026-09-23T10:20+08:00,2026-09-23T10:40+08:00,2.20,35.80,DATAGEN,CONFIRMED,0.943,v1,,2026-10-05T23:31:33.761099+08:00,2026-10-05T23:31:33.761099+08:00
6111,1,53,12,2026-09-23T10:25+08:00,2026-09-23T10:30+08:00,1.25,35.57,DATAGEN,CONFIRMED,0.943,v1,,2026-10-05T23:25:49.148129+08:00,2026-10-05T23:28:09.980469+08:00
7173,1,58,32,2026-09-23T10:30+08:00,2026-09-23T10:45+08:00,2.01,35.00,DATAGEN,CONFIRMED,1.000,v1,,2026-10-05T23:25:49.693869+08:00,2026-10-05T23:28:09.982345+08:00
7879,1,55,20,2026-09-23T10:35+08:00,2026-09-23T10:40+08:00,0.20,35.80,ALGORITHM_CANDIDATE,REJECTED,0.721,v1,,2026-10-05T23:31:33.773218+08:00,2026-10-05T23:31:33.773218+08:00
5689,1,51,4,2026-09-23T10:50+08:00,2026-09-23T11:00+08:00,1.03,35.74,DATAGEN,CONFIRMED,0.932,v1,,2026-10-05T23:25:48.887803+08:00,2026-10-05T23:28:09.986498+08:00
5783,1,51,4,2026-09-23T11:05+08:00,2026-09-23T11:10+08:00,0.22,35.57,ALGORITHM_CANDIDATE,CONFIRMED,0.749,v1,,2026-10-05T23:25:48.911887+08:00,2026-10-05T23:28:09.989167+08:00
6112,1,53,12,2026-09-23T11:20+08:00,2026-09-23T11:30+08:00,1.28,35.64,DATAGEN,CONFIRMED,0.969,v1,,2026-10-05T23:25:49.148309+08:00,2026-10-05T23:28:09.991344+08:00
6330,1,54,16,2026-09-23T11:20+08:00,2026-09-23T11:35+08:00,2.52,35.38,DATAGEN,CONFIRMED,1.000,v1,,2026-10-05T23:25:49.291705+08:00,2026-10-05T23:28:09.993503+08:00
6963,1,57,28,2026-09-23T11:30+08:00,2026-09-23T11:55+08:00,2.65,35.84,DATAGEN,CONFIRMED,0.902,v1,,2026-10-05T23:25:49.595183+08:00,2026-10-05T23:28:09.995768+08:00
5690,1,51,4,2026-09-23T11:45+08:00,2026-09-23T11:55+08:00,1.21,35.96,DATAGEN,CONFIRMED,0.895,v1,,2026-10-05T23:25:48.888056+08:00,2026-10-05T23:28:09.998184+08:00
5784,1,51,4,2026-09-23T11:50+08:00,2026-09-23T11:55+08:00,0.22,35.96,ALGORITHM_CANDIDATE,CONFIRMED,0.684,v1,,2026-10-05T23:25:48.912074+08:00,2026-10-05T23:28:10.000506+08:00
6749,1,56,24,2026-09-23T12:00+08:00,2026-09-23T12:25+08:00,2.71,35.42,DATAGEN,CONFIRMED,0.964,v1,,2026-10-05T23:25:49.498917+08:00,2026-10-05T23:28:10.00443+08:00
7382,1,59,36,2026-09-23T12:15+08:00,2026-09-23T12:35+08:00,3.53,35.12,DATAGEN,CONFIRMED,1.000,v1,,2026-10-05T23:25:49.790732+08:00,2026-10-05T23:28:10.006658+08:00
6331,1,54,16,2026-09-23T12:20+08:00,2026-09-23T12:30+08:00,1.07,36.11,DATAGEN,CONFIRMED,1.000,v1,,2026-10-05T23:25:49.291862+08:00,2026-10-05T23:28:10.008611+08:00
6412,1,54,16,2026-09-23T12:25+08:00,2026-09-23T12:30+08:00,0.25,36.11,ALGORITHM_CANDIDATE,CONFIRMED,0.806,v1,,2026-10-05T23:25:49.305976+08:00,2026-10-05T23:28:10.010742+08:00
5691,1,51,4,2026-09-23T12:50+08:00,2026-09-23T13:05+08:00,2.31,35.31,DATAGEN,CONFIRMED,1.000,v1,,2026-10-05T23:25:48.888288+08:00,2026-10-05T23:28:10.01266+08:00
7174,1,58,32,2026-09-23T12:55+08:00,2026-09-23T13:05+08:00,2.60,35.38,DATAGEN,CONFIRMED,0.992,v1,,2026-10-05T23:25:49.694018+08:00,2026-10-05T23:28:10.0145+08:00
5785,1,51,4,2026-09-23T13:00+08:00,2026-09-23T13:05+08:00,0.21,35.31,ALGORITHM_CANDIDATE,CONFIRMED,0.783,v1,,2026-10-05T23:25:48.91226+08:00,2026-10-05T23:28:10.016402+08:00
6113,1,53,12,2026-09-23T13:00+08:00,2026-09-23T13:15+08:00,2.05,35.63,DATAGEN,CONFIRMED,0.971,v1,,2026-10-05T23:25:49.148484+08:00,2026-10-05T23:28:10.01835+08:00
6964,1,57,28,2026-09-23T13:10+08:00,2026-09-23T13:25+08:00,2.40,35.48,DATAGEN,CONFIRMED,1.000,v1,,2026-10-05T23:25:49.595322+08:00,2026-10-05T23:28:10.020362+08:00
7603,1,60,40,2026-09-23T13:10+08:00,2026-09-23T13:40+08:00,3.41,35.21,DATAGEN,CONFIRMED,1.000,v1,,2026-10-05T23:25:49.902367+08:00,2026-10-05T23:28:10.02232+08:00
7051,1,57,28,2026-09-23T13:20+08:00,2026-09-23T13:25+08:00,0.28,35.48,ALGORITHM_CANDIDATE,CONFIRMED,0.822,v1,,2026-10-05T23:25:49.607372+08:00,2026-10-05T23:28:10.024269+08:00
6750,1,56,24,2026-09-23T13:35+08:00,2026-09-23T13:55+08:00,2.39,35.04,DATAGEN,CONFIRMED,1.000,v1,,2026-10-05T23:25:49.499083+08:00,2026-10-05T23:28:10.026253+08:00
5981,1,52,8,2026-09-23T13:45+08:00,2026-09-23T14:05+08:00,2.61,35.96,ALGORITHM_CANDIDATE,CONFIRMED,0.714,v1,,2026-10-05T23:25:49.032802+08:00,2026-10-05T23:28:10.028368+08:00
5898,1,52,8,2026-09-23T13:55+08:00,2026-09-23T14:05+08:00,1.25,35.96,DATAGEN,CONFIRMED,0.879,v1,,2026-10-05T23:25:49.019166+08:00,2026-10-05T23:28:10.030318+08:00
7790,1,55,20,2026-09-23T14:15+08:00,2026-09-23T14:30+08:00,2.99,35.72,DATAGEN,CONFIRMED,0.957,v1,,2026-10-05T23:31:33.761228+08:00,2026-10-05T23:31:33.761228+08:00
5692,1,51,4,2026-09-23T14:30+08:00,2026-09-23T14:45+08:00,2.49,35.53,DATAGEN,CONFIRMED,0.967,v1,,2026-10-05T23:25:48.888525+08:00,2026-10-05T23:28:10.034262+08:00
7383,1,59,36,2026-09-23T14:30+08:00,2026-09-23T14:50+08:00,2.08,35.89,DATAGEN,CONFIRMED,1.000,v1,,2026-10-05T23:25:49.790878+08:00,2026-10-05T23:28:10.036219+08:00
5899,1,52,8,2026-09-23T15:00+08:00,2026-09-23T15:15+08:00,1.49,35.92,DATAGEN,CONFIRMED,0.878,v1,,2026-10-05T23:25:49.019358+08:00,2026-10-05T23:28:10.038169+08:00
5693,1,51,4,2026-09-23T15:35+08:00,2026-09-23T15:55+08:00,1.80,35.63,DATAGEN,CONFIRMED,0.950,v1,,2026-10-05T23:25:48.888785+08:00,2026-10-05T23:28:10.040125+08:00
5786,1,51,4,2026-09-23T15:50+08:00,2026-09-23T15:55+08:00,0.24,35.63,ALGORITHM_CANDIDATE,REJECTED,0.750,v1,,2026-10-05T23:25:48.912443+08:00,2026-10-05T23:28:10.042163+08:00
5900,1,52,8,2026-09-23T16:10+08:00,2026-09-23T16:25+08:00,2.05,35.58,DATAGEN,CONFIRMED,0.959,v1,,2026-10-05T23:25:49.019547+08:00,2026-10-05T23:28:10.044373+08:00
5982,1,52,8,2026-09-23T16:20+08:00,2026-09-23T16:25+08:00,0.20,35.58,ALGORITHM_CANDIDATE,CONFIRMED,0.737,v1,,2026-10-05T23:25:49.032932+08:00,2026-10-05T23:28:10.046451+08:00
7277,1,58,32,2026-09-23T16:25+08:00,2026-09-23T16:40+08:00,2.43,36.36,ALGORITHM_CANDIDATE,CONFIRMED,0.662,v1,,2026-10-05T23:25:49.707981+08:00,2026-10-05T23:28:10.048378+08:00
5694,1,51,4,2026-09-23T16:50+08:00,2026-09-23T17:05+08:00,2.00,35.56,DATAGEN,CONFIRMED,0.962,v1,,2026-10-05T23:25:48.889022+08:00,2026-10-05T23:28:10.050272+08:00
6839,1,56,24,2026-09-23T16:50+08:00,2026-09-23T17:10+08:00,3.67,35.13,ALGORITHM_CANDIDATE,CONFIRMED,0.802,v1,,2026-10-05T23:25:49.509421+08:00,2026-10-05T23:28:10.052058+08:00
6751,1,56,24,2026-09-23T16:55+08:00,2026-09-23T17:10+08:00,2.66,35.13,DATAGEN,CONFIRMED,0.984,v1,,2026-10-05T23:25:49.49924+08:00,2026-10-05T23:28:10.053852+08:00
7791,1,55,20,2026-09-23T17:00+08:00,2026-09-23T17:10+08:00,2.54,36.07,DATAGEN,CONFIRMED,0.898,v1,,2026-10-05T23:31:33.761355+08:00,2026-10-05T23:31:33.761355+08:00
6114,1,53,12,2026-09-23T17:15+08:00,2026-09-23T17:30+08:00,2.79,36.13,DATAGEN,CONFIRMED,0.872,v1,,2026-10-05T23:25:49.148657+08:00,2026-10-05T23:28:10.057677+08:00
7384,1,59,36,2026-09-23T17:15+08:00,2026-09-23T17:30+08:00,2.86,36.00,DATAGEN,CONFIRMED,0.987,v1,,2026-10-05T23:25:49.79103+08:00,2026-10-05T23:28:10.059626+08:00
7175,1,58,32,2026-09-23T17:20+08:00,2026-09-23T17:35+08:00,2.67,35.39,DATAGEN,CONFIRMED,0.991,v1,,2026-10-05T23:25:49.694171+08:00,2026-10-05T23:28:10.061748+08:00
6210,1,53,12,2026-09-23T17:25+08:00,2026-09-23T17:30+08:00,0.29,36.13,ALGORITHM_CANDIDATE,CONFIRMED,0.715,v1,,2026-10-05T23:25:49.164279+08:00,2026-10-05T23:28:10.063657+08:00
7052,1,57,28,2026-09-23T17:30+08:00,2026-09-23T17:50+08:00,2.76,36.32,ALGORITHM_CANDIDATE,CONFIRMED,0.689,v1,,2026-10-05T23:25:49.60747+08:00,2026-10-05T23:28:10.065586+08:00
5787,1,51,4,2026-09-23T17:35+08:00,2026-09-23T17:40+08:00,0.44,36.43,ALGORITHM_CANDIDATE,CONFIRMED,0.728,v1,,2026-10-05T23:25:48.912621+08:00,2026-10-05T23:28:10.067622+08:00
6965,1,57,28,2026-09-23T17:35+08:00,2026-09-23T17:50+08:00,2.55,36.32,DATAGEN,CONFIRMED,0.860,v1,,2026-10-05T23:25:49.59547+08:00,2026-10-05T23:28:10.071669+08:00
6752,1,56,24,2026-09-23T18:10+08:00,2026-09-23T18:25+08:00,1.90,35.24,DATAGEN,CONFIRMED,0.994,v1,,2026-10-05T23:25:49.499399+08:00,2026-10-05T23:28:10.074162+08:00
5901,1,52,8,2026-09-23T18:20+08:00,2026-09-23T18:35+08:00,2.92,35.69,DATAGEN,CONFIRMED,0.941,v1,,2026-10-05T23:25:49.01974+08:00,2026-10-05T23:28:10.076337+08:00
5983,1,52,8,2026-09-23T18:30+08:00,2026-09-23T18:35+08:00,0.25,35.69,ALGORITHM_CANDIDATE,CONFIRMED,0.747,v1,,2026-10-05T23:25:49.033056+08:00,2026-10-05T23:28:10.078453+08:00
6966,1,57,28,2026-09-23T18:45+08:00,2026-09-23T19:00+08:00,2.38,35.82,DATAGEN,CONFIRMED,0.929,v1,,2026-10-05T23:25:49.595623+08:00,2026-10-05T23:28:10.080518+08:00
6115,1,53,12,2026-09-23T18:50+08:00,2026-09-23T19:05+08:00,2.69,35.64,DATAGEN,CONFIRMED,0.969,v1,,2026-10-05T23:25:49.148832+08:00,2026-10-05T23:28:10.082496+08:00
5695,1,51,4,2026-09-23T19:20+08:00,2026-09-23T19:40+08:00,3.17,35.50,DATAGEN,CONFIRMED,0.972,v1,,2026-10-05T23:25:48.889254+08:00,2026-10-05T23:28:10.08438+08:00
6967,1,57,28,2026-09-23T19:55+08:00,2026-09-23T20:05+08:00,2.56,35.39,DATAGEN,CONFIRMED,1.000,v1,,2026-10-05T23:25:49.595766+08:00,2026-10-05T23:28:10.086289+08:00
6753,1,56,24,2026-09-23T20:20+08:00,2026-09-23T20:35+08:00,2.82,35.53,DATAGEN,CONFIRMED,0.945,v1,,2026-10-05T23:25:49.499554+08:00,2026-10-05T23:28:10.088233+08:00
6116,1,53,12,2026-09-23T20:35+08:00,2026-09-23T20:55+08:00,2.54,35.53,DATAGEN,CONFIRMED,0.987,v1,,2026-10-05T23:25:49.149014+08:00,2026-10-05T23:28:10.090243+08:00
7176,1,58,32,2026-09-23T20:35+08:00,2026-09-23T20:55+08:00,2.75,36.29,DATAGEN,CONFIRMED,0.841,v1,,2026-10-05T23:25:49.694332+08:00,2026-10-05T23:28:10.092526+08:00
7604,1,60,40,2026-09-23T20:40+08:00,2026-09-23T21:05+08:00,3.12,36.17,DATAGEN,CONFIRMED,0.909,v1,,2026-10-05T23:25:49.902519+08:00,2026-10-05T23:28:10.094613+08:00
7792,1,55,20,2026-09-23T20:45+08:00,2026-09-23T21:10+08:00,3.70,35.49,DATAGEN,CONFIRMED,0.995,v1,,2026-10-05T23:31:33.761486+08:00,2026-10-05T23:31:33.761486+08:00
5788,1,51,4,2026-09-24T06:25+08:00,2026-09-24T06:40+08:00,3.04,35.66,ALGORITHM_CANDIDATE,CONFIRMED,0.809,v1,,2026-10-05T23:25:48.912808+08:00,2026-10-05T23:28:10.09935+08:00
5696,1,51,4,2026-09-24T06:30+08:00,2026-09-24T06:40+08:00,2.27,35.66,DATAGEN,CONFIRMED,0.995,v1,,2026-10-05T23:25:48.88949+08:00,2026-10-05T23:28:10.101459+08:00
6968,1,57,28,2026-09-24T06:30+08:00,2026-09-24T06:50+08:00,3.49,35.04,DATAGEN,CONFIRMED,1.000,v1,,2026-10-05T23:25:49.595909+08:00,2026-10-05T23:28:10.103505+08:00
5902,1,52,8,2026-09-24T06:45+08:00,2026-09-24T07:10+08:00,3.09,35.34,DATAGEN,CONFIRMED,1.000,v1,,2026-10-05T23:25:49.019951+08:00,2026-10-05T23:28:10.105536+08:00
6117,1,53,12,2026-09-24T06:45+08:00,2026-09-24T07:05+08:00,3.41,35.13,DATAGEN,CONFIRMED,1.000,v1,,2026-10-05T23:25:49.149194+08:00,2026-10-05T23:28:10.107617+08:00
5984,1,52,8,2026-09-24T07:05+08:00,2026-09-24T07:10+08:00,0.19,35.34,ALGORITHM_CANDIDATE,REJECTED,0.772,v1,,2026-10-05T23:25:49.033187+08:00,2026-10-05T23:28:10.109624+08:00
7477,1,59,36,2026-09-24T07:45+08:00,2026-09-24T07:55+08:00,3.24,35.16,ALGORITHM_CANDIDATE,CONFIRMED,0.826,v1,,2026-10-05T23:25:49.803995+08:00,2026-10-05T23:28:10.111626+08:00
7385,1,59,36,2026-09-24T07:50+08:00,2026-09-24T07:55+08:00,1.89,35.16,DATAGEN,CONFIRMED,0.940,v1,,2026-10-05T23:25:49.791178+08:00,2026-10-05T23:28:10.113926+08:00
5697,1,51,4,2026-09-24T07:55+08:00,2026-09-24T08:05+08:00,2.24,35.30,DATAGEN,CONFIRMED,1.000,v1,,2026-10-05T23:25:48.889726+08:00,2026-10-05T23:28:10.115988+08:00
7605,1,60,40,2026-09-24T08:50+08:00,2026-09-24T09:10+08:00,2.48,35.73,DATAGEN,CONFIRMED,0.987,v1,,2026-10-05T23:25:49.902664+08:00,2026-10-05T23:28:10.117947+08:00
7386,1,59,36,2026-09-24T08:55+08:00,2026-09-24T09:10+08:00,1.13,35.77,DATAGEN,CONFIRMED,0.966,v1,,2026-10-05T23:25:49.791329+08:00,2026-10-05T23:28:10.121625+08:00
7880,1,55,20,2026-09-24T08:55+08:00,2026-09-24T09:25+08:00,2.78,35.87,ALGORITHM_CANDIDATE,CONFIRMED,0.733,v1,,2026-10-05T23:31:33.773397+08:00,2026-10-05T23:31:33.773397+08:00
6840,1,56,24,2026-09-24T09:00+08:00,2026-09-24T09:20+08:00,2.91,35.48,ALGORITHM_CANDIDATE,CONFIRMED,0.806,v1,,2026-10-05T23:25:49.509513+08:00,2026-10-05T23:28:10.12348+08:00
7793,1,55,20,2026-09-24T09:05+08:00,2026-09-24T09:25+08:00,1.92,35.87,DATAGEN,CONFIRMED,0.873,v1,,2026-10-05T23:31:33.761611+08:00,2026-10-05T23:31:33.761611+08:00
6754,1,56,24,2026-09-24T09:10+08:00,2026-09-24T09:20+08:00,1.67,35.48,DATAGEN,CONFIRMED,0.909,v1,,2026-10-05T23:25:49.499708+08:00,2026-10-05T23:28:10.127314+08:00
7177,1,58,32,2026-09-24T09:40+08:00,2026-09-24T10:05+08:00,3.28,35.17,DATAGEN,CONFIRMED,1.000,v1,,2026-10-05T23:25:49.694491+08:00,2026-10-05T23:28:10.129223+08:00
5985,1,52,8,2026-09-24T09:55+08:00,2026-09-24T10:05+08:00,2.45,35.46,ALGORITHM_CANDIDATE,CONFIRMED,0.823,v1,,2026-10-05T23:25:49.033338+08:00,2026-10-05T23:28:10.131076+08:00
5903,1,52,8,2026-09-24T10:00+08:00,2026-09-24T10:05+08:00,1.23,35.46,DATAGEN,CONFIRMED,0.978,v1,,2026-10-05T23:25:49.020145+08:00,2026-10-05T23:28:10.133269+08:00
7794,1,55,20,2026-09-24T10:00+08:00,2026-09-24T10:15+08:00,1.10,35.94,DATAGEN,CONFIRMED,0.934,v1,,2026-10-05T23:31:33.761737+08:00,2026-10-05T23:31:33.761737+08:00
6755,1,56,24,2026-09-24T10:10+08:00,2026-09-24T10:20+08:00,1.80,35.15,DATAGEN,CONFIRMED,1.000,v1,,2026-10-05T23:25:49.499901+08:00,2026-10-05T23:28:10.137376+08:00
6969,1,57,28,2026-09-24T10:15+08:00,2026-09-24T10:30+08:00,2.77,35.54,DATAGEN,CONFIRMED,1.000,v1,,2026-10-05T23:25:49.596063+08:00,2026-10-05T23:28:10.139372+08:00
6332,1,54,16,2026-09-24T10:30+08:00,2026-09-24T10:45+08:00,2.98,35.89,DATAGEN,CONFIRMED,0.958,v1,,2026-10-05T23:25:49.292014+08:00,2026-10-05T23:28:10.141362+08:00
6118,1,53,12,2026-09-24T11:05+08:00,2026-09-24T11:25+08:00,3.16,35.33,DATAGEN,CONFIRMED,1.000,v1,,2026-10-05T23:25:49.149368+08:00,2026-10-05T23:28:10.143339+08:00
5904,1,52,8,2026-09-24T11:10+08:00,2026-09-24T11:20+08:00,1.94,35.13,DATAGEN,CONFIRMED,1.000,v1,,2026-10-05T23:25:49.020333+08:00,2026-10-05T23:28:10.145334+08:00
7795,1,55,20,2026-09-24T11:10+08:00,2026-09-24T11:25+08:00,2.07,35.21,DATAGEN,CONFIRMED,1.000,v1,,2026-10-05T23:31:33.761868+08:00,2026-10-05T23:31:33.761868+08:00
6211,1,53,12,2026-09-24T11:30+08:00,2026-09-24T11:40+08:00,0.41,35.31,ALGORITHM_CANDIDATE,CONFIRMED,0.781,v1,,2026-10-05T23:25:49.1644+08:00,2026-10-05T23:28:10.149247+08:00
7178,1,58,32,2026-09-24T11:40+08:00,2026-09-24T12:05+08:00,3.16,35.11,DATAGEN,CONFIRMED,1.000,v1,,2026-10-05T23:25:49.694643+08:00,2026-10-05T23:28:10.151124+08:00
6119,1,53,12,2026-09-24T11:55+08:00,2026-09-24T12:00+08:00,1.13,35.10,DATAGEN,CONFIRMED,1.000,v1,,2026-10-05T23:25:49.149547+08:00,2026-10-05T23:28:10.15334+08:00
6333,1,54,16,2026-09-24T12:10+08:00,2026-09-24T12:30+08:00,2.48,35.56,DATAGEN,CONFIRMED,1.000,v1,,2026-10-05T23:25:49.292171+08:00,2026-10-05T23:28:10.155322+08:00
5698,1,51,4,2026-09-24T12:25+08:00,2026-09-24T12:45+08:00,3.59,35.15,DATAGEN,CONFIRMED,1.000,v1,,2026-10-05T23:25:48.890013+08:00,2026-10-05T23:28:10.15722+08:00
7606,1,60,40,2026-09-24T12:35+08:00,2026-09-24T12:50+08:00,2.50,36.16,DATAGEN,CONFIRMED,0.916,v1,,2026-10-05T23:25:49.90282+08:00,2026-10-05T23:28:10.159122+08:00
6120,1,53,12,2026-09-24T13:10+08:00,2026-09-24T13:25+08:00,2.22,35.58,DATAGEN,CONFIRMED,0.962,v1,,2026-10-05T23:25:49.149722+08:00,2026-10-05T23:28:10.161192+08:00
7796,1,55,20,2026-09-24T13:25+08:00,2026-09-24T13:45+08:00,2.84,35.21,DATAGEN,CONFIRMED,1.000,v1,,2026-10-05T23:31:33.761999+08:00,2026-10-05T23:31:33.761999+08:00
6121,1,53,12,2026-09-24T13:35+08:00,2026-09-24T13:40+08:00,1.14,35.00,DATAGEN,CONFIRMED,1.000,v1,,2026-10-05T23:25:49.149901+08:00,2026-10-05T23:28:10.165156+08:00
5905,1,52,8,2026-09-24T13:50+08:00,2026-09-24T14:10+08:00,2.70,35.34,DATAGEN,CONFIRMED,1.000,v1,,2026-10-05T23:25:49.020523+08:00,2026-10-05T23:28:10.167156+08:00
6756,1,56,24,2026-09-24T13:55+08:00,2026-09-24T14:15+08:00,3.33,35.10,DATAGEN,CONFIRMED,1.000,v1,,2026-10-05T23:25:49.500098+08:00,2026-10-05T23:28:10.169152+08:00
5986,1,52,8,2026-09-24T14:05+08:00,2026-09-24T14:10+08:00,0.27,35.34,ALGORITHM_CANDIDATE,REJECTED,0.817,v1,,2026-10-05T23:25:49.03352+08:00,2026-10-05T23:28:10.171142+08:00
6122,1,53,12,2026-09-24T14:10+08:00,2026-09-24T14:20+08:00,1.07,35.41,DATAGEN,CONFIRMED,0.990,v1,,2026-10-05T23:25:49.150074+08:00,2026-10-05T23:28:10.173284+08:00
7607,1,60,40,2026-09-24T14:15+08:00,2026-09-24T14:35+08:00,2.90,35.39,DATAGEN,CONFIRMED,1.000,v1,,2026-10-05T23:25:49.902965+08:00,2026-10-05T23:28:10.175348+08:00
5699,1,51,4,2026-09-24T14:20+08:00,2026-09-24T14:40+08:00,2.69,35.39,DATAGEN,CONFIRMED,1.000,v1,,2026-10-05T23:25:48.890305+08:00,2026-10-05T23:28:10.177369+08:00
7179,1,58,32,2026-09-24T14:40+08:00,2026-09-24T15:00+08:00,2.50,36.10,DATAGEN,CONFIRMED,0.907,v1,,2026-10-05T23:25:49.694792+08:00,2026-10-05T23:28:10.179374+08:00
6334,1,54,16,2026-09-24T15:10+08:00,2026-09-24T15:35+08:00,2.94,35.80,DATAGEN,CONFIRMED,1.000,v1,,2026-10-05T23:25:49.292338+08:00,2026-10-05T23:28:10.181343+08:00
7478,1,59,36,2026-09-24T15:15+08:00,2026-09-24T15:30+08:00,2.70,36.14,ALGORITHM_CANDIDATE,CONFIRMED,0.741,v1,,2026-10-05T23:25:49.804082+08:00,2026-10-05T23:28:10.18333+08:00
7387,1,59,36,2026-09-24T15:20+08:00,2026-09-24T15:30+08:00,1.86,36.14,DATAGEN,CONFIRMED,0.916,v1,,2026-10-05T23:25:49.791473+08:00,2026-10-05T23:28:10.185222+08:00
6413,1,54,16,2026-09-24T15:30+08:00,2026-09-24T15:35+08:00,0.22,35.80,ALGORITHM_CANDIDATE,REJECTED,0.789,v1,,2026-10-05T23:25:49.306109+08:00,2026-10-05T23:28:10.187072+08:00
5700,1,51,4,2026-09-24T16:20+08:00,2026-09-24T16:40+08:00,2.63,36.17,DATAGEN,CONFIRMED,0.910,v1,,2026-10-05T23:25:48.890605+08:00,2026-10-05T23:28:10.188911+08:00
7053,1,57,28,2026-09-24T16:20+08:00,2026-09-24T16:45+08:00,3.62,35.59,ALGORITHM_CANDIDATE,CONFIRMED,0.813,v1,,2026-10-05T23:25:49.60756+08:00,2026-10-05T23:28:10.19075+08:00
6970,1,57,28,2026-09-24T16:30+08:00,2026-09-24T16:45+08:00,2.97,35.59,DATAGEN,CONFIRMED,1.000,v1,,2026-10-05T23:25:49.596209+08:00,2026-10-05T23:28:10.192735+08:00
7388,1,59,36,2026-09-24T16:40+08:00,2026-09-24T16:55+08:00,2.53,35.41,DATAGEN,CONFIRMED,1.000,v1,,2026-10-05T23:25:49.791621+08:00,2026-10-05T23:28:10.194723+08:00
7180,1,58,32,2026-09-24T16:50+08:00,2026-09-24T17:05+08:00,2.00,36.29,DATAGEN,CONFIRMED,0.875,v1,,2026-10-05T23:25:49.694953+08:00,2026-10-05T23:28:10.196738+08:00
7797,1,55,20,2026-09-24T17:10+08:00,2026-09-24T17:25+08:00,3.01,36.11,DATAGEN,CONFIRMED,0.905,v1,,2026-10-05T23:31:33.762125+08:00,2026-10-05T23:31:33.762125+08:00
6971,1,57,28,2026-09-24T17:50+08:00,2026-09-24T18:00+08:00,1.95,35.87,DATAGEN,CONFIRMED,0.982,v1,,2026-10-05T23:25:49.596355+08:00,2026-10-05T23:28:10.200763+08:00
7667,1,60,40,2026-09-24T18:25+08:00,2026-09-24T18:45+08:00,2.76,36.21,ALGORITHM_CANDIDATE,CONFIRMED,0.723,v1,,2026-10-05T23:25:49.911544+08:00,2026-10-05T23:28:10.202739+08:00
7608,1,60,40,2026-09-24T18:30+08:00,2026-09-24T18:45+08:00,2.28,36.21,DATAGEN,CONFIRMED,0.907,v1,,2026-10-05T23:25:49.903115+08:00,2026-10-05T23:28:10.204722+08:00
6212,1,53,12,2026-09-24T18:55+08:00,2026-09-24T19:05+08:00,3.76,35.30,ALGORITHM_CANDIDATE,CONFIRMED,0.805,v1,,2026-10-05T23:25:49.164515+08:00,2026-10-05T23:28:10.206692+08:00
7278,1,58,32,2026-09-24T18:55+08:00,2026-09-24T19:15+08:00,3.27,35.38,ALGORITHM_CANDIDATE,CONFIRMED,0.824,v1,,2026-10-05T23:25:49.708071+08:00,2026-10-05T23:28:10.208659+08:00
6123,1,53,12,2026-09-24T19:00+08:00,2026-09-24T19:05+08:00,1.88,35.30,DATAGEN,CONFIRMED,0.944,v1,,2026-10-05T23:25:49.150252+08:00,2026-10-05T23:28:10.2106+08:00
7181,1,58,32,2026-09-24T19:00+08:00,2026-09-24T19:15+08:00,2.70,35.38,DATAGEN,CONFIRMED,0.992,v1,,2026-10-05T23:25:49.695107+08:00,2026-10-05T23:28:10.212715+08:00
7389,1,59,36,2026-09-24T19:30+08:00,2026-09-24T19:45+08:00,3.00,35.53,DATAGEN,CONFIRMED,1.000,v1,,2026-10-05T23:25:49.791768+08:00,2026-10-05T23:28:10.214725+08:00
7798,1,55,20,2026-09-24T19:45+08:00,2026-09-24T20:00+08:00,3.15,35.56,DATAGEN,CONFIRMED,0.997,v1,,2026-10-05T23:31:33.762249+08:00,2026-10-05T23:31:33.762249+08:00
7609,1,60,40,2026-09-24T19:50+08:00,2026-09-24T20:05+08:00,2.13,35.81,DATAGEN,CONFIRMED,0.974,v1,,2026-10-05T23:25:49.903267+08:00,2026-10-05T23:28:10.21857+08:00
6124,1,53,12,2026-09-24T19:55+08:00,2026-09-24T20:05+08:00,1.23,35.91,DATAGEN,CONFIRMED,0.907,v1,,2026-10-05T23:25:49.150427+08:00,2026-10-05T23:28:10.220434+08:00
7182,1,58,32,2026-09-24T20:15+08:00,2026-09-24T20:25+08:00,1.29,36.25,DATAGEN,CONFIRMED,0.882,v1,,2026-10-05T23:25:49.695253+08:00,2026-10-05T23:28:10.22398+08:00
5701,1,51,4,2026-09-24T20:35+08:00,2026-09-24T20:50+08:00,3.32,35.98,DATAGEN,CONFIRMED,0.942,v1,,2026-10-05T23:25:48.891099+08:00,2026-10-05T23:28:10.225891+08:00
7054,1,57,28,2026-09-25T06:05+08:00,2026-09-25T06:25+08:00,3.25,35.35,ALGORITHM_CANDIDATE,CONFIRMED,0.815,v1,,2026-10-05T23:25:49.60765+08:00,2026-10-05T23:28:10.227896+08:00
6972,1,57,28,2026-09-25T06:10+08:00,2026-09-25T06:25+08:00,2.32,35.35,DATAGEN,CONFIRMED,0.991,v1,,2026-10-05T23:25:49.596494+08:00,2026-10-05T23:28:10.229981+08:00
6213,1,53,12,2026-09-25T06:40+08:00,2026-09-25T07:05+08:00,3.41,35.03,ALGORITHM_CANDIDATE,CONFIRMED,0.802,v1,,2026-10-05T23:25:49.16464+08:00,2026-10-05T23:28:10.231864+08:00
6125,1,53,12,2026-09-25T06:45+08:00,2026-09-25T07:05+08:00,2.38,35.03,DATAGEN,CONFIRMED,0.861,v1,,2026-10-05T23:25:49.150599+08:00,2026-10-05T23:28:10.234085+08:00
6973,1,57,28,2026-09-25T06:45+08:00,2026-09-25T06:50+08:00,1.19,35.18,DATAGEN,CONFIRMED,1.000,v1,,2026-10-05T23:25:49.596638+08:00,2026-10-05T23:28:10.236152+08:00
6841,1,56,24,2026-09-25T06:50+08:00,2026-09-25T07:20+08:00,3.19,35.15,ALGORITHM_CANDIDATE,CONFIRMED,0.799,v1,,2026-10-05T23:25:49.509604+08:00,2026-10-05T23:28:10.238183+08:00
6757,1,56,24,2026-09-25T07:00+08:00,2026-09-25T07:20+08:00,2.34,35.15,DATAGEN,CONFIRMED,0.993,v1,,2026-10-05T23:25:49.500259+08:00,2026-10-05T23:28:10.240168+08:00
7799,1,55,20,2026-09-25T07:05+08:00,2026-09-25T07:35+08:00,2.88,35.80,DATAGEN,CONFIRMED,1.000,v1,,2026-10-05T23:31:33.762384+08:00,2026-10-05T23:31:33.762384+08:00
6214,1,53,12,2026-09-25T07:10+08:00,2026-09-25T07:15+08:00,0.29,35.05,ALGORITHM_CANDIDATE,CONFIRMED,0.828,v1,,2026-10-05T23:25:49.164833+08:00,2026-10-05T23:28:10.244144+08:00
6335,1,54,16,2026-09-25T07:10+08:00,2026-09-25T07:30+08:00,2.56,36.05,DATAGEN,CONFIRMED,0.966,v1,,2026-10-05T23:25:49.292498+08:00,2026-10-05T23:28:10.246154+08:00
6758,1,56,24,2026-09-25T08:05+08:00,2026-09-25T08:30+08:00,1.47,35.05,DATAGEN,CONFIRMED,1.000,v1,,2026-10-05T23:25:49.500411+08:00,2026-10-05T23:28:10.248281+08:00
6974,1,57,28,2026-09-25T08:10+08:00,2026-09-25T08:30+08:00,1.92,35.57,DATAGEN,CONFIRMED,0.927,v1,,2026-10-05T23:25:49.596784+08:00,2026-10-05T23:28:10.250258+08:00
6126,1,53,12,2026-09-25T08:25+08:00,2026-09-25T08:40+08:00,1.48,35.46,DATAGEN,CONFIRMED,0.956,v1,,2026-10-05T23:25:49.150774+08:00,2026-10-05T23:28:10.252231+08:00
6975,1,57,28,2026-09-25T09:10+08:00,2026-09-25T09:30+08:00,1.64,35.08,DATAGEN,CONFIRMED,0.894,v1,,2026-10-05T23:25:49.59694+08:00,2026-10-05T23:28:10.254229+08:00
6759,1,56,24,2026-09-25T09:25+08:00,2026-09-25T09:40+08:00,2.19,35.00,DATAGEN,CONFIRMED,1.000,v1,,2026-10-05T23:25:49.500565+08:00,2026-10-05T23:28:10.25609+08:00
7183,1,58,32,2026-09-25T09:50+08:00,2026-09-25T10:10+08:00,3.44,35.07,DATAGEN,CONFIRMED,1.000,v1,,2026-10-05T23:25:49.695405+08:00,2026-10-05T23:28:10.257893+08:00
5702,1,51,4,2026-09-25T09:55+08:00,2026-09-25T10:15+08:00,2.93,35.79,DATAGEN,CONFIRMED,1.000,v1,,2026-10-05T23:25:48.891547+08:00,2026-10-05T23:28:10.259756+08:00
7479,1,59,36,2026-09-25T09:55+08:00,2026-09-25T10:15+08:00,3.00,35.32,ALGORITHM_CANDIDATE,CONFIRMED,0.801,v1,,2026-10-05T23:25:49.804168+08:00,2026-10-05T23:28:10.261613+08:00
7390,1,59,36,2026-09-25T10:00+08:00,2026-09-25T10:15+08:00,2.16,35.32,DATAGEN,CONFIRMED,0.999,v1,,2026-10-05T23:25:49.79192+08:00,2026-10-05T23:28:10.263466+08:00
6336,1,54,16,2026-09-25T10:40+08:00,2026-09-25T10:55+08:00,3.63,35.05,DATAGEN,CONFIRMED,1.000,v1,,2026-10-05T23:25:49.292653+08:00,2026-10-05T23:28:10.265297+08:00
6976,1,57,28,2026-09-25T10:45+08:00,2026-09-25T11:05+08:00,1.82,35.58,DATAGEN,CONFIRMED,0.953,v1,,2026-10-05T23:25:49.597091+08:00,2026-10-05T23:28:10.267286+08:00
6414,1,54,16,2026-09-25T10:50+08:00,2026-09-25T10:55+08:00,0.25,35.05,ALGORITHM_CANDIDATE,CONFIRMED,0.806,v1,,2026-10-05T23:25:49.306248+08:00,2026-10-05T23:28:10.269297+08:00
7391,1,59,36,2026-09-25T10:55+08:00,2026-09-25T11:05+08:00,1.89,35.07,DATAGEN,CONFIRMED,1.000,v1,,2026-10-05T23:25:49.792071+08:00,2026-10-05T23:28:10.271298+08:00
5703,1,51,4,2026-09-25T11:00+08:00,2026-09-25T11:15+08:00,1.54,35.95,DATAGEN,CONFIRMED,1.000,v1,,2026-10-05T23:25:48.891836+08:00,2026-10-05T23:28:10.273301+08:00
6127,1,53,12,2026-09-25T11:30+08:00,2026-09-25T11:45+08:00,2.47,35.69,DATAGEN,CONFIRMED,0.917,v1,,2026-10-05T23:25:49.150963+08:00,2026-10-05T23:28:10.275294+08:00
7800,1,55,20,2026-09-25T11:30+08:00,2026-09-25T11:45+08:00,2.90,35.61,DATAGEN,CONFIRMED,1.000,v1,,2026-10-05T23:31:33.762522+08:00,2026-10-05T23:31:33.762522+08:00
6760,1,56,24,2026-09-25T11:55+08:00,2026-09-25T12:20+08:00,3.02,35.14,DATAGEN,CONFIRMED,0.916,v1,,2026-10-05T23:25:49.500705+08:00,2026-10-05T23:28:10.279278+08:00
6128,1,53,12,2026-09-25T12:25+08:00,2026-09-25T12:40+08:00,1.16,36.02,DATAGEN,CONFIRMED,0.862,v1,,2026-10-05T23:25:49.151139+08:00,2026-10-05T23:28:10.281468+08:00
7184,1,58,32,2026-09-25T12:30+08:00,2026-09-25T12:45+08:00,2.62,35.15,DATAGEN,CONFIRMED,1.000,v1,,2026-10-05T23:25:49.695552+08:00,2026-10-05T23:28:10.283556+08:00
5704,1,51,4,2026-09-25T12:55+08:00,2026-09-25T13:10+08:00,2.63,36.02,DATAGEN,CONFIRMED,1.000,v1,,2026-10-05T23:25:48.892111+08:00,2026-10-05T23:28:10.285591+08:00
6337,1,54,16,2026-09-25T13:15+08:00,2026-09-25T13:35+08:00,3.30,35.32,DATAGEN,CONFIRMED,1.000,v1,,2026-10-05T23:25:49.29281+08:00,2026-10-05T23:28:10.288359+08:00
6977,1,57,28,2026-09-25T13:20+08:00,2026-09-25T13:40+08:00,2.50,35.85,DATAGEN,CONFIRMED,0.908,v1,,2026-10-05T23:25:49.59724+08:00,2026-10-05T23:28:10.291391+08:00
6415,1,54,16,2026-09-25T13:30+08:00,2026-09-25T13:35+08:00,0.21,35.32,ALGORITHM_CANDIDATE,CONFIRMED,0.783,v1,,2026-10-05T23:25:49.306386+08:00,2026-10-05T23:28:10.293824+08:00
7392,1,59,36,2026-09-25T13:35+08:00,2026-09-25T13:55+08:00,1.98,36.13,DATAGEN,CONFIRMED,0.864,v1,,2026-10-05T23:25:49.792217+08:00,2026-10-05T23:28:10.295821+08:00
6129,1,53,12,2026-09-25T14:05+08:00,2026-09-25T14:30+08:00,2.36,35.88,DATAGEN,CONFIRMED,0.886,v1,,2026-10-05T23:25:49.151308+08:00,2026-10-05T23:28:10.297834+08:00
6761,1,56,24,2026-09-25T14:15+08:00,2026-09-25T14:30+08:00,2.69,35.19,DATAGEN,CONFIRMED,0.992,v1,,2026-10-05T23:25:49.500844+08:00,2026-10-05T23:28:10.299834+08:00
6978,1,57,28,2026-09-25T14:15+08:00,2026-09-25T14:25+08:00,1.33,36.10,DATAGEN,CONFIRMED,0.866,v1,,2026-10-05T23:25:49.597377+08:00,2026-10-05T23:28:10.301988+08:00
6842,1,56,24,2026-09-25T14:25+08:00,2026-09-25T14:30+08:00,0.25,35.19,ALGORITHM_CANDIDATE,CONFIRMED,0.797,v1,,2026-10-05T23:25:49.509708+08:00,2026-10-05T23:28:10.304045+08:00
7393,1,59,36,2026-09-25T14:25+08:00,2026-09-25T14:35+08:00,2.01,35.34,DATAGEN,CONFIRMED,0.996,v1,,2026-10-05T23:25:49.792366+08:00,2026-10-05T23:28:10.306136+08:00
5987,1,52,8,2026-09-25T14:30+08:00,2026-09-25T14:45+08:00,2.96,35.85,ALGORITHM_CANDIDATE,CONFIRMED,0.815,v1,,2026-10-05T23:25:49.033671+08:00,2026-10-05T23:28:10.308203+08:00
5906,1,52,8,2026-09-25T14:35+08:00,2026-09-25T14:45+08:00,2.23,35.85,DATAGEN,CONFIRMED,0.998,v1,,2026-10-05T23:25:49.020713+08:00,2026-10-05T23:28:10.310222+08:00
7610,1,60,40,2026-09-25T14:35+08:00,2026-09-25T15:05+08:00,3.74,35.21,DATAGEN,CONFIRMED,1.000,v1,,2026-10-05T23:25:49.903424+08:00,2026-10-05T23:28:10.312251+08:00
6979,1,57,28,2026-09-25T14:45+08:00,2026-09-25T14:50+08:00,1.23,35.76,DATAGEN,CONFIRMED,0.923,v1,,2026-10-05T23:25:49.59753+08:00,2026-10-05T23:28:10.314413+08:00
6338,1,54,16,2026-09-25T15:15+08:00,2026-09-25T15:35+08:00,2.09,36.22,DATAGEN,CONFIRMED,0.932,v1,,2026-10-05T23:25:49.292965+08:00,2026-10-05T23:28:10.316541+08:00
6130,1,53,12,2026-09-25T15:45+08:00,2026-09-25T16:05+08:00,2.19,35.74,DATAGEN,CONFIRMED,0.909,v1,,2026-10-05T23:25:49.151478+08:00,2026-10-05T23:28:10.318689+08:00
6980,1,57,28,2026-09-25T15:45+08:00,2026-09-25T16:00+08:00,1.63,36.29,DATAGEN,CONFIRMED,0.835,v1,,2026-10-05T23:25:49.597692+08:00,2026-10-05T23:28:10.320913+08:00
5907,1,52,8,2026-09-25T15:55+08:00,2026-09-25T16:15+08:00,2.00,35.72,DATAGEN,CONFIRMED,1.000,v1,,2026-10-05T23:25:49.020905+08:00,2026-10-05T23:28:10.323558+08:00
5705,1,51,4,2026-09-25T16:15+08:00,2026-09-25T16:35+08:00,3.11,36.13,DATAGEN,CONFIRMED,0.999,v1,,2026-10-05T23:25:48.892403+08:00,2026-10-05T23:28:10.326131+08:00
7801,1,55,20,2026-09-25T16:25+08:00,2026-09-25T16:40+08:00,3.01,36.15,DATAGEN,CONFIRMED,0.980,v1,,2026-10-05T23:31:33.762647+08:00,2026-10-05T23:31:33.762647+08:00
6339,1,54,16,2026-09-25T16:45+08:00,2026-09-25T16:55+08:00,1.37,36.57,DATAGEN,CONFIRMED,0.879,v1,,2026-10-05T23:25:49.293121+08:00,2026-10-05T23:28:10.330747+08:00
7279,1,58,32,2026-09-25T16:45+08:00,2026-09-25T17:05+08:00,3.47,35.69,ALGORITHM_CANDIDATE,CONFIRMED,0.817,v1,,2026-10-05T23:25:49.70816+08:00,2026-10-05T23:28:10.333038+08:00
7394,1,59,36,2026-09-25T16:45+08:00,2026-09-25T17:05+08:00,3.18,35.45,DATAGEN,CONFIRMED,0.977,v1,,2026-10-05T23:25:49.792511+08:00,2026-10-05T23:28:10.335278+08:00
7185,1,58,32,2026-09-25T16:50+08:00,2026-09-25T17:05+08:00,2.64,35.69,DATAGEN,CONFIRMED,1.000,v1,,2026-10-05T23:25:49.695705+08:00,2026-10-05T23:28:10.337502+08:00
5908,1,52,8,2026-09-25T17:15+08:00,2026-09-25T17:25+08:00,1.89,35.63,DATAGEN,CONFIRMED,1.000,v1,,2026-10-05T23:25:49.021098+08:00,2026-10-05T23:28:10.33951+08:00
7802,1,55,20,2026-09-25T17:30+08:00,2026-09-25T17:45+08:00,1.66,36.19,DATAGEN,CONFIRMED,0.973,v1,,2026-10-05T23:31:33.762779+08:00,2026-10-05T23:31:33.762779+08:00
7186,1,58,32,2026-09-25T17:55+08:00,2026-09-25T18:05+08:00,1.77,35.63,DATAGEN,CONFIRMED,1.000,v1,,2026-10-05T23:25:49.695858+08:00,2026-10-05T23:28:10.343477+08:00
5909,1,52,8,2026-09-25T18:10+08:00,2026-09-25T18:25+08:00,1.82,35.86,DATAGEN,CONFIRMED,0.996,v1,,2026-10-05T23:25:49.021279+08:00,2026-10-05T23:28:10.345494+08:00
6215,1,53,12,2026-09-25T18:15+08:00,2026-09-25T18:35+08:00,2.83,35.81,ALGORITHM_CANDIDATE,CONFIRMED,0.724,v1,,2026-10-05T23:25:49.164967+08:00,2026-10-05T23:28:10.347569+08:00
5988,1,52,8,2026-09-25T18:20+08:00,2026-09-25T18:25+08:00,0.19,35.86,ALGORITHM_CANDIDATE,CONFIRMED,0.768,v1,,2026-10-05T23:25:49.033819+08:00,2026-10-05T23:28:10.349599+08:00
6131,1,53,12,2026-09-25T18:20+08:00,2026-09-25T18:35+08:00,2.43,35.81,DATAGEN,CONFIRMED,0.862,v1,,2026-10-05T23:25:49.151648+08:00,2026-10-05T23:28:10.351625+08:00
6981,1,57,28,2026-09-25T19:00+08:00,2026-09-25T19:15+08:00,3.40,35.77,DATAGEN,CONFIRMED,0.921,v1,,2026-10-05T23:25:49.597836+08:00,2026-10-05T23:28:10.353594+08:00
7480,1,59,36,2026-09-25T19:05+08:00,2026-09-25T19:25+08:00,2.84,35.93,ALGORITHM_CANDIDATE,CONFIRMED,0.730,v1,,2026-10-05T23:25:49.804258+08:00,2026-10-05T23:28:10.355725+08:00
7395,1,59,36,2026-09-25T19:10+08:00,2026-09-25T19:25+08:00,2.64,35.93,DATAGEN,CONFIRMED,0.897,v1,,2026-10-05T23:25:49.792663+08:00,2026-10-05T23:28:10.357735+08:00
6843,1,56,24,2026-09-25T19:30+08:00,2026-09-25T19:50+08:00,2.92,36.00,ALGORITHM_CANDIDATE,CONFIRMED,0.650,v1,,2026-10-05T23:25:49.509802+08:00,2026-10-05T23:28:10.359616+08:00
6762,1,56,24,2026-09-25T19:40+08:00,2026-09-25T19:50+08:00,1.11,36.00,DATAGEN,CONFIRMED,0.857,v1,,2026-10-05T23:25:49.500985+08:00,2026-10-05T23:28:10.361404+08:00
6216,1,53,12,2026-09-25T19:50+08:00,2026-09-25T20:00+08:00,1.25,36.46,ALGORITHM_CANDIDATE,CONFIRMED,0.789,v1,,2026-10-05T23:25:49.165108+08:00,2026-10-05T23:28:10.363187+08:00
7611,1,60,40,2026-09-25T20:05+08:00,2026-09-25T20:30+08:00,2.93,36.15,DATAGEN,CONFIRMED,0.994,v1,,2026-10-05T23:25:49.903572+08:00,2026-10-05T23:28:10.364976+08:00
7396,1,59,36,2026-09-25T20:30+08:00,2026-09-25T20:45+08:00,2.44,35.47,DATAGEN,CONFIRMED,0.974,v1,,2026-10-05T23:25:49.792813+08:00,2026-10-05T23:28:10.366809+08:00
6763,1,56,24,2026-09-25T20:40+08:00,2026-09-25T20:50+08:00,1.63,35.83,DATAGEN,CONFIRMED,0.885,v1,,2026-10-05T23:25:49.501124+08:00,2026-10-05T23:28:10.368701+08:00
6764,1,56,24,2026-09-26T06:45+08:00,2026-09-26T07:05+08:00,2.62,35.69,DATAGEN,CONFIRMED,0.947,v1,,2026-10-05T23:25:49.501261+08:00,2026-10-05T23:28:10.37057+08:00
5706,1,51,4,2026-09-26T07:00+08:00,2026-09-26T07:15+08:00,3.38,35.31,DATAGEN,CONFIRMED,1.000,v1,,2026-10-05T23:25:48.892679+08:00,2026-10-05T23:28:10.372413+08:00
7187,1,58,32,2026-09-26T07:00+08:00,2026-09-26T07:25+08:00,3.43,35.26,DATAGEN,CONFIRMED,1.000,v1,,2026-10-05T23:25:49.696007+08:00,2026-10-05T23:28:10.374274+08:00
5910,1,52,8,2026-09-26T07:05+08:00,2026-09-26T07:20+08:00,3.19,35.26,DATAGEN,CONFIRMED,1.000,v1,,2026-10-05T23:25:49.021467+08:00,2026-10-05T23:28:10.37611+08:00
7055,1,57,28,2026-09-26T07:20+08:00,2026-09-26T07:40+08:00,3.46,35.02,ALGORITHM_CANDIDATE,CONFIRMED,0.825,v1,,2026-10-05T23:25:49.607735+08:00,2026-10-05T23:28:10.377999+08:00
7280,1,58,32,2026-09-26T07:20+08:00,2026-09-26T07:25+08:00,0.24,35.26,ALGORITHM_CANDIDATE,CONFIRMED,0.800,v1,,2026-10-05T23:25:49.708248+08:00,2026-10-05T23:28:10.380023+08:00
6982,1,57,28,2026-09-26T07:25+08:00,2026-09-26T07:40+08:00,1.81,35.02,DATAGEN,CONFIRMED,0.969,v1,,2026-10-05T23:25:49.597998+08:00,2026-10-05T23:28:10.382024+08:00
7612,1,60,40,2026-09-26T07:50+08:00,2026-09-26T08:15+08:00,3.32,35.20,DATAGEN,CONFIRMED,0.918,v1,,2026-10-05T23:25:49.903723+08:00,2026-10-05T23:28:10.384054+08:00
7803,1,55,20,2026-09-26T08:30+08:00,2026-09-26T08:40+08:00,2.82,35.64,DATAGEN,CONFIRMED,1.000,v1,,2026-10-05T23:31:33.76291+08:00,2026-10-05T23:31:33.76291+08:00
6340,1,54,16,2026-09-26T09:05+08:00,2026-09-26T09:20+08:00,2.77,35.84,DATAGEN,CONFIRMED,1.000,v1,,2026-10-05T23:25:49.293274+08:00,2026-10-05T23:28:10.388056+08:00
6983,1,57,28,2026-09-26T09:05+08:00,2026-09-26T09:25+08:00,2.19,35.13,DATAGEN,CONFIRMED,0.991,v1,,2026-10-05T23:25:49.598157+08:00,2026-10-05T23:28:10.390111+08:00
5911,1,52,8,2026-09-26T09:10+08:00,2026-09-26T09:35+08:00,2.60,35.10,DATAGEN,CONFIRMED,1.000,v1,,2026-10-05T23:25:49.021654+08:00,2026-10-05T23:28:10.392245+08:00
5707,1,51,4,2026-09-26T09:15+08:00,2026-09-26T09:35+08:00,3.08,35.01,DATAGEN,CONFIRMED,1.000,v1,,2026-10-05T23:25:48.892965+08:00,2026-10-05T23:28:10.394265+08:00
7397,1,59,36,2026-09-26T09:20+08:00,2026-09-26T09:40+08:00,2.88,35.64,DATAGEN,CONFIRMED,0.976,v1,,2026-10-05T23:25:49.792959+08:00,2026-10-05T23:28:10.396366+08:00
5989,1,52,8,2026-09-26T09:30+08:00,2026-09-26T09:35+08:00,0.22,35.10,ALGORITHM_CANDIDATE,REJECTED,0.789,v1,,2026-10-05T23:25:49.033961+08:00,2026-10-05T23:28:10.398378+08:00
6132,1,53,12,2026-09-26T09:30+08:00,2026-09-26T09:50+08:00,2.95,35.53,DATAGEN,CONFIRMED,1.000,v1,,2026-10-05T23:25:49.15182+08:00,2026-10-05T23:28:10.400315+08:00
5912,1,52,8,2026-09-26T10:10+08:00,2026-09-26T10:25+08:00,1.13,35.15,DATAGEN,CONFIRMED,1.000,v1,,2026-10-05T23:25:49.021838+08:00,2026-10-05T23:28:10.402241+08:00
7398,1,59,36,2026-09-26T10:20+08:00,2026-09-26T10:30+08:00,0.77,35.72,DATAGEN,CONFIRMED,0.974,v1,,2026-10-05T23:25:49.793104+08:00,2026-10-05T23:28:10.404249+08:00
6341,1,54,16,2026-09-26T10:45+08:00,2026-09-26T11:05+08:00,2.87,35.40,DATAGEN,CONFIRMED,1.000,v1,,2026-10-05T23:25:49.293431+08:00,2026-10-05T23:28:10.406278+08:00
6844,1,56,24,2026-09-26T10:45+08:00,2026-09-26T11:15+08:00,3.09,35.11,ALGORITHM_CANDIDATE,CONFIRMED,0.831,v1,,2026-10-05T23:25:49.509897+08:00,2026-10-05T23:28:10.408358+08:00
6765,1,56,24,2026-09-26T10:50+08:00,2026-09-26T11:15+08:00,2.12,35.11,DATAGEN,CONFIRMED,1.000,v1,,2026-10-05T23:25:49.501403+08:00,2026-10-05T23:28:10.411697+08:00
6133,1,53,12,2026-09-26T11:25+08:00,2026-09-26T11:40+08:00,2.83,35.22,DATAGEN,CONFIRMED,1.000,v1,,2026-10-05T23:25:49.151987+08:00,2026-10-05T23:28:10.41398+08:00
7399,1,59,36,2026-09-26T11:25+08:00,2026-09-26T11:45+08:00,2.65,35.05,DATAGEN,CONFIRMED,1.000,v1,,2026-10-05T23:25:49.793264+08:00,2026-10-05T23:28:10.416027+08:00
6217,1,53,12,2026-09-26T11:35+08:00,2026-09-26T11:40+08:00,0.23,35.22,ALGORITHM_CANDIDATE,CONFIRMED,0.794,v1,,2026-10-05T23:25:49.165237+08:00,2026-10-05T23:28:10.418046+08:00
7613,1,60,40,2026-09-26T11:35+08:00,2026-09-26T11:55+08:00,3.01,35.43,DATAGEN,CONFIRMED,1.000,v1,,2026-10-05T23:25:49.90386+08:00,2026-10-05T23:28:10.42008+08:00
7481,1,59,36,2026-09-26T11:40+08:00,2026-09-26T11:45+08:00,0.29,35.05,ALGORITHM_CANDIDATE,CONFIRMED,0.828,v1,,2026-10-05T23:25:49.804346+08:00,2026-10-05T23:28:10.422127+08:00
7668,1,60,40,2026-09-26T11:50+08:00,2026-09-26T11:55+08:00,0.30,35.43,ALGORITHM_CANDIDATE,CONFIRMED,0.833,v1,,2026-10-05T23:25:49.911696+08:00,2026-10-05T23:28:10.424322+08:00
6766,1,56,24,2026-09-26T12:00+08:00,2026-09-26T12:10+08:00,1.20,35.06,DATAGEN,CONFIRMED,1.000,v1,,2026-10-05T23:25:49.501549+08:00,2026-10-05T23:28:10.426918+08:00
5913,1,52,8,2026-09-26T13:10+08:00,2026-09-26T13:35+08:00,2.72,35.64,DATAGEN,CONFIRMED,0.949,v1,,2026-10-05T23:25:49.022021+08:00,2026-10-05T23:28:10.429144+08:00
7804,1,55,20,2026-09-26T13:30+08:00,2026-09-26T13:55+08:00,3.26,35.68,DATAGEN,CONFIRMED,1.000,v1,,2026-10-05T23:31:33.76304+08:00,2026-10-05T23:31:33.76304+08:00
6984,1,57,28,2026-09-26T13:40+08:00,2026-09-26T14:00+08:00,3.40,35.44,DATAGEN,CONFIRMED,1.000,v1,,2026-10-05T23:25:49.59831+08:00,2026-10-05T23:28:10.433072+08:00
7188,1,58,32,2026-09-26T13:55+08:00,2026-09-26T14:20+08:00,3.25,35.54,DATAGEN,CONFIRMED,1.000,v1,,2026-10-05T23:25:49.696157+08:00,2026-10-05T23:28:10.434969+08:00
5914,1,52,8,2026-09-26T14:45+08:00,2026-09-26T15:10+08:00,3.04,35.10,DATAGEN,CONFIRMED,1.000,v1,,2026-10-05T23:25:49.022204+08:00,2026-10-05T23:28:10.437002+08:00
6767,1,56,24,2026-09-26T14:55+08:00,2026-09-26T15:20+08:00,3.07,35.33,DATAGEN,CONFIRMED,1.000,v1,,2026-10-05T23:25:49.501697+08:00,2026-10-05T23:28:10.439314+08:00
6134,1,53,12,2026-09-26T15:40+08:00,2026-09-26T15:55+08:00,2.76,36.10,DATAGEN,CONFIRMED,0.975,v1,,2026-10-05T23:25:49.152157+08:00,2026-10-05T23:28:10.441555+08:00
5915,1,52,8,2026-09-26T15:45+08:00,2026-09-26T15:50+08:00,0.49,36.10,DATAGEN,CONFIRMED,0.811,v1,,2026-10-05T23:25:49.022392+08:00,2026-10-05T23:28:10.443552+08:00
6985,1,57,28,2026-09-26T16:10+08:00,2026-09-26T16:35+08:00,2.38,36.29,DATAGEN,CONFIRMED,0.895,v1,,2026-10-05T23:25:49.598456+08:00,2026-10-05T23:28:10.445473+08:00
7669,1,60,40,2026-09-26T16:15+08:00,2026-09-26T16:40+08:00,3.00,36.01,ALGORITHM_CANDIDATE,CONFIRMED,0.757,v1,,2026-10-05T23:25:49.911844+08:00,2026-10-05T23:28:10.447517+08:00
7614,1,60,40,2026-09-26T16:20+08:00,2026-09-26T16:40+08:00,2.66,36.01,DATAGEN,CONFIRMED,0.936,v1,,2026-10-05T23:25:49.904012+08:00,2026-10-05T23:28:10.449532+08:00
5916,1,52,8,2026-09-26T16:25+08:00,2026-09-26T16:40+08:00,1.92,35.57,DATAGEN,CONFIRMED,0.960,v1,,2026-10-05T23:25:49.022583+08:00,2026-10-05T23:28:10.451562+08:00
7400,1,59,36,2026-09-26T16:40+08:00,2026-09-26T17:05+08:00,3.80,35.23,DATAGEN,CONFIRMED,1.000,v1,,2026-10-05T23:25:49.793415+08:00,2026-10-05T23:28:10.453575+08:00
7189,1,58,32,2026-09-26T17:05+08:00,2026-09-26T17:20+08:00,3.66,35.42,DATAGEN,CONFIRMED,1.000,v1,,2026-10-05T23:25:49.696317+08:00,2026-10-05T23:28:10.455577+08:00
5708,1,51,4,2026-09-26T17:25+08:00,2026-09-26T17:45+08:00,3.53,35.56,DATAGEN,CONFIRMED,1.000,v1,,2026-10-05T23:25:48.893241+08:00,2026-10-05T23:28:10.457633+08:00
7615,1,60,40,2026-09-26T17:40+08:00,2026-09-26T17:55+08:00,1.68,36.28,DATAGEN,CONFIRMED,0.891,v1,,2026-10-05T23:25:49.904158+08:00,2026-10-05T23:28:10.459677+08:00
6768,1,56,24,2026-09-26T18:30+08:00,2026-09-26T18:50+08:00,3.32,35.52,DATAGEN,CONFIRMED,0.975,v1,,2026-10-05T23:25:49.501842+08:00,2026-10-05T23:28:10.461745+08:00
6986,1,57,28,2026-09-26T18:50+08:00,2026-09-26T19:05+08:00,2.67,36.08,DATAGEN,CONFIRMED,0.930,v1,,2026-10-05T23:25:49.598603+08:00,2026-10-05T23:28:10.463659+08:00
6342,1,54,16,2026-09-26T18:55+08:00,2026-09-26T19:15+08:00,3.33,35.95,DATAGEN,CONFIRMED,1.000,v1,,2026-10-05T23:25:49.293671+08:00,2026-10-05T23:28:10.465464+08:00
7401,1,59,36,2026-09-26T19:00+08:00,2026-09-26T19:20+08:00,2.81,35.95,DATAGEN,CONFIRMED,0.936,v1,,2026-10-05T23:25:49.793564+08:00,2026-10-05T23:28:10.467265+08:00
7190,1,58,32,2026-09-26T19:15+08:00,2026-09-26T19:40+08:00,2.98,35.85,DATAGEN,CONFIRMED,0.980,v1,,2026-10-05T23:25:49.696485+08:00,2026-10-05T23:28:10.469045+08:00
7482,1,59,36,2026-09-26T19:15+08:00,2026-09-26T19:20+08:00,0.17,35.95,ALGORITHM_CANDIDATE,CONFIRMED,0.697,v1,,2026-10-05T23:25:49.804433+08:00,2026-10-05T23:28:10.470816+08:00
7616,1,60,40,2026-09-26T19:25+08:00,2026-09-26T19:45+08:00,2.53,35.72,DATAGEN,CONFIRMED,0.984,v1,,2026-10-05T23:25:49.904307+08:00,2026-10-05T23:28:10.472926+08:00
5709,1,51,4,2026-09-26T20:10+08:00,2026-09-26T20:25+08:00,3.58,35.68,DATAGEN,CONFIRMED,1.000,v1,,2026-10-05T23:25:48.893471+08:00,2026-10-05T23:28:10.47504+08:00
7402,1,59,36,2026-09-26T20:10+08:00,2026-09-26T20:25+08:00,1.74,35.64,DATAGEN,CONFIRMED,0.988,v1,,2026-10-05T23:25:49.793714+08:00,2026-10-05T23:28:10.477048+08:00
7191,1,58,32,2026-09-26T20:35+08:00,2026-09-26T20:50+08:00,1.95,36.04,DATAGEN,CONFIRMED,0.948,v1,,2026-10-05T23:25:49.696631+08:00,2026-10-05T23:28:10.479099+08:00
6343,1,54,16,2026-09-27T06:25+08:00,2026-09-27T06:55+08:00,3.67,35.09,DATAGEN,CONFIRMED,1.000,v1,,2026-10-05T23:25:49.293886+08:00,2026-10-05T23:28:10.481092+08:00
5710,1,51,4,2026-09-27T06:40+08:00,2026-09-27T07:00+08:00,2.81,35.87,DATAGEN,CONFIRMED,0.992,v1,,2026-10-05T23:25:48.893699+08:00,2026-10-05T23:28:10.482975+08:00
7881,1,55,20,2026-09-27T06:50+08:00,2026-09-27T07:10+08:00,3.27,35.31,ALGORITHM_CANDIDATE,CONFIRMED,0.828,v1,,2026-10-05T23:31:33.77353+08:00,2026-10-05T23:31:33.77353+08:00
7805,1,55,20,2026-09-27T06:55+08:00,2026-09-27T07:10+08:00,3.06,35.31,DATAGEN,CONFIRMED,1.000,v1,,2026-10-05T23:31:33.76317+08:00,2026-10-05T23:31:33.76317+08:00
7617,1,60,40,2026-09-27T07:00+08:00,2026-09-27T07:20+08:00,3.17,35.51,DATAGEN,CONFIRMED,0.990,v1,,2026-10-05T23:25:49.904455+08:00,2026-10-05T23:28:10.489024+08:00
6135,1,53,12,2026-09-27T07:25+08:00,2026-09-27T07:50+08:00,3.17,35.30,DATAGEN,CONFIRMED,0.982,v1,,2026-10-05T23:25:49.152327+08:00,2026-10-05T23:28:10.491017+08:00
6845,1,56,24,2026-09-27T08:25+08:00,2026-09-27T08:45+08:00,2.96,35.40,ALGORITHM_CANDIDATE,CONFIRMED,0.789,v1,,2026-10-05T23:25:49.509995+08:00,2026-10-05T23:28:10.495005+08:00
7806,1,55,20,2026-09-27T08:25+08:00,2026-09-27T08:40+08:00,2.31,35.21,DATAGEN,CONFIRMED,1.000,v1,,2026-10-05T23:31:33.763299+08:00,2026-10-05T23:31:33.763299+08:00
6769,1,56,24,2026-09-27T08:30+08:00,2026-09-27T08:45+08:00,2.45,35.40,DATAGEN,CONFIRMED,0.983,v1,,2026-10-05T23:25:49.501987+08:00,2026-10-05T23:28:10.497055+08:00
5711,1,51,4,2026-09-27T09:20+08:00,2026-09-27T09:45+08:00,2.90,35.30,DATAGEN,CONFIRMED,1.000,v1,,2026-10-05T23:25:48.893922+08:00,2026-10-05T23:28:10.498932+08:00
7192,1,58,32,2026-09-27T09:25+08:00,2026-09-27T09:45+08:00,2.96,35.54,DATAGEN,CONFIRMED,1.000,v1,,2026-10-05T23:25:49.696778+08:00,2026-10-05T23:28:10.500803+08:00
6136,1,53,12,2026-09-27T09:30+08:00,2026-09-27T09:55+08:00,2.52,35.50,DATAGEN,CONFIRMED,0.949,v1,,2026-10-05T23:25:49.152496+08:00,2026-10-05T23:28:10.502673+08:00
6770,1,56,24,2026-09-27T09:40+08:00,2026-09-27T09:50+08:00,1.93,35.18,DATAGEN,CONFIRMED,1.000,v1,,2026-10-05T23:25:49.502133+08:00,2026-10-05T23:28:10.504545+08:00
7281,1,58,32,2026-09-27T09:40+08:00,2026-09-27T09:45+08:00,0.21,35.54,ALGORITHM_CANDIDATE,CONFIRMED,0.783,v1,,2026-10-05T23:25:49.708343+08:00,2026-10-05T23:28:10.506563+08:00
6218,1,53,12,2026-09-27T09:50+08:00,2026-09-27T09:55+08:00,0.16,35.50,ALGORITHM_CANDIDATE,REJECTED,0.704,v1,,2026-10-05T23:25:49.165364+08:00,2026-10-05T23:28:10.508654+08:00
6344,1,54,16,2026-09-27T10:00+08:00,2026-09-27T10:20+08:00,2.99,35.29,DATAGEN,CONFIRMED,1.000,v1,,2026-10-05T23:25:49.294093+08:00,2026-10-05T23:28:10.510778+08:00
7403,1,59,36,2026-09-27T10:00+08:00,2026-09-27T10:30+08:00,2.70,35.76,DATAGEN,CONFIRMED,0.955,v1,,2026-10-05T23:25:49.793861+08:00,2026-10-05T23:28:10.512613+08:00
6987,1,57,28,2026-09-27T10:10+08:00,2026-09-27T10:25+08:00,2.84,35.64,DATAGEN,CONFIRMED,1.000,v1,,2026-10-05T23:25:49.598757+08:00,2026-10-05T23:28:10.516925+08:00
7807,1,55,20,2026-09-27T10:10+08:00,2026-09-27T10:25+08:00,2.46,35.16,DATAGEN,CONFIRMED,1.000,v1,,2026-10-05T23:31:33.763425+08:00,2026-10-05T23:31:33.763425+08:00
6416,1,54,16,2026-09-27T10:15+08:00,2026-09-27T10:20+08:00,0.28,35.29,ALGORITHM_CANDIDATE,REJECTED,0.822,v1,,2026-10-05T23:25:49.30652+08:00,2026-10-05T23:28:10.519058+08:00
6137,1,53,12,2026-09-27T11:05+08:00,2026-09-27T11:15+08:00,2.19,35.10,DATAGEN,CONFIRMED,1.000,v1,,2026-10-05T23:25:49.152666+08:00,2026-10-05T23:28:10.521137+08:00
6988,1,57,28,2026-09-27T11:05+08:00,2026-09-27T11:15+08:00,1.73,35.22,DATAGEN,CONFIRMED,1.000,v1,,2026-10-05T23:25:49.598914+08:00,2026-10-05T23:28:10.523163+08:00
7193,1,58,32,2026-09-27T11:15+08:00,2026-09-27T11:35+08:00,2.65,35.22,DATAGEN,CONFIRMED,0.957,v1,,2026-10-05T23:25:49.696921+08:00,2026-10-05T23:28:10.525164+08:00
7618,1,60,40,2026-09-27T11:35+08:00,2026-09-27T11:55+08:00,2.63,35.84,DATAGEN,CONFIRMED,0.935,v1,,2026-10-05T23:25:49.904605+08:00,2026-10-05T23:28:10.527229+08:00
6771,1,56,24,2026-09-27T11:45+08:00,2026-09-27T12:00+08:00,2.35,35.61,DATAGEN,CONFIRMED,0.948,v1,,2026-10-05T23:25:49.502276+08:00,2026-10-05T23:28:10.529225+08:00
7404,1,59,36,2026-09-27T11:55+08:00,2026-09-27T12:10+08:00,2.13,35.60,DATAGEN,CONFIRMED,0.982,v1,,2026-10-05T23:25:49.794014+08:00,2026-10-05T23:28:10.531347+08:00
6846,1,56,24,2026-09-27T12:05+08:00,2026-09-27T12:10+08:00,0.27,35.44,ALGORITHM_CANDIDATE,CONFIRMED,0.793,v1,,2026-10-05T23:25:49.510092+08:00,2026-10-05T23:28:10.533283+08:00
7808,1,55,20,2026-09-27T12:25+08:00,2026-09-27T12:40+08:00,2.48,35.62,DATAGEN,CONFIRMED,0.957,v1,,2026-10-05T23:31:33.763552+08:00,2026-10-05T23:31:33.763552+08:00
7194,1,58,32,2026-09-27T12:45+08:00,2026-09-27T13:00+08:00,2.88,35.05,DATAGEN,CONFIRMED,1.000,v1,,2026-10-05T23:25:49.69709+08:00,2026-10-05T23:28:10.536967+08:00
5917,1,52,8,2026-09-27T13:00+08:00,2026-09-27T13:25+08:00,3.08,35.48,DATAGEN,CONFIRMED,1.000,v1,,2026-10-05T23:25:49.022765+08:00,2026-10-05T23:28:10.538755+08:00
6138,1,53,12,2026-09-27T13:00+08:00,2026-09-27T13:15+08:00,2.12,35.51,DATAGEN,CONFIRMED,0.947,v1,,2026-10-05T23:25:49.15286+08:00,2026-10-05T23:28:10.540648+08:00
7405,1,59,36,2026-09-27T13:00+08:00,2026-09-27T13:10+08:00,1.00,35.92,DATAGEN,CONFIRMED,0.929,v1,,2026-10-05T23:25:49.794159+08:00,2026-10-05T23:28:10.542574+08:00
7483,1,59,36,2026-09-27T13:05+08:00,2026-09-27T13:10+08:00,0.27,35.92,ALGORITHM_CANDIDATE,REJECTED,0.745,v1,,2026-10-05T23:25:49.804519+08:00,2026-10-05T23:28:10.544447+08:00
5712,1,51,4,2026-09-27T13:35+08:00,2026-09-27T13:50+08:00,2.67,36.06,DATAGEN,CONFIRMED,0.961,v1,,2026-10-05T23:25:48.894148+08:00,2026-10-05T23:28:10.546308+08:00
6219,1,53,12,2026-09-27T13:35+08:00,2026-09-27T13:45+08:00,0.27,35.99,ALGORITHM_CANDIDATE,CONFIRMED,0.667,v1,,2026-10-05T23:25:49.165488+08:00,2026-10-05T23:28:10.548187+08:00
7195,1,58,32,2026-09-27T13:55+08:00,2026-09-27T14:05+08:00,1.09,35.97,DATAGEN,CONFIRMED,0.942,v1,,2026-10-05T23:25:49.697234+08:00,2026-10-05T23:28:10.550052+08:00
7809,1,55,20,2026-09-27T14:20+08:00,2026-09-27T14:40+08:00,3.01,35.30,DATAGEN,CONFIRMED,1.000,v1,,2026-10-05T23:31:33.763685+08:00,2026-10-05T23:31:33.763685+08:00
7406,1,59,36,2026-09-27T14:25+08:00,2026-09-27T14:45+08:00,2.41,35.47,DATAGEN,CONFIRMED,1.000,v1,,2026-10-05T23:25:49.794305+08:00,2026-10-05T23:28:10.553875+08:00
7619,1,60,40,2026-09-27T14:25+08:00,2026-09-27T14:40+08:00,2.71,35.87,DATAGEN,CONFIRMED,0.930,v1,,2026-10-05T23:25:49.904763+08:00,2026-10-05T23:28:10.555919+08:00
7484,1,59,36,2026-09-27T14:50+08:00,2026-09-27T14:55+08:00,0.25,35.44,ALGORITHM_CANDIDATE,CONFIRMED,0.806,v1,,2026-10-05T23:25:49.804605+08:00,2026-10-05T23:28:10.558199+08:00
6345,1,54,16,2026-09-27T15:10+08:00,2026-09-27T15:25+08:00,2.85,36.19,DATAGEN,CONFIRMED,0.957,v1,,2026-10-05T23:25:49.294336+08:00,2026-10-05T23:28:10.5604+08:00
6989,1,57,28,2026-09-27T15:20+08:00,2026-09-27T15:35+08:00,3.30,35.63,DATAGEN,CONFIRMED,1.000,v1,,2026-10-05T23:25:49.599067+08:00,2026-10-05T23:28:10.562426+08:00
6772,1,56,24,2026-09-27T15:35+08:00,2026-09-27T15:55+08:00,3.59,35.03,DATAGEN,CONFIRMED,1.000,v1,,2026-10-05T23:25:49.502412+08:00,2026-10-05T23:28:10.566708+08:00
7810,1,55,20,2026-09-27T15:35+08:00,2026-09-27T15:50+08:00,1.69,36.23,DATAGEN,CONFIRMED,0.855,v1,,2026-10-05T23:31:33.76381+08:00,2026-10-05T23:31:33.76381+08:00
7882,1,55,20,2026-09-27T16:25+08:00,2026-09-27T16:30+08:00,1.29,36.46,ALGORITHM_CANDIDATE,CONFIRMED,0.797,v1,,2026-10-05T23:31:33.773678+08:00,2026-10-05T23:31:33.773678+08:00
6773,1,56,24,2026-09-27T16:30+08:00,2026-09-27T16:35+08:00,0.60,35.93,DATAGEN,CONFIRMED,0.895,v1,,2026-10-05T23:25:49.502553+08:00,2026-10-05T23:28:10.57058+08:00
7620,1,60,40,2026-09-27T16:30+08:00,2026-09-27T16:40+08:00,2.56,35.54,DATAGEN,CONFIRMED,0.985,v1,,2026-10-05T23:25:49.904921+08:00,2026-10-05T23:28:10.572468+08:00
6990,1,57,28,2026-09-27T17:10+08:00,2026-09-27T17:30+08:00,2.57,36.01,DATAGEN,CONFIRMED,0.995,v1,,2026-10-05T23:25:49.599214+08:00,2026-10-05T23:28:10.574413+08:00
7811,1,55,20,2026-09-27T17:25+08:00,2026-09-27T17:40+08:00,1.91,36.02,DATAGEN,CONFIRMED,0.890,v1,,2026-10-05T23:31:33.76394+08:00,2026-10-05T23:31:33.76394+08:00
6220,1,53,12,2026-09-27T17:30+08:00,2026-09-27T17:50+08:00,2.85,36.10,ALGORITHM_CANDIDATE,CONFIRMED,0.616,v1,,2026-10-05T23:25:49.165609+08:00,2026-10-05T23:28:10.578207+08:00
6139,1,53,12,2026-09-27T17:40+08:00,2026-09-27T17:50+08:00,1.48,36.10,DATAGEN,CONFIRMED,0.837,v1,,2026-10-05T23:25:49.153029+08:00,2026-10-05T23:28:10.580275+08:00
6774,1,56,24,2026-09-27T17:40+08:00,2026-09-27T17:50+08:00,1.38,36.09,DATAGEN,CONFIRMED,0.868,v1,,2026-10-05T23:25:49.502685+08:00,2026-10-05T23:28:10.582518+08:00
6847,1,56,24,2026-09-27T17:55+08:00,2026-09-27T18:00+08:00,0.20,36.07,ALGORITHM_CANDIDATE,REJECTED,0.649,v1,,2026-10-05T23:25:49.510187+08:00,2026-10-05T23:28:10.584718+08:00
7196,1,58,32,2026-09-27T18:10+08:00,2026-09-27T18:25+08:00,3.15,35.85,DATAGEN,CONFIRMED,0.935,v1,,2026-10-05T23:25:49.697383+08:00,2026-10-05T23:28:10.586824+08:00
6140,1,53,12,2026-09-27T18:15+08:00,2026-09-27T18:20+08:00,1.03,35.89,DATAGEN,CONFIRMED,0.884,v1,,2026-10-05T23:25:49.153196+08:00,2026-10-05T23:28:10.58884+08:00
7621,1,60,40,2026-09-27T18:15+08:00,2026-09-27T18:25+08:00,2.20,35.75,DATAGEN,CONFIRMED,0.950,v1,,2026-10-05T23:25:49.905062+08:00,2026-10-05T23:28:10.590825+08:00
7407,1,59,36,2026-09-27T18:20+08:00,2026-09-27T18:45+08:00,3.32,35.56,DATAGEN,CONFIRMED,0.989,v1,,2026-10-05T23:25:49.794447+08:00,2026-10-05T23:28:10.592848+08:00
6141,1,53,12,2026-09-27T18:55+08:00,2026-09-27T19:00+08:00,1.52,35.51,DATAGEN,CONFIRMED,0.947,v1,,2026-10-05T23:25:49.153364+08:00,2026-10-05T23:28:10.594899+08:00
5713,1,51,4,2026-09-27T19:05+08:00,2026-09-27T19:25+08:00,3.37,35.85,DATAGEN,CONFIRMED,0.996,v1,,2026-10-05T23:25:48.89438+08:00,2026-10-05T23:28:10.596987+08:00
7622,1,60,40,2026-09-27T19:25+08:00,2026-09-27T19:35+08:00,1.72,36.01,DATAGEN,CONFIRMED,0.907,v1,,2026-10-05T23:25:49.905216+08:00,2026-10-05T23:28:10.599038+08:00
7197,1,58,32,2026-09-27T20:00+08:00,2026-09-27T20:10+08:00,1.86,36.40,DATAGEN,CONFIRMED,0.870,v1,,2026-10-05T23:25:49.697533+08:00,2026-10-05T23:28:10.601009+08:00
6775,1,56,24,2026-09-27T20:10+08:00,2026-09-27T20:25+08:00,2.32,36.25,DATAGEN,CONFIRMED,0.842,v1,,2026-10-05T23:25:49.502825+08:00,2026-10-05T23:28:10.602914+08:00
6142,1,53,12,2026-09-27T20:15+08:00,2026-09-27T20:30+08:00,2.02,35.96,DATAGEN,CONFIRMED,0.872,v1,,2026-10-05T23:25:49.153536+08:00,2026-10-05T23:28:10.604717+08:00
7408,1,59,36,2026-09-27T20:20+08:00,2026-09-27T20:35+08:00,2.14,36.00,DATAGEN,CONFIRMED,0.915,v1,,2026-10-05T23:25:49.794584+08:00,2026-10-05T23:28:10.606532+08:00
7485,1,59,36,2026-09-27T20:30+08:00,2026-09-27T20:35+08:00,0.30,36.00,ALGORITHM_CANDIDATE,CONFIRMED,0.749,v1,,2026-10-05T23:25:49.804692+08:00,2026-10-05T23:28:10.608318+08:00
7623,1,60,40,2026-09-27T20:55+08:00,2026-09-27T21:10+08:00,2.39,35.93,DATAGEN,CONFIRMED,0.920,v1,,2026-10-05T23:25:49.905363+08:00,2026-10-05T23:28:10.610121+08:00
5918,1,52,8,2026-09-27T21:00+08:00,2026-09-27T21:10+08:00,2.84,36.20,DATAGEN,CONFIRMED,0.977,v1,,2026-10-05T23:25:49.022952+08:00,2026-10-05T23:28:10.611996+08:00
6143,1,53,12,2026-09-28T06:35+08:00,2026-09-28T06:55+08:00,3.14,35.30,DATAGEN,CONFIRMED,1.000,v1,,2026-10-05T23:25:49.153706+08:00,2026-10-05T23:28:10.613972+08:00
5714,1,51,4,2026-09-28T07:05+08:00,2026-09-28T07:35+08:00,3.56,35.19,DATAGEN,CONFIRMED,1.000,v1,,2026-10-05T23:25:48.89461+08:00,2026-10-05T23:28:10.61588+08:00
7624,1,60,40,2026-09-28T07:05+08:00,2026-09-28T07:20+08:00,2.66,35.52,DATAGEN,CONFIRMED,1.000,v1,,2026-10-05T23:25:49.905515+08:00,2026-10-05T23:28:10.617845+08:00
6776,1,56,24,2026-09-28T07:10+08:00,2026-09-28T07:35+08:00,2.99,35.34,DATAGEN,CONFIRMED,1.000,v1,,2026-10-05T23:25:49.502963+08:00,2026-10-05T23:28:10.619877+08:00
5789,1,51,4,2026-09-28T07:30+08:00,2026-09-28T07:35+08:00,0.29,35.19,ALGORITHM_CANDIDATE,REJECTED,0.828,v1,,2026-10-05T23:25:48.912995+08:00,2026-10-05T23:28:10.622218+08:00
5919,1,52,8,2026-09-28T07:40+08:00,2026-09-28T08:05+08:00,2.86,35.17,DATAGEN,CONFIRMED,1.000,v1,,2026-10-05T23:25:49.023142+08:00,2026-10-05T23:28:10.624251+08:00
6346,1,54,16,2026-09-28T07:40+08:00,2026-09-28T08:10+08:00,3.27,35.30,DATAGEN,CONFIRMED,1.000,v1,,2026-10-05T23:25:49.29454+08:00,2026-10-05T23:28:10.626265+08:00
6417,1,54,16,2026-09-28T08:00+08:00,2026-09-28T08:10+08:00,0.30,35.30,ALGORITHM_CANDIDATE,REJECTED,0.750,v1,,2026-10-05T23:25:49.306666+08:00,2026-10-05T23:28:10.628313+08:00
7409,1,59,36,2026-09-28T08:55+08:00,2026-09-28T09:20+08:00,3.35,35.09,DATAGEN,CONFIRMED,1.000,v1,,2026-10-05T23:25:49.794724+08:00,2026-10-05T23:28:10.630288+08:00
7056,1,57,28,2026-09-28T09:00+08:00,2026-09-28T09:10+08:00,3.24,35.35,ALGORITHM_CANDIDATE,CONFIRMED,0.761,v1,,2026-10-05T23:25:49.607821+08:00,2026-10-05T23:28:10.632259+08:00
6991,1,57,28,2026-09-28T09:05+08:00,2026-09-28T09:10+08:00,1.65,35.35,DATAGEN,CONFIRMED,0.867,v1,,2026-10-05T23:25:49.59936+08:00,2026-10-05T23:28:10.634316+08:00
7812,1,55,20,2026-09-28T09:35+08:00,2026-09-28T10:05+08:00,3.54,35.08,DATAGEN,CONFIRMED,1.000,v1,,2026-10-05T23:31:33.764119+08:00,2026-10-05T23:31:33.764119+08:00
5920,1,52,8,2026-09-28T09:40+08:00,2026-09-28T10:00+08:00,2.71,35.12,DATAGEN,CONFIRMED,1.000,v1,,2026-10-05T23:25:49.023325+08:00,2026-10-05T23:28:10.638187+08:00
5715,1,51,4,2026-09-28T09:50+08:00,2026-09-28T10:10+08:00,3.43,35.02,DATAGEN,CONFIRMED,1.000,v1,,2026-10-05T23:25:48.894888+08:00,2026-10-05T23:28:10.640036+08:00
6992,1,57,28,2026-09-28T09:50+08:00,2026-09-28T10:15+08:00,1.63,35.21,DATAGEN,CONFIRMED,1.000,v1,,2026-10-05T23:25:49.599505+08:00,2026-10-05T23:28:10.641881+08:00
7883,1,55,20,2026-09-28T09:55+08:00,2026-09-28T10:05+08:00,0.38,35.08,ALGORITHM_CANDIDATE,REJECTED,0.772,v1,,2026-10-05T23:31:33.773846+08:00,2026-10-05T23:31:33.773846+08:00
7625,1,60,40,2026-09-28T10:20+08:00,2026-09-28T10:40+08:00,2.48,35.76,DATAGEN,CONFIRMED,0.963,v1,,2026-10-05T23:25:49.90566+08:00,2026-10-05T23:28:10.645537+08:00
6347,1,54,16,2026-09-28T10:30+08:00,2026-09-28T10:50+08:00,2.99,35.31,DATAGEN,CONFIRMED,0.996,v1,,2026-10-05T23:25:49.294741+08:00,2026-10-05T23:28:10.647394+08:00
7670,1,60,40,2026-09-28T10:35+08:00,2026-09-28T10:40+08:00,0.19,35.76,ALGORITHM_CANDIDATE,CONFIRMED,0.736,v1,,2026-10-05T23:25:49.911975+08:00,2026-10-05T23:28:10.649235+08:00
5716,1,51,4,2026-09-28T11:00+08:00,2026-09-28T11:15+08:00,1.49,35.68,DATAGEN,CONFIRMED,0.958,v1,,2026-10-05T23:25:48.895168+08:00,2026-10-05T23:28:10.651066+08:00
6993,1,57,28,2026-09-28T11:00+08:00,2026-09-28T11:05+08:00,0.91,35.53,DATAGEN,CONFIRMED,0.954,v1,,2026-10-05T23:25:49.599639+08:00,2026-10-05T23:28:10.652964+08:00
7410,1,59,36,2026-09-28T11:35+08:00,2026-09-28T11:45+08:00,2.96,35.27,DATAGEN,CONFIRMED,1.000,v1,,2026-10-05T23:25:49.794863+08:00,2026-10-05T23:28:10.654951+08:00
7198,1,58,32,2026-09-28T11:55+08:00,2026-09-28T12:10+08:00,3.58,35.05,DATAGEN,CONFIRMED,1.000,v1,,2026-10-05T23:25:49.697684+08:00,2026-10-05T23:28:10.656986+08:00
5921,1,52,8,2026-09-28T12:00+08:00,2026-09-28T12:15+08:00,3.28,35.12,DATAGEN,CONFIRMED,1.000,v1,,2026-10-05T23:25:49.0235+08:00,2026-10-05T23:28:10.659023+08:00
6221,1,53,12,2026-09-28T12:10+08:00,2026-09-28T12:35+08:00,2.83,35.71,ALGORITHM_CANDIDATE,CONFIRMED,0.787,v1,,2026-10-05T23:25:49.165754+08:00,2026-10-05T23:28:10.661014+08:00
6144,1,53,12,2026-09-28T12:20+08:00,2026-09-28T12:35+08:00,1.89,35.71,DATAGEN,CONFIRMED,0.970,v1,,2026-10-05T23:25:49.153872+08:00,2026-10-05T23:28:10.663005+08:00
7199,1,58,32,2026-09-28T13:00+08:00,2026-09-28T13:10+08:00,1.19,35.84,DATAGEN,CONFIRMED,0.997,v1,,2026-10-05T23:25:49.697839+08:00,2026-10-05T23:28:10.665026+08:00
7813,1,55,20,2026-09-28T13:10+08:00,2026-09-28T13:35+08:00,2.70,36.06,DATAGEN,CONFIRMED,0.960,v1,,2026-10-05T23:31:33.764246+08:00,2026-10-05T23:31:33.764246+08:00
6994,1,57,28,2026-09-28T13:15+08:00,2026-09-28T13:30+08:00,2.91,35.31,DATAGEN,CONFIRMED,0.991,v1,,2026-10-05T23:25:49.59979+08:00,2026-10-05T23:28:10.669801+08:00
7884,1,55,20,2026-09-28T13:30+08:00,2026-09-28T13:35+08:00,0.21,36.06,ALGORITHM_CANDIDATE,REJECTED,0.743,v1,,2026-10-05T23:31:33.774018+08:00,2026-10-05T23:31:33.774018+08:00
5790,1,51,4,2026-09-28T13:35+08:00,2026-09-28T13:55+08:00,2.85,35.68,ALGORITHM_CANDIDATE,CONFIRMED,0.783,v1,,2026-10-05T23:25:48.91317+08:00,2026-10-05T23:28:10.673596+08:00
6145,1,53,12,2026-09-28T13:35+08:00,2026-09-28T13:45+08:00,1.90,35.53,DATAGEN,CONFIRMED,1.000,v1,,2026-10-05T23:25:49.154041+08:00,2026-10-05T23:28:10.675386+08:00
5717,1,51,4,2026-09-28T13:40+08:00,2026-09-28T13:55+08:00,1.96,35.68,DATAGEN,CONFIRMED,0.958,v1,,2026-10-05T23:25:48.895461+08:00,2026-10-05T23:28:10.677196+08:00
7626,1,60,40,2026-09-28T13:40+08:00,2026-09-28T14:00+08:00,3.09,35.33,DATAGEN,CONFIRMED,1.000,v1,,2026-10-05T23:25:49.90581+08:00,2026-10-05T23:28:10.679011+08:00
7200,1,58,32,2026-09-28T14:10+08:00,2026-09-28T14:30+08:00,2.43,35.42,DATAGEN,CONFIRMED,1.000,v1,,2026-10-05T23:25:49.697976+08:00,2026-10-05T23:28:10.68083+08:00
5922,1,52,8,2026-09-28T14:25+08:00,2026-09-28T14:50+08:00,2.30,36.13,DATAGEN,CONFIRMED,0.884,v1,,2026-10-05T23:25:49.023755+08:00,2026-10-05T23:28:10.682639+08:00
6777,1,56,24,2026-09-28T14:25+08:00,2026-09-28T14:40+08:00,2.57,36.01,DATAGEN,CONFIRMED,0.969,v1,,2026-10-05T23:25:49.503104+08:00,2026-10-05T23:28:10.684434+08:00
5718,1,51,4,2026-09-28T14:35+08:00,2026-09-28T14:50+08:00,2.21,35.25,DATAGEN,CONFIRMED,1.000,v1,,2026-10-05T23:25:48.895743+08:00,2026-10-05T23:28:10.686423+08:00
5990,1,52,8,2026-09-28T14:45+08:00,2026-09-28T14:50+08:00,0.21,36.13,ALGORITHM_CANDIDATE,REJECTED,0.668,v1,,2026-10-05T23:25:49.034099+08:00,2026-10-05T23:28:10.688418+08:00
6146,1,53,12,2026-09-28T15:00+08:00,2026-09-28T15:15+08:00,1.85,35.82,DATAGEN,CONFIRMED,0.952,v1,,2026-10-05T23:25:49.1542+08:00,2026-10-05T23:28:10.690339+08:00
7627,1,60,40,2026-09-28T15:05+08:00,2026-09-28T15:20+08:00,1.75,36.17,DATAGEN,CONFIRMED,0.895,v1,,2026-10-05T23:25:49.905958+08:00,2026-10-05T23:28:10.692355+08:00
7411,1,59,36,2026-09-28T15:30+08:00,2026-09-28T15:50+08:00,3.30,35.46,DATAGEN,CONFIRMED,1.000,v1,,2026-10-05T23:25:49.79501+08:00,2026-10-05T23:28:10.694344+08:00
7057,1,57,28,2026-09-28T15:40+08:00,2026-09-28T16:00+08:00,2.39,35.92,ALGORITHM_CANDIDATE,CONFIRMED,0.691,v1,,2026-10-05T23:25:49.607909+08:00,2026-10-05T23:28:10.696344+08:00
6995,1,57,28,2026-09-28T15:50+08:00,2026-09-28T16:00+08:00,1.26,35.92,DATAGEN,CONFIRMED,0.867,v1,,2026-10-05T23:25:49.59995+08:00,2026-10-05T23:28:10.700443+08:00
7814,1,55,20,2026-09-28T15:50+08:00,2026-09-28T16:10+08:00,2.66,36.27,DATAGEN,CONFIRMED,0.925,v1,,2026-10-05T23:31:33.764595+08:00,2026-10-05T23:31:33.764595+08:00
5719,1,51,4,2026-09-28T16:10+08:00,2026-09-28T16:20+08:00,2.29,35.56,DATAGEN,CONFIRMED,0.978,v1,,2026-10-05T23:25:48.896014+08:00,2026-10-05T23:28:10.702892+08:00
5923,1,52,8,2026-09-28T16:30+08:00,2026-09-28T16:45+08:00,2.86,35.45,DATAGEN,CONFIRMED,0.998,v1,,2026-10-05T23:25:49.023977+08:00,2026-10-05T23:28:10.705243+08:00
7058,1,57,28,2026-09-28T16:40+08:00,2026-09-28T16:45+08:00,0.79,36.40,ALGORITHM_CANDIDATE,CONFIRMED,0.738,v1,,2026-10-05T23:25:49.607998+08:00,2026-10-05T23:28:10.707658+08:00
7815,1,55,20,2026-09-28T16:55+08:00,2026-09-28T17:00+08:00,1.04,36.39,DATAGEN,CONFIRMED,0.905,v1,,2026-10-05T23:31:33.764733+08:00,2026-10-05T23:31:33.764733+08:00
5791,1,51,4,2026-09-28T17:00+08:00,2026-09-28T17:15+08:00,1.17,36.47,ALGORITHM_CANDIDATE,CONFIRMED,0.770,v1,,2026-10-05T23:25:48.913329+08:00,2026-10-05T23:28:10.712087+08:00
6996,1,57,28,2026-09-28T17:05+08:00,2026-09-28T17:15+08:00,1.07,35.53,DATAGEN,CONFIRMED,0.954,v1,,2026-10-05T23:25:49.600098+08:00,2026-10-05T23:28:10.714017+08:00
5924,1,52,8,2026-09-28T17:30+08:00,2026-09-28T17:40+08:00,1.79,35.68,DATAGEN,CONFIRMED,0.959,v1,,2026-10-05T23:25:49.024162+08:00,2026-10-05T23:28:10.716157+08:00
6997,1,57,28,2026-09-28T18:00+08:00,2026-09-28T18:15+08:00,1.31,35.91,DATAGEN,CONFIRMED,0.891,v1,,2026-10-05T23:25:49.600247+08:00,2026-10-05T23:28:10.718457+08:00
5720,1,51,4,2026-09-28T18:05+08:00,2026-09-28T18:20+08:00,1.68,36.15,DATAGEN,CONFIRMED,0.880,v1,,2026-10-05T23:25:48.896311+08:00,2026-10-05T23:28:10.720851+08:00
7201,1,58,32,2026-09-28T18:20+08:00,2026-09-28T18:50+08:00,3.53,35.46,DATAGEN,CONFIRMED,1.000,v1,,2026-10-05T23:25:49.698118+08:00,2026-10-05T23:28:10.722913+08:00
6778,1,56,24,2026-09-28T18:45+08:00,2026-09-28T19:05+08:00,2.79,36.09,DATAGEN,CONFIRMED,0.956,v1,,2026-10-05T23:25:49.503238+08:00,2026-10-05T23:28:10.728211+08:00
7816,1,55,20,2026-09-28T18:45+08:00,2026-09-28T19:05+08:00,3.17,35.57,DATAGEN,CONFIRMED,1.000,v1,,2026-10-05T23:31:33.764858+08:00,2026-10-05T23:31:33.764858+08:00
6848,1,56,24,2026-09-28T19:00+08:00,2026-09-28T19:05+08:00,0.30,36.09,ALGORITHM_CANDIDATE,CONFIRMED,0.789,v1,,2026-10-05T23:25:49.510279+08:00,2026-10-05T23:28:10.730409+08:00
6348,1,54,16,2026-09-28T19:35+08:00,2026-09-28T20:05+08:00,3.36,36.09,DATAGEN,CONFIRMED,0.993,v1,,2026-10-05T23:25:49.294945+08:00,2026-10-05T23:28:10.732297+08:00
6998,1,57,28,2026-09-28T19:45+08:00,2026-09-28T20:05+08:00,2.40,35.77,DATAGEN,CONFIRMED,0.914,v1,,2026-10-05T23:25:49.600388+08:00,2026-10-05T23:28:10.734078+08:00
7628,1,60,40,2026-09-28T20:00+08:00,2026-09-28T20:15+08:00,3.47,35.70,DATAGEN,CONFIRMED,0.973,v1,,2026-10-05T23:25:49.906105+08:00,2026-10-05T23:28:10.735978+08:00
7412,1,59,36,2026-09-28T20:15+08:00,2026-09-28T20:35+08:00,3.83,35.28,DATAGEN,CONFIRMED,1.000,v1,,2026-10-05T23:25:49.795153+08:00,2026-10-05T23:28:10.738028+08:00
6147,1,53,12,2026-09-28T21:00+08:00,2026-09-28T21:20+08:00,3.86,35.25,DATAGEN,CONFIRMED,1.000,v1,,2026-10-05T23:25:49.154367+08:00,2026-10-05T23:28:10.740258+08:00
7486,1,59,36,2026-09-29T06:10+08:00,2026-09-29T06:35+08:00,2.98,35.53,ALGORITHM_CANDIDATE,CONFIRMED,0.738,v1,,2026-10-05T23:25:49.804784+08:00,2026-10-05T23:28:10.742184+08:00
7413,1,59,36,2026-09-29T06:20+08:00,2026-09-29T06:35+08:00,1.92,35.53,DATAGEN,CONFIRMED,0.929,v1,,2026-10-05T23:25:49.795292+08:00,2026-10-05T23:28:10.743958+08:00
6849,1,56,24,2026-09-29T06:30+08:00,2026-09-29T06:50+08:00,3.09,35.17,ALGORITHM_CANDIDATE,CONFIRMED,0.820,v1,,2026-10-05T23:25:49.510373+08:00,2026-10-05T23:28:10.74583+08:00
6779,1,56,24,2026-09-29T06:35+08:00,2026-09-29T06:50+08:00,2.21,35.17,DATAGEN,CONFIRMED,1.000,v1,,2026-10-05T23:25:49.503374+08:00,2026-10-05T23:28:10.747709+08:00
6999,1,57,28,2026-09-29T06:50+08:00,2026-09-29T07:15+08:00,3.33,35.27,DATAGEN,CONFIRMED,1.000,v1,,2026-10-05T23:25:49.600544+08:00,2026-10-05T23:28:10.749749+08:00
5925,1,52,8,2026-09-29T06:55+08:00,2026-09-29T07:15+08:00,2.98,35.43,DATAGEN,CONFIRMED,1.000,v1,,2026-10-05T23:25:49.024352+08:00,2026-10-05T23:28:10.751842+08:00
6222,1,53,12,2026-09-29T06:55+08:00,2026-09-29T07:25+08:00,3.20,35.23,ALGORITHM_CANDIDATE,CONFIRMED,0.810,v1,,2026-10-05T23:25:49.165878+08:00,2026-10-05T23:28:10.75382+08:00
6148,1,53,12,2026-09-29T07:00+08:00,2026-09-29T07:25+08:00,2.32,35.23,DATAGEN,CONFIRMED,0.864,v1,,2026-10-05T23:25:49.154532+08:00,2026-10-05T23:28:10.755744+08:00
6780,1,56,24,2026-09-29T07:25+08:00,2026-09-29T07:40+08:00,1.44,35.29,DATAGEN,CONFIRMED,0.998,v1,,2026-10-05T23:25:49.503506+08:00,2026-10-05T23:28:10.757591+08:00
7414,1,59,36,2026-09-29T07:25+08:00,2026-09-29T07:35+08:00,1.41,35.43,DATAGEN,CONFIRMED,0.968,v1,,2026-10-05T23:25:49.795435+08:00,2026-10-05T23:28:10.759447+08:00
5721,1,51,4,2026-09-29T07:35+08:00,2026-09-29T08:00+08:00,3.13,35.54,DATAGEN,CONFIRMED,0.994,v1,,2026-10-05T23:25:48.896639+08:00,2026-10-05T23:28:10.761309+08:00
7629,1,60,40,2026-09-29T08:15+08:00,2026-09-29T08:30+08:00,2.76,35.71,DATAGEN,CONFIRMED,0.997,v1,,2026-10-05T23:25:49.90625+08:00,2026-10-05T23:28:10.763315+08:00
6149,1,53,12,2026-09-29T08:25+08:00,2026-09-29T08:35+08:00,1.19,35.56,DATAGEN,CONFIRMED,1.000,v1,,2026-10-05T23:25:49.1547+08:00,2026-10-05T23:28:10.7655+08:00
7282,1,58,32,2026-09-29T08:25+08:00,2026-09-29T08:50+08:00,3.36,35.22,ALGORITHM_CANDIDATE,CONFIRMED,0.789,v1,,2026-10-05T23:25:49.708434+08:00,2026-10-05T23:28:10.767525+08:00
7202,1,58,32,2026-09-29T08:35+08:00,2026-09-29T08:50+08:00,1.61,35.22,DATAGEN,CONFIRMED,0.923,v1,,2026-10-05T23:25:49.698251+08:00,2026-10-05T23:28:10.769484+08:00
6781,1,56,24,2026-09-29T08:55+08:00,2026-09-29T09:10+08:00,1.99,35.14,DATAGEN,CONFIRMED,1.000,v1,,2026-10-05T23:25:49.503637+08:00,2026-10-05T23:28:10.771574+08:00
6418,1,54,16,2026-09-29T09:05+08:00,2026-09-29T09:25+08:00,3.35,35.33,ALGORITHM_CANDIDATE,CONFIRMED,0.819,v1,,2026-10-05T23:25:49.306806+08:00,2026-10-05T23:28:10.773659+08:00
6349,1,54,16,2026-09-29T09:10+08:00,2026-09-29T09:25+08:00,3.02,35.33,DATAGEN,CONFIRMED,1.000,v1,,2026-10-05T23:25:49.295143+08:00,2026-10-05T23:28:10.775684+08:00
5792,1,51,4,2026-09-29T09:15+08:00,2026-09-29T09:35+08:00,1.96,35.86,ALGORITHM_CANDIDATE,CONFIRMED,0.753,v1,,2026-10-05T23:25:48.913483+08:00,2026-10-05T23:28:10.777531+08:00
5722,1,51,4,2026-09-29T09:25+08:00,2026-09-29T09:35+08:00,0.87,35.86,DATAGEN,CONFIRMED,0.924,v1,,2026-10-05T23:25:48.896882+08:00,2026-10-05T23:28:10.779328+08:00
7203,1,58,32,2026-09-29T09:50+08:00,2026-09-29T10:00+08:00,1.48,35.47,DATAGEN,CONFIRMED,0.963,v1,,2026-10-05T23:25:49.698393+08:00,2026-10-05T23:28:10.781166+08:00
6782,1,56,24,2026-09-29T09:55+08:00,2026-09-29T10:10+08:00,1.48,35.63,DATAGEN,CONFIRMED,0.941,v1,,2026-10-05T23:25:49.503769+08:00,2026-10-05T23:28:10.783115+08:00
5723,1,51,4,2026-09-29T10:00+08:00,2026-09-29T10:10+08:00,1.51,35.19,DATAGEN,CONFIRMED,1.000,v1,,2026-10-05T23:25:48.897109+08:00,2026-10-05T23:28:10.785002+08:00
6850,1,56,24,2026-09-29T10:05+08:00,2026-09-29T10:10+08:00,0.18,35.63,ALGORITHM_CANDIDATE,CONFIRMED,0.708,v1,,2026-10-05T23:25:49.510464+08:00,2026-10-05T23:28:10.786911+08:00
6350,1,54,16,2026-09-29T10:40+08:00,2026-09-29T10:55+08:00,2.43,35.03,DATAGEN,CONFIRMED,1.000,v1,,2026-10-05T23:25:49.295378+08:00,2026-10-05T23:28:10.788888+08:00
7204,1,58,32,2026-09-29T10:50+08:00,2026-09-29T11:05+08:00,1.64,35.21,DATAGEN,CONFIRMED,1.000,v1,,2026-10-05T23:25:49.698535+08:00,2026-10-05T23:28:10.790757+08:00
5724,1,51,4,2026-09-29T11:00+08:00,2026-09-29T11:10+08:00,0.93,36.00,DATAGEN,CONFIRMED,0.927,v1,,2026-10-05T23:25:48.897371+08:00,2026-10-05T23:28:10.792669+08:00
7283,1,58,32,2026-09-29T11:00+08:00,2026-09-29T11:05+08:00,0.17,35.21,ALGORITHM_CANDIDATE,REJECTED,0.761,v1,,2026-10-05T23:25:49.708527+08:00,2026-10-05T23:28:10.794643+08:00
5793,1,51,4,2026-09-29T11:05+08:00,2026-09-29T11:10+08:00,0.25,36.00,ALGORITHM_CANDIDATE,CONFIRMED,0.733,v1,,2026-10-05T23:25:48.913642+08:00,2026-10-05T23:28:10.796686+08:00
7630,1,60,40,2026-09-29T11:15+08:00,2026-09-29T11:30+08:00,3.20,35.24,DATAGEN,CONFIRMED,1.000,v1,,2026-10-05T23:25:49.9064+08:00,2026-10-05T23:28:10.79875+08:00
6851,1,56,24,2026-09-29T12:55+08:00,2026-09-29T13:05+08:00,2.51,35.71,ALGORITHM_CANDIDATE,CONFIRMED,0.747,v1,,2026-10-05T23:25:49.510553+08:00,2026-10-05T23:28:10.800743+08:00
7487,1,59,36,2026-09-29T12:55+08:00,2026-09-29T13:15+08:00,3.79,35.01,ALGORITHM_CANDIDATE,CONFIRMED,0.800,v1,,2026-10-05T23:25:49.804871+08:00,2026-10-05T23:28:10.802753+08:00
6783,1,56,24,2026-09-29T13:00+08:00,2026-09-29T13:05+08:00,1.32,35.71,DATAGEN,CONFIRMED,0.885,v1,,2026-10-05T23:25:49.503908+08:00,2026-10-05T23:28:10.804769+08:00
7415,1,59,36,2026-09-29T13:05+08:00,2026-09-29T13:15+08:00,1.92,35.01,DATAGEN,CONFIRMED,0.930,v1,,2026-10-05T23:25:49.795576+08:00,2026-10-05T23:28:10.806748+08:00
7000,1,57,28,2026-09-29T13:10+08:00,2026-09-29T13:30+08:00,2.77,35.75,DATAGEN,CONFIRMED,0.943,v1,,2026-10-05T23:25:49.600698+08:00,2026-10-05T23:28:10.808805+08:00
7416,1,59,36,2026-09-29T13:45+08:00,2026-09-29T13:55+08:00,1.07,35.29,DATAGEN,CONFIRMED,0.991,v1,,2026-10-05T23:25:49.795723+08:00,2026-10-05T23:28:10.810908+08:00
7631,1,60,40,2026-09-29T13:45+08:00,2026-09-29T14:00+08:00,2.41,35.67,DATAGEN,CONFIRMED,1.000,v1,,2026-10-05T23:25:49.906546+08:00,2026-10-05T23:28:10.812801+08:00
7671,1,60,40,2026-09-29T13:55+08:00,2026-09-29T14:00+08:00,0.25,35.67,ALGORITHM_CANDIDATE,CONFIRMED,0.806,v1,,2026-10-05T23:25:49.912114+08:00,2026-10-05T23:28:10.814654+08:00
6784,1,56,24,2026-09-29T14:00+08:00,2026-09-29T14:20+08:00,1.99,35.10,DATAGEN,CONFIRMED,1.000,v1,,2026-10-05T23:25:49.504052+08:00,2026-10-05T23:28:10.816437+08:00
7417,1,59,36,2026-09-29T14:10+08:00,2026-09-29T14:15+08:00,0.71,35.32,DATAGEN,CONFIRMED,0.986,v1,,2026-10-05T23:25:49.795866+08:00,2026-10-05T23:28:10.818203+08:00
5991,1,52,8,2026-09-29T14:15+08:00,2026-09-29T14:35+08:00,3.19,35.59,ALGORITHM_CANDIDATE,CONFIRMED,0.832,v1,,2026-10-05T23:25:49.034228+08:00,2026-10-05T23:28:10.819986+08:00
7205,1,58,32,2026-09-29T14:15+08:00,2026-09-29T14:45+08:00,3.47,35.20,DATAGEN,CONFIRMED,1.000,v1,,2026-10-05T23:25:49.698675+08:00,2026-10-05T23:28:10.821838+08:00
5926,1,52,8,2026-09-29T14:20+08:00,2026-09-29T14:35+08:00,2.92,35.59,DATAGEN,CONFIRMED,1.000,v1,,2026-10-05T23:25:49.024535+08:00,2026-10-05T23:28:10.823668+08:00
7632,1,60,40,2026-09-29T14:35+08:00,2026-09-29T14:45+08:00,1.53,35.65,DATAGEN,CONFIRMED,1.000,v1,,2026-10-05T23:25:49.906688+08:00,2026-10-05T23:28:10.82555+08:00
6351,1,54,16,2026-09-29T14:45+08:00,2026-09-29T15:00+08:00,2.85,36.08,DATAGEN,CONFIRMED,0.964,v1,,2026-10-05T23:25:49.295575+08:00,2026-10-05T23:28:10.827441+08:00
7059,1,57,28,2026-09-29T14:45+08:00,2026-09-29T15:05+08:00,2.26,36.08,ALGORITHM_CANDIDATE,CONFIRMED,0.705,v1,,2026-10-05T23:25:49.608083+08:00,2026-10-05T23:28:10.829292+08:00
7001,1,57,28,2026-09-29T14:50+08:00,2026-09-29T15:05+08:00,2.01,36.08,DATAGEN,CONFIRMED,0.888,v1,,2026-10-05T23:25:49.600843+08:00,2026-10-05T23:28:10.831152+08:00
7418,1,59,36,2026-09-29T14:50+08:00,2026-09-29T15:00+08:00,1.64,35.49,DATAGEN,CONFIRMED,0.958,v1,,2026-10-05T23:25:49.796007+08:00,2026-10-05T23:28:10.83302+08:00
6785,1,56,24,2026-09-29T15:25+08:00,2026-09-29T15:35+08:00,1.79,35.99,DATAGEN,CONFIRMED,0.881,v1,,2026-10-05T23:25:49.504194+08:00,2026-10-05T23:28:10.835011+08:00
5927,1,52,8,2026-09-29T15:45+08:00,2026-09-29T16:00+08:00,1.63,36.18,DATAGEN,CONFIRMED,0.881,v1,,2026-10-05T23:25:49.024725+08:00,2026-10-05T23:28:10.836976+08:00
5725,1,51,4,2026-09-29T15:50+08:00,2026-09-29T16:10+08:00,3.25,35.93,DATAGEN,CONFIRMED,0.939,v1,,2026-10-05T23:25:48.897648+08:00,2026-10-05T23:28:10.839035+08:00
7002,1,57,28,2026-09-29T15:50+08:00,2026-09-29T16:05+08:00,2.01,35.41,DATAGEN,CONFIRMED,1.000,v1,,2026-10-05T23:25:49.600997+08:00,2026-10-05T23:28:10.841079+08:00
6786,1,56,24,2026-09-29T16:20+08:00,2026-09-29T16:35+08:00,1.63,36.15,DATAGEN,CONFIRMED,0.854,v1,,2026-10-05T23:25:49.504334+08:00,2026-10-05T23:28:10.84307+08:00
7885,1,55,20,2026-09-29T16:25+08:00,2026-09-29T16:45+08:00,4.01,35.23,ALGORITHM_CANDIDATE,CONFIRMED,0.823,v1,,2026-10-05T23:31:33.774209+08:00,2026-10-05T23:31:33.774209+08:00
7817,1,55,20,2026-09-29T16:30+08:00,2026-09-29T16:45+08:00,3.38,35.23,DATAGEN,CONFIRMED,1.000,v1,,2026-10-05T23:31:33.764984+08:00,2026-10-05T23:31:33.764984+08:00
5928,1,52,8,2026-09-29T16:40+08:00,2026-09-29T16:50+08:00,1.70,35.96,DATAGEN,CONFIRMED,0.946,v1,,2026-10-05T23:25:49.024911+08:00,2026-10-05T23:28:10.848831+08:00
5726,1,51,4,2026-09-29T17:15+08:00,2026-09-29T17:35+08:00,2.83,35.47,DATAGEN,CONFIRMED,1.000,v1,,2026-10-05T23:25:48.897918+08:00,2026-10-05T23:28:10.850695+08:00
7003,1,57,28,2026-09-29T17:25+08:00,2026-09-29T17:45+08:00,2.59,35.46,DATAGEN,CONFIRMED,0.992,v1,,2026-10-05T23:25:49.60115+08:00,2026-10-05T23:28:10.852491+08:00
7206,1,58,32,2026-09-29T17:35+08:00,2026-09-29T17:55+08:00,3.51,35.23,DATAGEN,CONFIRMED,1.000,v1,,2026-10-05T23:25:49.698812+08:00,2026-10-05T23:28:10.856399+08:00
7818,1,55,20,2026-09-29T17:35+08:00,2026-09-29T17:50+08:00,1.82,36.05,DATAGEN,CONFIRMED,1.000,v1,,2026-10-05T23:31:33.765116+08:00,2026-10-05T23:31:33.765116+08:00
5794,1,51,4,2026-09-29T17:55+08:00,2026-09-29T18:00+08:00,0.25,36.34,ALGORITHM_CANDIDATE,CONFIRMED,0.676,v1,,2026-10-05T23:25:48.913798+08:00,2026-10-05T23:28:10.858301+08:00
6352,1,54,16,2026-09-29T18:00+08:00,2026-09-29T18:15+08:00,3.29,35.56,DATAGEN,CONFIRMED,1.000,v1,,2026-10-05T23:25:49.295779+08:00,2026-10-05T23:28:10.8602+08:00
7419,1,59,36,2026-09-29T18:05+08:00,2026-09-29T18:20+08:00,3.01,35.90,DATAGEN,CONFIRMED,0.890,v1,,2026-10-05T23:25:49.796148+08:00,2026-10-05T23:28:10.862132+08:00
7819,1,55,20,2026-09-29T19:00+08:00,2026-09-29T19:15+08:00,2.34,35.64,DATAGEN,CONFIRMED,1.000,v1,,2026-10-05T23:31:33.765243+08:00,2026-10-05T23:31:33.765243+08:00
5727,1,51,4,2026-09-29T19:05+08:00,2026-09-29T19:20+08:00,1.86,36.19,DATAGEN,CONFIRMED,0.895,v1,,2026-10-05T23:25:48.898187+08:00,2026-10-05T23:28:10.866014+08:00
7004,1,57,28,2026-09-29T19:20+08:00,2026-09-29T19:35+08:00,2.58,35.59,DATAGEN,CONFIRMED,0.970,v1,,2026-10-05T23:25:49.601294+08:00,2026-10-05T23:28:10.867995+08:00
7633,1,60,40,2026-09-29T19:25+08:00,2026-09-29T19:45+08:00,3.01,35.87,DATAGEN,CONFIRMED,0.970,v1,,2026-10-05T23:25:49.906827+08:00,2026-10-05T23:28:10.869986+08:00
5728,1,51,4,2026-09-29T19:30+08:00,2026-09-29T19:35+08:00,0.35,36.13,DATAGEN,CONFIRMED,0.767,v1,,2026-10-05T23:25:48.898455+08:00,2026-10-05T23:28:10.871979+08:00
5929,1,52,8,2026-09-29T19:40+08:00,2026-09-29T20:00+08:00,2.98,35.68,DATAGEN,CONFIRMED,0.992,v1,,2026-10-05T23:25:49.025098+08:00,2026-10-05T23:28:10.873964+08:00
7420,1,59,36,2026-09-29T19:40+08:00,2026-09-29T20:00+08:00,2.34,35.85,DATAGEN,CONFIRMED,0.898,v1,,2026-10-05T23:25:49.79629+08:00,2026-10-05T23:28:10.875939+08:00
7207,1,58,32,2026-09-29T19:45+08:00,2026-09-29T20:00+08:00,3.06,35.80,DATAGEN,CONFIRMED,0.941,v1,,2026-10-05T23:25:49.69896+08:00,2026-10-05T23:28:10.878079+08:00
7284,1,58,32,2026-09-29T19:55+08:00,2026-09-29T20:00+08:00,0.16,35.80,ALGORITHM_CANDIDATE,CONFIRMED,0.697,v1,,2026-10-05T23:25:49.708619+08:00,2026-10-05T23:28:10.880041+08:00
7005,1,57,28,2026-09-29T20:45+08:00,2026-09-29T20:55+08:00,2.91,35.49,DATAGEN,CONFIRMED,0.987,v1,,2026-10-05T23:25:49.601434+08:00,2026-10-05T23:28:10.895056+08:00
7488,1,59,36,2026-09-29T20:50+08:00,2026-09-29T21:00+08:00,1.49,36.31,ALGORITHM_CANDIDATE,CONFIRMED,0.821,v1,,2026-10-05T23:25:49.804957+08:00,2026-10-05T23:28:10.897877+08:00
7208,1,58,32,2026-09-30T06:05+08:00,2026-09-30T06:30+08:00,3.31,35.39,DATAGEN,CONFIRMED,0.991,v1,,2026-10-05T23:25:49.699107+08:00,2026-10-05T23:28:10.900185+08:00
7421,1,59,36,2026-09-30T06:15+08:00,2026-09-30T06:40+08:00,2.93,35.54,DATAGEN,CONFIRMED,0.995,v1,,2026-10-05T23:25:49.796429+08:00,2026-10-05T23:28:10.902302+08:00
7886,1,55,20,2026-09-30T06:50+08:00,2026-09-30T07:25+08:00,3.37,35.26,ALGORITHM_CANDIDATE,CONFIRMED,0.831,v1,,2026-10-05T23:31:33.774349+08:00,2026-10-05T23:31:33.774349+08:00
7820,1,55,20,2026-09-30T06:55+08:00,2026-09-30T07:25+08:00,2.95,35.26,DATAGEN,CONFIRMED,1.000,v1,,2026-10-05T23:31:33.76537+08:00,2026-10-05T23:31:33.76537+08:00
6150,1,53,12,2026-09-30T08:00+08:00,2026-09-30T08:15+08:00,3.27,35.15,DATAGEN,CONFIRMED,1.000,v1,,2026-10-05T23:25:49.154871+08:00,2026-10-05T23:28:10.908526+08:00
6353,1,54,16,2026-09-30T08:05+08:00,2026-09-30T08:20+08:00,3.00,35.70,DATAGEN,CONFIRMED,1.000,v1,,2026-10-05T23:25:49.295973+08:00,2026-10-05T23:28:10.910411+08:00
6787,1,56,24,2026-09-30T08:15+08:00,2026-09-30T08:45+08:00,3.32,35.07,DATAGEN,CONFIRMED,1.000,v1,,2026-10-05T23:25:49.504474+08:00,2026-10-05T23:28:10.914481+08:00
7821,1,55,20,2026-09-30T08:15+08:00,2026-09-30T08:30+08:00,1.24,35.69,DATAGEN,CONFIRMED,0.965,v1,,2026-10-05T23:31:33.765506+08:00,2026-10-05T23:31:33.765506+08:00
7422,1,59,36,2026-09-30T09:10+08:00,2026-09-30T09:35+08:00,2.93,35.12,DATAGEN,CONFIRMED,1.000,v1,,2026-10-05T23:25:49.796565+08:00,2026-10-05T23:28:10.91642+08:00
5930,1,52,8,2026-09-30T09:30+08:00,2026-09-30T09:55+08:00,2.73,35.72,DATAGEN,CONFIRMED,0.997,v1,,2026-10-05T23:25:49.025282+08:00,2026-10-05T23:28:10.91826+08:00
5992,1,52,8,2026-09-30T09:50+08:00,2026-09-30T09:55+08:00,0.21,35.72,ALGORITHM_CANDIDATE,CONFIRMED,0.780,v1,,2026-10-05T23:25:49.034363+08:00,2026-10-05T23:28:10.920068+08:00
7209,1,58,32,2026-09-30T09:50+08:00,2026-09-30T10:00+08:00,3.05,35.19,DATAGEN,CONFIRMED,1.000,v1,,2026-10-05T23:25:49.699246+08:00,2026-10-05T23:28:10.921894+08:00
7822,1,55,20,2026-09-30T10:05+08:00,2026-09-30T10:25+08:00,2.73,35.30,DATAGEN,CONFIRMED,1.000,v1,,2026-10-05T23:31:33.765638+08:00,2026-10-05T23:31:33.765638+08:00
5729,1,51,4,2026-09-30T10:30+08:00,2026-09-30T10:50+08:00,2.83,35.94,DATAGEN,CONFIRMED,1.000,v1,,2026-10-05T23:25:48.89873+08:00,2026-10-05T23:28:10.925688+08:00
7210,1,58,32,2026-09-30T10:45+08:00,2026-09-30T10:55+08:00,1.82,35.29,DATAGEN,CONFIRMED,1.000,v1,,2026-10-05T23:25:49.699388+08:00,2026-10-05T23:28:10.92758+08:00
5931,1,52,8,2026-09-30T11:10+08:00,2026-09-30T11:40+08:00,3.06,35.08,DATAGEN,CONFIRMED,1.000,v1,,2026-10-05T23:25:49.025465+08:00,2026-10-05T23:28:10.929467+08:00
5993,1,52,8,2026-09-30T11:30+08:00,2026-09-30T11:40+08:00,0.31,35.08,ALGORITHM_CANDIDATE,REJECTED,0.753,v1,,2026-10-05T23:25:49.035383+08:00,2026-10-05T23:28:10.931505+08:00
5730,1,51,4,2026-09-30T12:10+08:00,2026-09-30T12:30+08:00,2.45,35.77,DATAGEN,CONFIRMED,1.000,v1,,2026-10-05T23:25:48.898997+08:00,2026-10-05T23:28:10.933434+08:00
6788,1,56,24,2026-09-30T12:10+08:00,2026-09-30T12:40+08:00,2.75,35.76,DATAGEN,CONFIRMED,0.988,v1,,2026-10-05T23:25:49.504611+08:00,2026-10-05T23:28:10.935445+08:00
7823,1,55,20,2026-09-30T12:15+08:00,2026-09-30T12:40+08:00,2.74,35.42,DATAGEN,CONFIRMED,1.000,v1,,2026-10-05T23:31:33.765761+08:00,2026-10-05T23:31:33.765761+08:00
6852,1,56,24,2026-09-30T12:35+08:00,2026-09-30T12:40+08:00,0.19,35.76,ALGORITHM_CANDIDATE,REJECTED,0.760,v1,,2026-10-05T23:25:49.510646+08:00,2026-10-05T23:28:10.939415+08:00
5932,1,52,8,2026-09-30T12:40+08:00,2026-09-30T12:55+08:00,2.07,35.20,DATAGEN,CONFIRMED,1.000,v1,,2026-10-05T23:25:49.025641+08:00,2026-10-05T23:28:10.941409+08:00
7423,1,59,36,2026-09-30T12:40+08:00,2026-09-30T13:05+08:00,3.47,35.17,DATAGEN,CONFIRMED,1.000,v1,,2026-10-05T23:25:49.796716+08:00,2026-10-05T23:28:10.943368+08:00
7006,1,57,28,2026-09-30T13:00+08:00,2026-09-30T13:15+08:00,3.25,35.51,DATAGEN,CONFIRMED,0.997,v1,,2026-10-05T23:25:49.601575+08:00,2026-10-05T23:28:10.945409+08:00
7211,1,58,32,2026-09-30T13:00+08:00,2026-09-30T13:20+08:00,3.05,35.35,DATAGEN,CONFIRMED,0.998,v1,,2026-10-05T23:25:49.699533+08:00,2026-10-05T23:28:10.947541+08:00
7285,1,58,32,2026-09-30T13:15+08:00,2026-09-30T13:20+08:00,0.16,35.35,ALGORITHM_CANDIDATE,CONFIRMED,0.753,v1,,2026-10-05T23:25:49.708708+08:00,2026-10-05T23:28:10.949626+08:00
7824,1,55,20,2026-09-30T13:40+08:00,2026-09-30T13:55+08:00,2.05,35.63,DATAGEN,CONFIRMED,0.974,v1,,2026-10-05T23:31:33.765891+08:00,2026-10-05T23:31:33.765891+08:00
7887,1,55,20,2026-09-30T13:50+08:00,2026-09-30T13:55+08:00,0.21,35.63,ALGORITHM_CANDIDATE,CONFIRMED,0.758,v1,,2026-10-05T23:31:33.774493+08:00,2026-10-05T23:31:33.774493+08:00
7007,1,57,28,2026-09-30T13:55+08:00,2026-09-30T14:05+08:00,1.80,35.40,DATAGEN,CONFIRMED,1.000,v1,,2026-10-05T23:25:49.601729+08:00,2026-10-05T23:28:10.955291+08:00
6354,1,54,16,2026-09-30T14:00+08:00,2026-09-30T14:10+08:00,2.54,36.24,DATAGEN,CONFIRMED,0.954,v1,,2026-10-05T23:25:49.296191+08:00,2026-10-05T23:28:10.957137+08:00
6223,1,53,12,2026-09-30T14:40+08:00,2026-09-30T15:05+08:00,2.73,36.10,ALGORITHM_CANDIDATE,CONFIRMED,0.720,v1,,2026-10-05T23:25:49.166004+08:00,2026-10-05T23:28:10.958989+08:00
6151,1,53,12,2026-09-30T14:45+08:00,2026-09-30T15:05+08:00,2.27,36.10,DATAGEN,CONFIRMED,0.914,v1,,2026-10-05T23:25:49.155039+08:00,2026-10-05T23:28:10.960936+08:00
7825,1,55,20,2026-09-30T14:45+08:00,2026-09-30T14:55+08:00,1.08,36.05,DATAGEN,CONFIRMED,0.871,v1,,2026-10-05T23:31:33.76602+08:00,2026-10-05T23:31:33.76602+08:00
5731,1,51,4,2026-09-30T15:35+08:00,2026-09-30T15:50+08:00,2.98,36.06,DATAGEN,CONFIRMED,1.000,v1,,2026-10-05T23:25:48.899266+08:00,2026-10-05T23:28:10.964911+08:00
6355,1,54,16,2026-09-30T15:40+08:00,2026-09-30T15:55+08:00,2.70,35.65,DATAGEN,CONFIRMED,1.000,v1,,2026-10-05T23:25:49.296413+08:00,2026-10-05T23:28:10.966951+08:00
6419,1,54,16,2026-09-30T15:50+08:00,2026-09-30T15:55+08:00,0.18,35.65,ALGORITHM_CANDIDATE,CONFIRMED,0.767,v1,,2026-10-05T23:25:49.30694+08:00,2026-10-05T23:28:10.969003+08:00
7286,1,58,32,2026-09-30T15:50+08:00,2026-09-30T16:05+08:00,2.91,35.83,ALGORITHM_CANDIDATE,CONFIRMED,0.703,v1,,2026-10-05T23:25:49.708802+08:00,2026-10-05T23:28:10.973132+08:00
7826,1,55,20,2026-09-30T15:50+08:00,2026-09-30T16:00+08:00,2.05,35.94,DATAGEN,CONFIRMED,0.923,v1,,2026-10-05T23:31:33.76615+08:00,2026-10-05T23:31:33.76615+08:00
6152,1,53,12,2026-09-30T15:55+08:00,2026-09-30T16:10+08:00,1.70,35.97,DATAGEN,CONFIRMED,0.935,v1,,2026-10-05T23:25:49.155205+08:00,2026-10-05T23:28:10.975146+08:00
7212,1,58,32,2026-09-30T15:55+08:00,2026-09-30T16:05+08:00,2.04,35.83,DATAGEN,CONFIRMED,0.918,v1,,2026-10-05T23:25:49.699671+08:00,2026-10-05T23:28:10.977183+08:00
7008,1,57,28,2026-09-30T16:00+08:00,2026-09-30T16:25+08:00,3.41,35.37,DATAGEN,CONFIRMED,1.000,v1,,2026-10-05T23:25:49.601879+08:00,2026-10-05T23:28:10.97915+08:00
6853,1,56,24,2026-09-30T17:00+08:00,2026-09-30T17:25+08:00,3.16,35.82,ALGORITHM_CANDIDATE,CONFIRMED,0.791,v1,,2026-10-05T23:25:49.510735+08:00,2026-10-05T23:28:10.981123+08:00
7213,1,58,32,2026-09-30T17:00+08:00,2026-09-30T17:10+08:00,1.49,35.58,DATAGEN,CONFIRMED,0.960,v1,,2026-10-05T23:25:49.69981+08:00,2026-10-05T23:28:10.983152+08:00
6789,1,56,24,2026-09-30T17:05+08:00,2026-09-30T17:25+08:00,2.50,35.82,DATAGEN,CONFIRMED,0.978,v1,,2026-10-05T23:25:49.504751+08:00,2026-10-05T23:28:10.985189+08:00
5732,1,51,4,2026-09-30T17:30+08:00,2026-09-30T17:50+08:00,2.73,35.90,DATAGEN,CONFIRMED,1.000,v1,,2026-10-05T23:25:48.899536+08:00,2026-10-05T23:28:10.987056+08:00
7214,1,58,32,2026-09-30T18:00+08:00,2026-09-30T18:10+08:00,1.66,35.62,DATAGEN,CONFIRMED,0.953,v1,,2026-10-05T23:25:49.699949+08:00,2026-10-05T23:28:10.988956+08:00
6153,1,53,12,2026-09-30T18:20+08:00,2026-09-30T18:40+08:00,3.07,35.44,DATAGEN,CONFIRMED,1.000,v1,,2026-10-05T23:25:49.155377+08:00,2026-10-05T23:28:10.991043+08:00
6790,1,56,24,2026-09-30T18:20+08:00,2026-09-30T18:40+08:00,2.66,35.10,DATAGEN,CONFIRMED,1.000,v1,,2026-10-05T23:25:49.504869+08:00,2026-10-05T23:28:10.993026+08:00
5933,1,52,8,2026-09-30T19:00+08:00,2026-09-30T19:20+08:00,3.10,35.91,DATAGEN,CONFIRMED,0.965,v1,,2026-10-05T23:25:49.025787+08:00,2026-10-05T23:28:10.995015+08:00
7009,1,57,28,2026-09-30T19:00+08:00,2026-09-30T19:20+08:00,2.94,36.02,DATAGEN,CONFIRMED,0.981,v1,,2026-10-05T23:25:49.602015+08:00,2026-10-05T23:28:10.997076+08:00
7489,1,59,36,2026-09-30T19:15+08:00,2026-09-30T19:35+08:00,2.82,36.19,ALGORITHM_CANDIDATE,CONFIRMED,0.716,v1,,2026-10-05T23:25:49.805043+08:00,2026-10-05T23:28:10.999196+08:00
6154,1,53,12,2026-09-30T19:20+08:00,2026-09-30T19:30+08:00,2.15,35.33,DATAGEN,CONFIRMED,1.000,v1,,2026-10-05T23:25:49.155545+08:00,2026-10-05T23:28:11.001377+08:00
7424,1,59,36,2026-09-30T19:20+08:00,2026-09-30T19:35+08:00,2.11,36.19,DATAGEN,CONFIRMED,0.894,v1,,2026-10-05T23:25:49.796857+08:00,2026-10-05T23:28:11.003594+08:00
6356,1,54,16,2026-09-30T20:05+08:00,2026-09-30T20:20+08:00,2.77,36.38,DATAGEN,CONFIRMED,0.930,v1,,2026-10-05T23:25:49.296605+08:00,2026-10-05T23:28:11.005643+08:00
7425,1,59,36,2026-09-30T20:05+08:00,2026-09-30T20:10+08:00,1.26,36.20,DATAGEN,CONFIRMED,0.892,v1,,2026-10-05T23:25:49.796992+08:00,2026-10-05T23:28:11.00765+08:00
7215,1,58,32,2026-10-01T06:05+08:00,2026-10-01T06:30+08:00,3.04,35.54,DATAGEN,CONFIRMED,0.986,v1,,2026-10-05T23:25:49.700095+08:00,2026-10-05T23:28:11.009635+08:00
7490,1,59,36,2026-10-01T06:15+08:00,2026-10-01T06:40+08:00,3.08,35.40,ALGORITHM_CANDIDATE,CONFIRMED,0.823,v1,,2026-10-05T23:25:49.80513+08:00,2026-10-05T23:28:11.011641+08:00
7426,1,59,36,2026-10-01T06:20+08:00,2026-10-01T06:40+08:00,2.57,35.40,DATAGEN,CONFIRMED,1.000,v1,,2026-10-05T23:25:49.797123+08:00,2026-10-05T23:28:11.013634+08:00
7287,1,58,32,2026-10-01T06:25+08:00,2026-10-01T06:30+08:00,0.18,35.54,ALGORITHM_CANDIDATE,REJECTED,0.752,v1,,2026-10-05T23:25:49.708897+08:00,2026-10-05T23:28:11.015621+08:00
7827,1,55,20,2026-10-01T06:50+08:00,2026-10-01T07:15+08:00,3.35,35.26,DATAGEN,CONFIRMED,1.000,v1,,2026-10-05T23:31:33.766301+08:00,2026-10-05T23:31:33.766301+08:00
5994,1,52,8,2026-10-01T06:55+08:00,2026-10-01T07:30+08:00,3.10,35.25,ALGORITHM_CANDIDATE,CONFIRMED,0.780,v1,,2026-10-05T23:25:49.035588+08:00,2026-10-05T23:28:11.019621+08:00
5934,1,52,8,2026-10-01T07:05+08:00,2026-10-01T07:30+08:00,1.87,35.25,DATAGEN,CONFIRMED,0.988,v1,,2026-10-05T23:25:49.025924+08:00,2026-10-05T23:28:11.02157+08:00
6854,1,56,24,2026-10-01T07:20+08:00,2026-10-01T07:50+08:00,3.26,35.08,ALGORITHM_CANDIDATE,CONFIRMED,0.798,v1,,2026-10-05T23:25:49.510822+08:00,2026-10-05T23:28:11.023423+08:00
6791,1,56,24,2026-10-01T07:30+08:00,2026-10-01T07:50+08:00,1.31,35.08,DATAGEN,CONFIRMED,0.994,v1,,2026-10-05T23:25:49.504965+08:00,2026-10-05T23:28:11.025271+08:00
5935,1,52,8,2026-10-01T07:45+08:00,2026-10-01T07:50+08:00,0.77,35.05,DATAGEN,CONFIRMED,1.000,v1,,2026-10-05T23:25:49.026078+08:00,2026-10-05T23:28:11.027189+08:00
7427,1,59,36,2026-10-01T07:50+08:00,2026-10-01T08:10+08:00,2.06,35.35,DATAGEN,CONFIRMED,1.000,v1,,2026-10-05T23:25:49.797258+08:00,2026-10-05T23:28:11.029163+08:00
7828,1,55,20,2026-10-01T07:55+08:00,2026-10-01T08:05+08:00,0.85,35.67,DATAGEN,CONFIRMED,0.984,v1,,2026-10-05T23:31:33.766438+08:00,2026-10-05T23:31:33.766438+08:00
5936,1,52,8,2026-10-01T08:05+08:00,2026-10-01T08:20+08:00,0.95,35.00,DATAGEN,CONFIRMED,0.883,v1,,2026-10-05T23:25:49.026248+08:00,2026-10-05T23:28:11.033175+08:00
5995,1,52,8,2026-10-01T08:10+08:00,2026-10-01T08:20+08:00,0.56,35.00,ALGORITHM_CANDIDATE,CONFIRMED,0.822,v1,,2026-10-05T23:25:49.035733+08:00,2026-10-05T23:28:11.035138+08:00
7216,1,58,32,2026-10-01T08:10+08:00,2026-10-01T08:35+08:00,2.77,35.15,DATAGEN,CONFIRMED,1.000,v1,,2026-10-05T23:25:49.70023+08:00,2026-10-05T23:28:11.037172+08:00
7288,1,58,32,2026-10-01T08:20+08:00,2026-10-01T08:35+08:00,0.75,35.15,ALGORITHM_CANDIDATE,CONFIRMED,0.806,v1,,2026-10-05T23:25:49.708986+08:00,2026-10-05T23:28:11.039123+08:00
6792,1,56,24,2026-10-01T08:45+08:00,2026-10-01T09:00+08:00,1.70,35.18,DATAGEN,CONFIRMED,0.976,v1,,2026-10-05T23:25:49.505055+08:00,2026-10-05T23:28:11.041092+08:00
7428,1,59,36,2026-10-01T08:45+08:00,2026-10-01T09:05+08:00,1.59,35.00,DATAGEN,REJECTED,0.939,v1,,2026-10-05T23:25:49.797399+08:00,2026-10-05T23:28:11.043224+08:00
7491,1,59,36,2026-10-01T08:50+08:00,2026-10-01T09:05+08:00,0.55,35.00,ALGORITHM_CANDIDATE,REJECTED,0.769,v1,,2026-10-05T23:25:49.805217+08:00,2026-10-05T23:28:11.045275+08:00
5937,1,52,8,2026-10-01T09:25+08:00,2026-10-01T09:40+08:00,1.56,35.32,DATAGEN,CONFIRMED,0.977,v1,,2026-10-05T23:25:49.026397+08:00,2026-10-05T23:28:11.047324+08:00
6793,1,56,24,2026-10-01T09:40+08:00,2026-10-01T09:50+08:00,1.54,35.07,DATAGEN,CONFIRMED,1.000,v1,,2026-10-05T23:25:49.505143+08:00,2026-10-05T23:28:11.049292+08:00
6357,1,54,16,2026-10-01T09:45+08:00,2026-10-01T10:15+08:00,3.56,35.12,DATAGEN,CONFIRMED,1.000,v1,,2026-10-05T23:25:49.296803+08:00,2026-10-05T23:28:11.051303+08:00
7010,1,57,28,2026-10-01T09:45+08:00,2026-10-01T10:05+08:00,3.25,35.23,DATAGEN,CONFIRMED,1.000,v1,,2026-10-05T23:25:49.602156+08:00,2026-10-05T23:28:11.05329+08:00
7429,1,59,36,2026-10-01T09:50+08:00,2026-10-01T10:10+08:00,1.79,35.03,DATAGEN,CONFIRMED,1.000,v1,,2026-10-05T23:25:49.797552+08:00,2026-10-05T23:28:11.057097+08:00
7829,1,55,20,2026-10-01T09:50+08:00,2026-10-01T10:10+08:00,2.57,35.50,DATAGEN,CONFIRMED,1.000,v1,,2026-10-05T23:31:33.76657+08:00,2026-10-05T23:31:33.76657+08:00
5733,1,51,4,2026-10-01T09:55+08:00,2026-10-01T10:20+08:00,3.39,35.28,DATAGEN,CONFIRMED,1.000,v1,,2026-10-05T23:25:48.90002+08:00,2026-10-05T23:28:11.058938+08:00
5938,1,52,8,2026-10-01T09:55+08:00,2026-10-01T10:15+08:00,0.76,35.20,DATAGEN,CONFIRMED,0.985,v1,,2026-10-05T23:25:49.026557+08:00,2026-10-05T23:28:11.060777+08:00
7060,1,57,28,2026-10-01T10:00+08:00,2026-10-01T10:05+08:00,0.27,35.23,ALGORITHM_CANDIDATE,CONFIRMED,0.817,v1,,2026-10-05T23:25:49.608183+08:00,2026-10-05T23:28:11.062759+08:00
7888,1,55,20,2026-10-01T10:05+08:00,2026-10-01T10:10+08:00,0.26,35.50,ALGORITHM_CANDIDATE,CONFIRMED,0.811,v1,,2026-10-05T23:31:33.774634+08:00,2026-10-05T23:31:33.774634+08:00
5996,1,52,8,2026-10-01T10:20+08:00,2026-10-01T10:25+08:00,0.27,35.19,ALGORITHM_CANDIDATE,CONFIRMED,0.815,v1,,2026-10-05T23:25:49.035878+08:00,2026-10-05T23:28:11.06673+08:00
6155,1,53,12,2026-10-01T10:35+08:00,2026-10-01T11:00+08:00,3.51,35.16,DATAGEN,CONFIRMED,1.000,v1,,2026-10-05T23:25:49.155718+08:00,2026-10-05T23:28:11.068751+08:00
6794,1,56,24,2026-10-01T10:55+08:00,2026-10-01T11:05+08:00,2.30,35.02,DATAGEN,CONFIRMED,1.000,v1,,2026-10-05T23:25:49.505231+08:00,2026-10-05T23:28:11.07077+08:00
5939,1,52,8,2026-10-01T11:45+08:00,2026-10-01T12:05+08:00,2.16,35.41,DATAGEN,CONFIRMED,0.962,v1,,2026-10-05T23:25:49.026694+08:00,2026-10-05T23:28:11.07272+08:00
5997,1,52,8,2026-10-01T12:00+08:00,2026-10-01T12:05+08:00,0.15,35.41,ALGORITHM_CANDIDATE,REJECTED,0.712,v1,,2026-10-05T23:25:49.036015+08:00,2026-10-05T23:28:11.074715+08:00
5734,1,51,4,2026-10-01T12:05+08:00,2026-10-01T12:20+08:00,2.65,35.40,DATAGEN,CONFIRMED,1.000,v1,,2026-10-05T23:25:48.900334+08:00,2026-10-05T23:28:11.076647+08:00
6358,1,54,16,2026-10-01T12:05+08:00,2026-10-01T12:20+08:00,2.50,35.34,DATAGEN,CONFIRMED,0.931,v1,,2026-10-05T23:25:49.296997+08:00,2026-10-05T23:28:11.07866+08:00
7217,1,58,32,2026-10-01T12:05+08:00,2026-10-01T12:30+08:00,3.47,35.05,DATAGEN,CONFIRMED,1.000,v1,,2026-10-05T23:25:49.700371+08:00,2026-10-05T23:28:11.080605+08:00
6156,1,53,12,2026-10-01T12:55+08:00,2026-10-01T13:25+08:00,3.23,35.20,DATAGEN,CONFIRMED,1.000,v1,,2026-10-05T23:25:49.155917+08:00,2026-10-05T23:28:11.082632+08:00
7011,1,57,28,2026-10-01T13:20+08:00,2026-10-01T13:35+08:00,3.34,35.18,DATAGEN,CONFIRMED,1.000,v1,,2026-10-05T23:25:49.60231+08:00,2026-10-05T23:28:11.0846+08:00
6795,1,56,24,2026-10-01T13:45+08:00,2026-10-01T14:05+08:00,3.07,35.56,DATAGEN,CONFIRMED,0.947,v1,,2026-10-05T23:25:49.505322+08:00,2026-10-05T23:28:11.086546+08:00
6157,1,53,12,2026-10-01T13:50+08:00,2026-10-01T14:00+08:00,1.13,35.08,DATAGEN,CONFIRMED,1.000,v1,,2026-10-05T23:25:49.156117+08:00,2026-10-05T23:28:11.088575+08:00
6359,1,54,16,2026-10-01T13:50+08:00,2026-10-01T14:20+08:00,2.18,35.94,DATAGEN,CONFIRMED,0.940,v1,,2026-10-05T23:25:49.298074+08:00,2026-10-05T23:28:11.090698+08:00
6224,1,53,12,2026-10-01T13:55+08:00,2026-10-01T14:00+08:00,0.23,35.08,ALGORITHM_CANDIDATE,CONFIRMED,0.794,v1,,2026-10-05T23:25:49.166127+08:00,2026-10-05T23:28:11.092655+08:00
5735,1,51,4,2026-10-01T14:00+08:00,2026-10-01T14:15+08:00,2.30,35.58,DATAGEN,CONFIRMED,1.000,v1,,2026-10-05T23:25:48.900585+08:00,2026-10-05T23:28:11.094656+08:00
7430,1,59,36,2026-10-01T14:00+08:00,2026-10-01T14:20+08:00,2.75,35.82,DATAGEN,CONFIRMED,0.952,v1,,2026-10-05T23:25:49.79769+08:00,2026-10-05T23:28:11.096667+08:00
7889,1,55,20,2026-10-01T14:20+08:00,2026-10-01T14:40+08:00,3.00,35.85,ALGORITHM_CANDIDATE,CONFIRMED,0.790,v1,,2026-10-05T23:31:33.774819+08:00,2026-10-05T23:31:33.774819+08:00
7830,1,55,20,2026-10-01T14:25+08:00,2026-10-01T14:40+08:00,2.35,35.85,DATAGEN,CONFIRMED,0.959,v1,,2026-10-05T23:31:33.766701+08:00,2026-10-05T23:31:33.766701+08:00
5940,1,52,8,2026-10-01T14:30+08:00,2026-10-01T14:50+08:00,2.67,35.80,DATAGEN,CONFIRMED,0.897,v1,,2026-10-05T23:25:49.026831+08:00,2026-10-05T23:28:11.102611+08:00
6360,1,54,16,2026-10-01T14:55+08:00,2026-10-01T15:05+08:00,1.04,36.10,DATAGEN,CONFIRMED,0.914,v1,,2026-10-05T23:25:49.298324+08:00,2026-10-05T23:28:11.104407+08:00
7218,1,58,32,2026-10-01T14:55+08:00,2026-10-01T15:15+08:00,2.30,36.10,DATAGEN,CONFIRMED,0.892,v1,,2026-10-05T23:25:49.700508+08:00,2026-10-05T23:28:11.106394+08:00
7831,1,55,20,2026-10-01T15:25+08:00,2026-10-01T15:35+08:00,1.55,36.12,DATAGEN,CONFIRMED,0.914,v1,,2026-10-05T23:31:33.766829+08:00,2026-10-05T23:31:33.766829+08:00
5941,1,52,8,2026-10-01T15:35+08:00,2026-10-01T15:45+08:00,1.66,35.71,DATAGEN,CONFIRMED,0.912,v1,,2026-10-05T23:25:49.02697+08:00,2026-10-05T23:28:11.110485+08:00
7012,1,57,28,2026-10-01T15:40+08:00,2026-10-01T15:55+08:00,3.01,35.67,DATAGEN,CONFIRMED,1.000,v1,,2026-10-05T23:25:49.602455+08:00,2026-10-05T23:28:11.112668+08:00
6158,1,53,12,2026-10-01T16:15+08:00,2026-10-01T16:35+08:00,2.22,36.02,DATAGEN,CONFIRMED,0.899,v1,,2026-10-05T23:25:49.156315+08:00,2026-10-05T23:28:11.116074+08:00
6361,1,54,16,2026-10-01T16:20+08:00,2026-10-01T16:40+08:00,1.67,36.43,DATAGEN,CONFIRMED,0.859,v1,,2026-10-05T23:25:49.298519+08:00,2026-10-05T23:28:11.118316+08:00
7013,1,57,28,2026-10-01T16:30+08:00,2026-10-01T16:45+08:00,1.30,35.82,DATAGEN,CONFIRMED,0.980,v1,,2026-10-05T23:25:49.602599+08:00,2026-10-05T23:28:11.120414+08:00
7832,1,55,20,2026-10-01T16:55+08:00,2026-10-01T17:15+08:00,2.21,36.04,DATAGEN,CONFIRMED,0.928,v1,,2026-10-05T23:31:33.76696+08:00,2026-10-05T23:31:33.76696+08:00
6159,1,53,12,2026-10-01T17:10+08:00,2026-10-01T17:25+08:00,1.92,35.71,DATAGEN,CONFIRMED,0.951,v1,,2026-10-05T23:25:49.15651+08:00,2026-10-05T23:28:11.12446+08:00
7833,1,55,20,2026-10-01T17:50+08:00,2026-10-01T18:00+08:00,0.88,36.33,DATAGEN,CONFIRMED,0.868,v1,,2026-10-05T23:31:33.76709+08:00,2026-10-05T23:31:33.76709+08:00
7014,1,57,28,2026-10-01T18:00+08:00,2026-10-01T18:10+08:00,1.65,36.20,DATAGEN,CONFIRMED,0.917,v1,,2026-10-05T23:25:49.602739+08:00,2026-10-05T23:28:11.128232+08:00
5799,1,51,4,2026-10-01T18:05+08:00,2026-10-01T18:25+08:00,4.40,35.40,MANUAL_IMPORT,REJECTED,0.856,v1,,2026-10-05T23:25:48.9146+08:00,2026-10-05T23:28:11.130182+08:00
7219,1,58,32,2026-10-01T18:05+08:00,2026-10-01T18:20+08:00,2.53,36.38,DATAGEN,CONFIRMED,0.846,v1,,2026-10-05T23:25:49.700649+08:00,2026-10-05T23:28:11.13205+08:00
6796,1,56,24,2026-10-01T18:10+08:00,2026-10-01T18:25+08:00,3.18,35.79,DATAGEN,CONFIRMED,0.908,v1,,2026-10-05T23:25:49.505409+08:00,2026-10-05T23:28:11.133979+08:00
6160,1,53,12,2026-10-01T18:20+08:00,2026-10-01T18:35+08:00,1.65,36.35,DATAGEN,CONFIRMED,0.844,v1,,2026-10-05T23:25:49.156709+08:00,2026-10-05T23:28:11.135923+08:00
6225,1,53,12,2026-10-01T18:30+08:00,2026-10-01T18:35+08:00,0.25,36.35,ALGORITHM_CANDIDATE,CONFIRMED,0.650,v1,,2026-10-05T23:25:49.166256+08:00,2026-10-05T23:28:11.138026+08:00
6362,1,54,16,2026-10-01T18:45+08:00,2026-10-01T19:10+08:00,2.73,36.08,DATAGEN,CONFIRMED,0.917,v1,,2026-10-05T23:25:49.298728+08:00,2026-10-05T23:28:11.14011+08:00
7220,1,58,32,2026-10-01T19:25+08:00,2026-10-01T19:45+08:00,2.07,36.45,DATAGEN,CONFIRMED,0.834,v1,,2026-10-05T23:25:49.700791+08:00,2026-10-05T23:28:11.14209+08:00
7289,1,58,32,2026-10-01T19:40+08:00,2026-10-01T19:45+08:00,0.26,36.45,ALGORITHM_CANDIDATE,REJECTED,0.645,v1,,2026-10-05T23:25:49.709076+08:00,2026-10-05T23:28:11.144064+08:00
5942,1,52,8,2026-10-01T20:20+08:00,2026-10-01T20:45+08:00,3.11,36.00,DATAGEN,CONFIRMED,0.863,v1,,2026-10-05T23:25:49.027101+08:00,2026-10-05T23:28:11.14604+08:00
6797,1,56,24,2026-10-01T20:20+08:00,2026-10-01T20:30+08:00,2.73,35.88,DATAGEN,CONFIRMED,0.893,v1,,2026-10-05T23:25:49.505499+08:00,2026-10-05T23:28:11.148017+08:00
5998,1,52,8,2026-10-01T20:40+08:00,2026-10-01T20:45+08:00,0.16,36.00,ALGORITHM_CANDIDATE,REJECTED,0.619,v1,,2026-10-05T23:25:49.036147+08:00,2026-10-05T23:28:11.150008+08:00
6161,1,53,12,2026-10-01T20:45+08:00,2026-10-01T21:00+08:00,3.39,35.65,DATAGEN,CONFIRMED,0.961,v1,,2026-10-05T23:25:49.156908+08:00,2026-10-05T23:28:11.151988+08:00
6855,1,56,24,2026-10-02T06:10+08:00,2026-10-02T06:20+08:00,1.97,35.35,ALGORITHM_CANDIDATE,CONFIRMED,0.755,v1,,2026-10-05T23:25:49.510909+08:00,2026-10-05T23:28:11.153993+08:00
7061,1,57,28,2026-10-02T06:10+08:00,2026-10-02T06:30+08:00,3.24,35.36,ALGORITHM_CANDIDATE,CONFIRMED,0.818,v1,,2026-10-05T23:25:49.608279+08:00,2026-10-05T23:28:11.155975+08:00
6798,1,56,24,2026-10-02T06:15+08:00,2026-10-02T06:20+08:00,0.72,35.35,DATAGEN,CONFIRMED,0.942,v1,,2026-10-05T23:25:49.505587+08:00,2026-10-05T23:28:11.15803+08:00
7015,1,57,28,2026-10-02T06:15+08:00,2026-10-02T06:30+08:00,2.34,35.36,DATAGEN,CONFIRMED,0.993,v1,,2026-10-05T23:25:49.602885+08:00,2026-10-05T23:28:11.160075+08:00
7062,1,57,28,2026-10-02T06:35+08:00,2026-10-02T06:40+08:00,0.26,35.34,ALGORITHM_CANDIDATE,CONFIRMED,0.807,v1,,2026-10-05T23:25:49.608368+08:00,2026-10-05T23:28:11.163842+08:00
7834,1,55,20,2026-10-02T06:35+08:00,2026-10-02T07:00+08:00,2.92,35.67,DATAGEN,CONFIRMED,0.966,v1,,2026-10-05T23:31:33.767214+08:00,2026-10-05T23:31:33.767214+08:00
6799,1,56,24,2026-10-02T06:45+08:00,2026-10-02T06:50+08:00,1.20,35.04,DATAGEN,CONFIRMED,1.000,v1,,2026-10-05T23:25:49.505681+08:00,2026-10-05T23:28:11.165665+08:00
7890,1,55,20,2026-10-02T06:50+08:00,2026-10-02T07:00+08:00,0.24,35.67,ALGORITHM_CANDIDATE,CONFIRMED,0.727,v1,,2026-10-05T23:31:33.775045+08:00,2026-10-05T23:31:33.775045+08:00
7431,1,59,36,2026-10-02T07:00+08:00,2026-10-02T07:30+08:00,3.33,35.10,DATAGEN,CONFIRMED,0.929,v1,,2026-10-05T23:25:49.797835+08:00,2026-10-05T23:28:11.169397+08:00
6420,1,54,16,2026-10-02T07:10+08:00,2026-10-02T07:30+08:00,3.22,35.40,ALGORITHM_CANDIDATE,CONFIRMED,0.789,v1,,2026-10-05T23:25:49.307075+08:00,2026-10-05T23:28:11.171414+08:00
7016,1,57,28,2026-10-02T07:10+08:00,2026-10-02T07:20+08:00,1.20,35.23,DATAGEN,CONFIRMED,1.000,v1,,2026-10-05T23:25:49.603036+08:00,2026-10-05T23:28:11.173374+08:00
7492,1,59,36,2026-10-02T07:10+08:00,2026-10-02T07:30+08:00,0.96,35.10,ALGORITHM_CANDIDATE,CONFIRMED,0.800,v1,,2026-10-05T23:25:49.805304+08:00,2026-10-05T23:28:11.175375+08:00
6363,1,54,16,2026-10-02T07:20+08:00,2026-10-02T07:30+08:00,1.60,35.40,DATAGEN,CONFIRMED,1.000,v1,,2026-10-05T23:25:49.29893+08:00,2026-10-05T23:28:11.177339+08:00
6800,1,56,24,2026-10-02T07:20+08:00,2026-10-02T07:35+08:00,0.94,35.04,DATAGEN,CONFIRMED,0.906,v1,,2026-10-05T23:25:49.50578+08:00,2026-10-05T23:28:11.17937+08:00
5943,1,52,8,2026-10-02T07:25+08:00,2026-10-02T07:40+08:00,3.31,35.16,DATAGEN,CONFIRMED,1.000,v1,,2026-10-05T23:25:49.027229+08:00,2026-10-05T23:28:11.181296+08:00
6856,1,56,24,2026-10-02T07:25+08:00,2026-10-02T07:35+08:00,0.51,35.04,ALGORITHM_CANDIDATE,CONFIRMED,0.808,v1,,2026-10-05T23:25:49.510995+08:00,2026-10-05T23:28:11.183188+08:00
5795,1,51,4,2026-10-02T07:35+08:00,2026-10-02T07:50+08:00,2.78,35.81,ALGORITHM_CANDIDATE,CONFIRMED,0.815,v1,,2026-10-05T23:25:48.913952+08:00,2026-10-05T23:28:11.185227+08:00
5736,1,51,4,2026-10-02T07:45+08:00,2026-10-02T07:50+08:00,1.34,35.81,DATAGEN,CONFIRMED,0.974,v1,,2026-10-05T23:25:48.900812+08:00,2026-10-05T23:28:11.18722+08:00
7432,1,59,36,2026-10-02T07:50+08:00,2026-10-02T07:55+08:00,0.65,35.39,DATAGEN,CONFIRMED,0.979,v1,,2026-10-05T23:25:49.797975+08:00,2026-10-05T23:28:11.189189+08:00
6226,1,53,12,2026-10-02T07:55+08:00,2026-10-02T08:15+08:00,3.09,35.36,ALGORITHM_CANDIDATE,CONFIRMED,0.820,v1,,2026-10-05T23:25:49.166378+08:00,2026-10-05T23:28:11.191158+08:00
6801,1,56,24,2026-10-02T07:55+08:00,2026-10-02T08:00+08:00,0.58,35.15,DATAGEN,CONFIRMED,0.989,v1,,2026-10-05T23:25:49.505874+08:00,2026-10-05T23:28:11.193307+08:00
6162,1,53,12,2026-10-02T08:00+08:00,2026-10-02T08:15+08:00,2.45,35.36,DATAGEN,CONFIRMED,1.000,v1,,2026-10-05T23:25:49.15712+08:00,2026-10-05T23:28:11.195186+08:00
6364,1,54,16,2026-10-02T08:25+08:00,2026-10-02T08:35+08:00,2.02,35.03,DATAGEN,CONFIRMED,1.000,v1,,2026-10-05T23:25:49.299126+08:00,2026-10-05T23:28:11.197082+08:00
6802,1,56,24,2026-10-02T08:45+08:00,2026-10-02T09:10+08:00,1.59,35.26,DATAGEN,CONFIRMED,0.996,v1,,2026-10-05T23:25:49.505971+08:00,2026-10-05T23:28:11.198947+08:00
7221,1,58,32,2026-10-02T08:45+08:00,2026-10-02T09:05+08:00,3.03,35.38,DATAGEN,CONFIRMED,1.000,v1,,2026-10-05T23:25:49.700933+08:00,2026-10-05T23:28:11.200874+08:00
5737,1,51,4,2026-10-02T08:55+08:00,2026-10-02T09:10+08:00,1.95,35.59,DATAGEN,CONFIRMED,1.000,v1,,2026-10-05T23:25:48.901025+08:00,2026-10-05T23:28:11.202934+08:00
6365,1,54,16,2026-10-02T08:55+08:00,2026-10-02T09:00+08:00,1.00,35.00,DATAGEN,CONFIRMED,1.000,v1,,2026-10-05T23:25:49.299316+08:00,2026-10-05T23:28:11.204945+08:00
6163,1,53,12,2026-10-02T09:00+08:00,2026-10-02T09:10+08:00,1.24,35.69,DATAGEN,CONFIRMED,0.963,v1,,2026-10-05T23:25:49.157315+08:00,2026-10-05T23:28:11.206963+08:00
6803,1,56,24,2026-10-02T09:40+08:00,2026-10-02T09:50+08:00,1.33,35.14,DATAGEN,CONFIRMED,1.000,v1,,2026-10-05T23:25:49.50606+08:00,2026-10-05T23:28:11.208932+08:00
7433,1,59,36,2026-10-02T09:40+08:00,2026-10-02T10:10+08:00,2.57,35.31,DATAGEN,CONFIRMED,0.992,v1,,2026-10-05T23:25:49.798123+08:00,2026-10-05T23:28:11.210924+08:00
7835,1,55,20,2026-10-02T10:05+08:00,2026-10-02T10:35+08:00,3.14,35.27,DATAGEN,CONFIRMED,1.000,v1,,2026-10-05T23:31:33.767337+08:00,2026-10-05T23:31:33.767337+08:00
6164,1,53,12,2026-10-02T10:25+08:00,2026-10-02T10:45+08:00,1.93,35.67,DATAGEN,CONFIRMED,0.966,v1,,2026-10-05T23:25:49.157514+08:00,2026-10-05T23:28:11.214933+08:00
7891,1,55,20,2026-10-02T10:30+08:00,2026-10-02T10:35+08:00,0.17,35.27,ALGORITHM_CANDIDATE,REJECTED,0.761,v1,,2026-10-05T23:31:33.77517+08:00,2026-10-05T23:31:33.77517+08:00
6227,1,53,12,2026-10-02T10:40+08:00,2026-10-02T10:45+08:00,0.28,35.67,ALGORITHM_CANDIDATE,REJECTED,0.788,v1,,2026-10-05T23:25:49.166516+08:00,2026-10-05T23:28:11.21891+08:00
7434,1,59,36,2026-10-02T10:50+08:00,2026-10-02T11:05+08:00,1.87,35.44,DATAGEN,CONFIRMED,0.970,v1,,2026-10-05T23:25:49.798272+08:00,2026-10-05T23:28:11.220936+08:00
5738,1,51,4,2026-10-02T11:00+08:00,2026-10-02T11:15+08:00,2.43,35.76,DATAGEN,CONFIRMED,0.969,v1,,2026-10-05T23:25:48.901241+08:00,2026-10-05T23:28:11.222913+08:00
7017,1,57,28,2026-10-02T11:00+08:00,2026-10-02T11:35+08:00,3.47,35.02,DATAGEN,CONFIRMED,1.000,v1,,2026-10-05T23:25:49.603187+08:00,2026-10-05T23:28:11.226729+08:00
6165,1,53,12,2026-10-02T11:10+08:00,2026-10-02T11:20+08:00,1.21,35.31,DATAGEN,CONFIRMED,1.000,v1,,2026-10-05T23:25:49.157714+08:00,2026-10-05T23:28:11.228785+08:00
7435,1,59,36,2026-10-02T11:15+08:00,2026-10-02T11:20+08:00,0.66,35.27,DATAGEN,CONFIRMED,0.999,v1,,2026-10-05T23:25:49.798429+08:00,2026-10-05T23:28:11.23068+08:00
7063,1,57,28,2026-10-02T11:25+08:00,2026-10-02T11:35+08:00,0.50,35.02,ALGORITHM_CANDIDATE,CONFIRMED,0.811,v1,,2026-10-05T23:25:49.608462+08:00,2026-10-05T23:28:11.234658+08:00
7836,1,55,20,2026-10-02T11:25+08:00,2026-10-02T11:40+08:00,1.97,35.46,DATAGEN,CONFIRMED,1.000,v1,,2026-10-05T23:31:33.767466+08:00,2026-10-05T23:31:33.767466+08:00
7436,1,59,36,2026-10-02T12:25+08:00,2026-10-02T12:35+08:00,2.02,35.32,DATAGEN,CONFIRMED,0.990,v1,,2026-10-05T23:25:49.798588+08:00,2026-10-05T23:28:11.23685+08:00
7222,1,58,32,2026-10-02T12:40+08:00,2026-10-02T13:05+08:00,3.28,35.24,DATAGEN,CONFIRMED,0.967,v1,,2026-10-05T23:25:49.701078+08:00,2026-10-05T23:28:11.238864+08:00
5999,1,52,8,2026-10-02T12:45+08:00,2026-10-02T13:15+08:00,3.48,35.20,ALGORITHM_CANDIDATE,CONFIRMED,0.827,v1,,2026-10-05T23:25:49.036273+08:00,2026-10-05T23:28:11.240873+08:00
5739,1,51,4,2026-10-02T12:50+08:00,2026-10-02T13:10+08:00,1.99,36.14,DATAGEN,CONFIRMED,0.952,v1,,2026-10-05T23:25:48.901461+08:00,2026-10-05T23:28:11.24291+08:00
5944,1,52,8,2026-10-02T12:50+08:00,2026-10-02T13:15+08:00,3.15,35.20,DATAGEN,CONFIRMED,0.937,v1,,2026-10-05T23:25:49.027362+08:00,2026-10-05T23:28:11.244917+08:00
6166,1,53,12,2026-10-02T12:50+08:00,2026-10-02T13:15+08:00,2.72,35.51,DATAGEN,CONFIRMED,0.993,v1,,2026-10-05T23:25:49.157914+08:00,2026-10-05T23:28:11.246939+08:00
7437,1,59,36,2026-10-02T13:10+08:00,2026-10-02T13:15+08:00,1.10,35.19,DATAGEN,CONFIRMED,1.000,v1,,2026-10-05T23:25:49.79872+08:00,2026-10-05T23:28:11.248918+08:00
6421,1,54,16,2026-10-02T13:35+08:00,2026-10-02T13:55+08:00,2.61,36.28,ALGORITHM_CANDIDATE,CONFIRMED,0.671,v1,,2026-10-05T23:25:49.307209+08:00,2026-10-05T23:28:11.250897+08:00
6366,1,54,16,2026-10-02T13:45+08:00,2026-10-02T13:55+08:00,1.44,36.28,DATAGEN,CONFIRMED,0.868,v1,,2026-10-05T23:25:49.299516+08:00,2026-10-05T23:28:11.252924+08:00
6367,1,54,16,2026-10-02T14:05+08:00,2026-10-02T14:15+08:00,1.26,35.61,DATAGEN,CONFIRMED,0.980,v1,,2026-10-05T23:25:49.299711+08:00,2026-10-05T23:28:11.254901+08:00
6422,1,54,16,2026-10-02T14:10+08:00,2026-10-02T14:15+08:00,0.21,35.61,ALGORITHM_CANDIDATE,CONFIRMED,0.763,v1,,2026-10-05T23:25:49.307344+08:00,2026-10-05T23:28:11.256873+08:00
6804,1,56,24,2026-10-02T14:25+08:00,2026-10-02T14:50+08:00,3.29,35.26,DATAGEN,CONFIRMED,0.996,v1,,2026-10-05T23:25:49.50615+08:00,2026-10-05T23:28:11.258886+08:00
6368,1,54,16,2026-10-02T14:30+08:00,2026-10-02T14:40+08:00,1.29,35.26,DATAGEN,CONFIRMED,1.000,v1,,2026-10-05T23:25:49.299921+08:00,2026-10-05T23:28:11.260866+08:00
5945,1,52,8,2026-10-02T14:35+08:00,2026-10-02T14:45+08:00,1.81,35.73,DATAGEN,CONFIRMED,0.924,v1,,2026-10-05T23:25:49.027492+08:00,2026-10-05T23:28:11.262883+08:00
7018,1,57,28,2026-10-02T14:35+08:00,2026-10-02T14:50+08:00,2.52,36.05,DATAGEN,CONFIRMED,0.878,v1,,2026-10-05T23:25:49.603326+08:00,2026-10-05T23:28:11.265005+08:00
7438,1,59,36,2026-10-02T14:40+08:00,2026-10-02T14:50+08:00,2.02,36.06,DATAGEN,CONFIRMED,0.867,v1,,2026-10-05T23:25:49.798863+08:00,2026-10-05T23:28:11.267037+08:00
6857,1,56,24,2026-10-02T15:00+08:00,2026-10-02T15:10+08:00,0.54,35.17,ALGORITHM_CANDIDATE,CONFIRMED,0.817,v1,,2026-10-05T23:25:49.511089+08:00,2026-10-05T23:28:11.269053+08:00
7439,1,59,36,2026-10-02T15:00+08:00,2026-10-02T15:05+08:00,0.76,35.73,DATAGEN,CONFIRMED,0.922,v1,,2026-10-05T23:25:49.798998+08:00,2026-10-05T23:28:11.271079+08:00
7223,1,58,32,2026-10-02T15:20+08:00,2026-10-02T15:35+08:00,2.25,36.11,DATAGEN,CONFIRMED,0.926,v1,,2026-10-05T23:25:49.701219+08:00,2026-10-05T23:28:11.273082+08:00
6805,1,56,24,2026-10-02T15:25+08:00,2026-10-02T15:30+08:00,0.69,35.17,DATAGEN,CONFIRMED,1.000,v1,,2026-10-05T23:25:49.506238+08:00,2026-10-05T23:28:11.275299+08:00
5946,1,52,8,2026-10-02T16:05+08:00,2026-10-02T16:15+08:00,1.87,36.04,DATAGEN,CONFIRMED,0.841,v1,,2026-10-05T23:25:49.02762+08:00,2026-10-05T23:28:11.277745+08:00
7892,1,55,20,2026-10-02T16:15+08:00,2026-10-02T16:30+08:00,2.88,36.00,ALGORITHM_CANDIDATE,CONFIRMED,0.724,v1,,2026-10-05T23:31:33.775296+08:00,2026-10-05T23:31:33.775296+08:00
7837,1,55,20,2026-10-02T16:20+08:00,2026-10-02T16:30+08:00,2.35,36.00,DATAGEN,CONFIRMED,0.911,v1,,2026-10-05T23:31:33.767597+08:00,2026-10-05T23:31:33.767597+08:00
7440,1,59,36,2026-10-02T16:30+08:00,2026-10-02T16:45+08:00,2.23,35.81,DATAGEN,CONFIRMED,0.909,v1,,2026-10-05T23:25:49.799171+08:00,2026-10-05T23:28:11.283355+08:00
6369,1,54,16,2026-10-02T16:35+08:00,2026-10-02T16:50+08:00,2.07,36.29,DATAGEN,CONFIRMED,0.866,v1,,2026-10-05T23:25:49.300105+08:00,2026-10-05T23:28:11.285318+08:00
7493,1,59,36,2026-10-02T16:40+08:00,2026-10-02T16:45+08:00,0.18,35.81,ALGORITHM_CANDIDATE,CONFIRMED,0.675,v1,,2026-10-05T23:25:49.805391+08:00,2026-10-05T23:28:11.287548+08:00
7224,1,58,32,2026-10-02T16:55+08:00,2026-10-02T17:10+08:00,2.31,36.29,DATAGEN,CONFIRMED,0.896,v1,,2026-10-05T23:25:49.70136+08:00,2026-10-05T23:28:11.291168+08:00
7838,1,55,20,2026-10-02T17:15+08:00,2026-10-02T17:25+08:00,1.72,35.85,DATAGEN,CONFIRMED,0.936,v1,,2026-10-05T23:31:33.767725+08:00,2026-10-05T23:31:33.767725+08:00
7893,1,55,20,2026-10-02T17:20+08:00,2026-10-02T17:25+08:00,0.28,35.85,ALGORITHM_CANDIDATE,CONFIRMED,0.758,v1,,2026-10-05T23:31:33.775418+08:00,2026-10-05T23:31:33.775418+08:00
5947,1,52,8,2026-10-02T17:40+08:00,2026-10-02T17:55+08:00,2.35,35.70,DATAGEN,CONFIRMED,0.975,v1,,2026-10-05T23:25:49.027766+08:00,2026-10-05T23:28:11.301294+08:00
6370,1,54,16,2026-10-02T18:35+08:00,2026-10-02T18:55+08:00,2.29,36.21,DATAGEN,CONFIRMED,0.880,v1,,2026-10-05T23:25:49.30024+08:00,2026-10-05T23:28:11.303732+08:00
7064,1,57,28,2026-10-02T18:35+08:00,2026-10-02T18:50+08:00,2.32,36.50,ALGORITHM_CANDIDATE,CONFIRMED,0.566,v1,,2026-10-05T23:25:49.608558+08:00,2026-10-05T23:28:11.305814+08:00
6167,1,53,12,2026-10-02T18:50+08:00,2026-10-02T19:10+08:00,3.46,35.54,DATAGEN,CONFIRMED,0.988,v1,,2026-10-05T23:25:49.158108+08:00,2026-10-05T23:28:11.307903+08:00
6423,1,54,16,2026-10-02T18:50+08:00,2026-10-02T18:55+08:00,0.19,36.21,ALGORITHM_CANDIDATE,CONFIRMED,0.652,v1,,2026-10-05T23:25:49.307478+08:00,2026-10-05T23:28:11.30995+08:00
7839,1,55,20,2026-10-02T19:25+08:00,2026-10-02T19:45+08:00,2.95,35.59,DATAGEN,CONFIRMED,0.979,v1,,2026-10-05T23:31:33.767857+08:00,2026-10-05T23:31:33.767857+08:00
7019,1,57,28,2026-10-02T19:30+08:00,2026-10-02T19:35+08:00,1.08,36.28,DATAGEN,CONFIRMED,0.751,v1,,2026-10-05T23:25:49.603468+08:00,2026-10-05T23:28:11.314068+08:00
7020,1,57,28,2026-10-02T19:45+08:00,2026-10-02T19:50+08:00,0.38,36.16,DATAGEN,CONFIRMED,0.737,v1,,2026-10-05T23:25:49.603613+08:00,2026-10-05T23:28:11.316131+08:00
7021,1,57,28,2026-10-02T20:10+08:00,2026-10-02T20:20+08:00,1.26,35.69,DATAGEN,CONFIRMED,0.938,v1,,2026-10-05T23:25:49.603759+08:00,2026-10-05T23:28:11.31812+08:00
7225,1,58,32,2026-10-02T20:20+08:00,2026-10-02T20:35+08:00,2.45,36.50,DATAGEN,CONFIRMED,0.841,v1,,2026-10-05T23:25:49.701501+08:00,2026-10-05T23:28:11.320174+08:00
6168,1,53,12,2026-10-02T20:35+08:00,2026-10-02T20:50+08:00,2.30,36.04,DATAGEN,CONFIRMED,0.904,v1,,2026-10-05T23:25:49.158307+08:00,2026-10-05T23:28:11.322814+08:00
7022,1,57,28,2026-10-02T20:35+08:00,2026-10-02T20:40+08:00,0.60,35.66,DATAGEN,CONFIRMED,0.943,v1,,2026-10-05T23:25:49.603911+08:00,2026-10-05T23:28:11.325767+08:00
5740,1,51,4,2026-10-02T20:40+08:00,2026-10-02T21:05+08:00,2.73,36.52,DATAGEN,CONFIRMED,0.889,v1,,2026-10-05T23:25:48.901734+08:00,2026-10-05T23:28:11.328256+08:00
5948,1,52,8,2026-10-03T06:10+08:00,2026-10-03T06:30+08:00,3.26,35.35,DATAGEN,CONFIRMED,0.997,v1,,2026-10-05T23:25:49.027921+08:00,2026-10-05T23:28:11.330564+08:00
7290,1,58,32,2026-10-03T07:00+08:00,2026-10-03T07:10+08:00,3.13,35.41,ALGORITHM_CANDIDATE,CONFIRMED,0.787,v1,,2026-10-05T23:25:49.709165+08:00,2026-10-05T23:28:11.332944+08:00
6806,1,56,24,2026-10-03T07:05+08:00,2026-10-03T07:30+08:00,3.20,35.06,DATAGEN,CONFIRMED,0.962,v1,,2026-10-05T23:25:49.506323+08:00,2026-10-05T23:28:11.335373+08:00
7226,1,58,32,2026-10-03T07:05+08:00,2026-10-03T07:10+08:00,1.60,35.41,DATAGEN,CONFIRMED,0.920,v1,,2026-10-05T23:25:49.701641+08:00,2026-10-05T23:28:11.337792+08:00
7227,1,58,32,2026-10-03T07:55+08:00,2026-10-03T08:15+08:00,2.11,35.14,DATAGEN,CONFIRMED,1.000,v1,,2026-10-05T23:25:49.701774+08:00,2026-10-05T23:28:11.339681+08:00
5741,1,51,4,2026-10-03T08:05+08:00,2026-10-03T08:35+08:00,3.63,35.13,DATAGEN,CONFIRMED,1.000,v1,,2026-10-05T23:25:48.901998+08:00,2026-10-05T23:28:11.341664+08:00
6371,1,54,16,2026-10-03T08:05+08:00,2026-10-03T08:30+08:00,3.41,35.36,DATAGEN,CONFIRMED,1.000,v1,,2026-10-05T23:25:49.300384+08:00,2026-10-05T23:28:11.343726+08:00
7291,1,58,32,2026-10-03T08:05+08:00,2026-10-03T08:15+08:00,0.56,35.14,ALGORITHM_CANDIDATE,REJECTED,0.822,v1,,2026-10-05T23:25:49.709258+08:00,2026-10-05T23:28:11.345788+08:00
7494,1,59,36,2026-10-03T08:20+08:00,2026-10-03T08:45+08:00,3.11,35.34,ALGORITHM_CANDIDATE,CONFIRMED,0.750,v1,,2026-10-05T23:25:49.805477+08:00,2026-10-05T23:28:11.347849+08:00
5796,1,51,4,2026-10-03T08:25+08:00,2026-10-03T08:35+08:00,0.41,35.13,ALGORITHM_CANDIDATE,REJECTED,0.781,v1,,2026-10-05T23:25:48.914105+08:00,2026-10-05T23:28:11.349876+08:00
7023,1,57,28,2026-10-03T08:25+08:00,2026-10-03T08:50+08:00,3.52,35.01,DATAGEN,CONFIRMED,1.000,v1,,2026-10-05T23:25:49.60405+08:00,2026-10-05T23:28:11.351923+08:00
7441,1,59,36,2026-10-03T08:30+08:00,2026-10-03T08:45+08:00,1.73,35.34,DATAGEN,CONFIRMED,0.971,v1,,2026-10-05T23:25:49.799321+08:00,2026-10-05T23:28:11.35401+08:00
7840,1,55,20,2026-10-03T08:40+08:00,2026-10-03T09:00+08:00,3.26,35.26,DATAGEN,CONFIRMED,1.000,v1,,2026-10-05T23:31:33.767985+08:00,2026-10-05T23:31:33.767985+08:00
6372,1,54,16,2026-10-03T09:05+08:00,2026-10-03T09:15+08:00,1.58,35.42,DATAGEN,CONFIRMED,1.000,v1,,2026-10-05T23:25:49.300524+08:00,2026-10-05T23:28:11.358142+08:00
7442,1,59,36,2026-10-03T09:25+08:00,2026-10-03T09:45+08:00,1.65,35.10,DATAGEN,CONFIRMED,1.000,v1,,2026-10-05T23:25:49.799456+08:00,2026-10-05T23:28:11.3602+08:00
7228,1,58,32,2026-10-03T09:50+08:00,2026-10-03T10:05+08:00,1.89,35.65,DATAGEN,CONFIRMED,0.940,v1,,2026-10-05T23:25:49.701915+08:00,2026-10-05T23:28:11.362207+08:00
7443,1,59,36,2026-10-03T10:35+08:00,2026-10-03T10:45+08:00,1.40,35.41,DATAGEN,CONFIRMED,0.959,v1,,2026-10-05T23:25:49.799589+08:00,2026-10-05T23:28:11.364234+08:00
6373,1,54,16,2026-10-03T10:40+08:00,2026-10-03T10:55+08:00,2.67,35.26,DATAGEN,CONFIRMED,1.000,v1,,2026-10-05T23:25:49.300661+08:00,2026-10-05T23:28:11.366339+08:00
7841,1,55,20,2026-10-03T11:05+08:00,2026-10-03T11:15+08:00,2.13,35.84,DATAGEN,CONFIRMED,1.000,v1,,2026-10-05T23:31:33.768114+08:00,2026-10-05T23:31:33.768114+08:00
6169,1,53,12,2026-10-03T11:10+08:00,2026-10-03T11:30+08:00,3.16,35.40,DATAGEN,CONFIRMED,1.000,v1,,2026-10-05T23:25:49.158504+08:00,2026-10-05T23:28:11.370406+08:00
5949,1,52,8,2026-10-03T11:35+08:00,2026-10-03T11:55+08:00,2.52,35.91,DATAGEN,CONFIRMED,0.932,v1,,2026-10-05T23:25:49.028066+08:00,2026-10-05T23:28:11.372304+08:00
5742,1,51,4,2026-10-03T11:55+08:00,2026-10-03T12:15+08:00,2.99,35.73,DATAGEN,CONFIRMED,0.990,v1,,2026-10-05T23:25:48.902263+08:00,2026-10-05T23:28:11.374194+08:00
7842,1,55,20,2026-10-03T12:20+08:00,2026-10-03T12:30+08:00,2.29,35.80,DATAGEN,CONFIRMED,1.000,v1,,2026-10-05T23:31:33.76824+08:00,2026-10-05T23:31:33.76824+08:00
6374,1,54,16,2026-10-03T12:30+08:00,2026-10-03T12:50+08:00,2.78,35.51,DATAGEN,CONFIRMED,0.987,v1,,2026-10-05T23:25:49.300798+08:00,2026-10-05T23:28:11.378384+08:00
7495,1,59,36,2026-10-03T12:45+08:00,2026-10-03T13:05+08:00,2.90,35.27,ALGORITHM_CANDIDATE,CONFIRMED,0.790,v1,,2026-10-05T23:25:49.805563+08:00,2026-10-05T23:28:11.380408+08:00
7444,1,59,36,2026-10-03T12:55+08:00,2026-10-03T13:05+08:00,1.38,35.27,DATAGEN,CONFIRMED,0.944,v1,,2026-10-05T23:25:49.799726+08:00,2026-10-05T23:28:11.382482+08:00
7229,1,58,32,2026-10-03T13:00+08:00,2026-10-03T13:15+08:00,2.92,35.59,DATAGEN,CONFIRMED,0.950,v1,,2026-10-05T23:25:49.702053+08:00,2026-10-05T23:28:11.384511+08:00
5743,1,51,4,2026-10-03T13:45+08:00,2026-10-03T14:00+08:00,2.31,35.80,DATAGEN,CONFIRMED,0.978,v1,,2026-10-05T23:25:48.902546+08:00,2026-10-05T23:28:11.386545+08:00
7230,1,58,32,2026-10-03T13:45+08:00,2026-10-03T13:55+08:00,1.31,35.35,DATAGEN,CONFIRMED,0.990,v1,,2026-10-05T23:25:49.702192+08:00,2026-10-05T23:28:11.388557+08:00
7445,1,59,36,2026-10-03T13:45+08:00,2026-10-03T13:55+08:00,1.23,35.22,DATAGEN,CONFIRMED,0.991,v1,,2026-10-05T23:25:49.799862+08:00,2026-10-05T23:28:11.390611+08:00
7024,1,57,28,2026-10-03T13:50+08:00,2026-10-03T14:10+08:00,2.46,36.29,DATAGEN,CONFIRMED,0.919,v1,,2026-10-05T23:25:49.604197+08:00,2026-10-05T23:28:11.392612+08:00
7065,1,57,28,2026-10-03T14:05+08:00,2026-10-03T14:10+08:00,0.24,36.29,ALGORITHM_CANDIDATE,CONFIRMED,0.719,v1,,2026-10-05T23:25:49.608648+08:00,2026-10-05T23:28:11.394623+08:00
6170,1,53,12,2026-10-03T14:25+08:00,2026-10-03T14:45+08:00,3.19,35.22,DATAGEN,CONFIRMED,1.000,v1,,2026-10-05T23:25:49.158698+08:00,2026-10-05T23:28:11.396664+08:00
6000,1,52,8,2026-10-03T14:35+08:00,2026-10-03T15:00+08:00,3.44,35.23,ALGORITHM_CANDIDATE,CONFIRMED,0.820,v1,,2026-10-05T23:25:49.0364+08:00,2026-10-05T23:28:11.3987+08:00
5950,1,52,8,2026-10-03T14:40+08:00,2026-10-03T15:00+08:00,3.06,35.23,DATAGEN,CONFIRMED,1.000,v1,,2026-10-05T23:25:49.028203+08:00,2026-10-05T23:28:11.400686+08:00
7446,1,59,36,2026-10-03T14:40+08:00,2026-10-03T14:45+08:00,0.86,35.83,DATAGEN,CONFIRMED,0.889,v1,,2026-10-05T23:25:49.799999+08:00,2026-10-05T23:28:11.40288+08:00
7231,1,58,32,2026-10-03T15:05+08:00,2026-10-03T15:20+08:00,2.11,35.91,DATAGEN,CONFIRMED,0.897,v1,,2026-10-05T23:25:49.702336+08:00,2026-10-05T23:28:11.404959+08:00
6807,1,56,24,2026-10-03T15:15+08:00,2026-10-03T15:35+08:00,2.79,35.94,DATAGEN,CONFIRMED,0.973,v1,,2026-10-05T23:25:49.50641+08:00,2026-10-05T23:28:11.406783+08:00
6424,1,54,16,2026-10-03T15:35+08:00,2026-10-03T16:00+08:00,3.27,35.72,ALGORITHM_CANDIDATE,CONFIRMED,0.772,v1,,2026-10-05T23:25:49.307619+08:00,2026-10-05T23:28:11.408557+08:00
7232,1,58,32,2026-10-03T15:35+08:00,2026-10-03T15:40+08:00,0.84,35.50,DATAGEN,CONFIRMED,0.965,v1,,2026-10-05T23:25:49.702477+08:00,2026-10-05T23:28:11.410366+08:00
6171,1,53,12,2026-10-03T15:40+08:00,2026-10-03T15:50+08:00,1.22,35.94,DATAGEN,CONFIRMED,0.948,v1,,2026-10-05T23:25:49.158896+08:00,2026-10-05T23:28:11.412227+08:00
6375,1,54,16,2026-10-03T15:40+08:00,2026-10-03T16:00+08:00,2.43,35.72,DATAGEN,CONFIRMED,0.952,v1,,2026-10-05T23:25:49.300938+08:00,2026-10-05T23:28:11.414068+08:00
5744,1,51,4,2026-10-03T15:45+08:00,2026-10-03T15:55+08:00,2.26,35.90,DATAGEN,CONFIRMED,0.961,v1,,2026-10-05T23:25:48.902824+08:00,2026-10-05T23:28:11.415933+08:00
7496,1,59,36,2026-10-03T16:05+08:00,2026-10-03T16:20+08:00,1.87,36.28,ALGORITHM_CANDIDATE,CONFIRMED,0.800,v1,,2026-10-05T23:25:49.805661+08:00,2026-10-05T23:28:11.417866+08:00
5951,1,52,8,2026-10-03T16:10+08:00,2026-10-03T16:25+08:00,1.42,36.02,DATAGEN,CONFIRMED,0.914,v1,,2026-10-05T23:25:49.028341+08:00,2026-10-05T23:28:11.419834+08:00
7233,1,58,32,2026-10-03T16:10+08:00,2026-10-03T16:20+08:00,1.50,35.31,DATAGEN,CONFIRMED,0.997,v1,,2026-10-05T23:25:49.702615+08:00,2026-10-05T23:28:11.421728+08:00
7843,1,55,20,2026-10-03T16:20+08:00,2026-10-03T16:35+08:00,3.20,35.92,DATAGEN,CONFIRMED,1.000,v1,,2026-10-05T23:31:33.768368+08:00,2026-10-05T23:31:33.768368+08:00
6376,1,54,16,2026-10-03T16:40+08:00,2026-10-03T16:50+08:00,1.69,35.43,DATAGEN,CONFIRMED,1.000,v1,,2026-10-05T23:25:49.301089+08:00,2026-10-05T23:28:11.425755+08:00
6377,1,54,16,2026-10-03T18:05+08:00,2026-10-03T18:25+08:00,2.28,35.71,DATAGEN,CONFIRMED,0.953,v1,,2026-10-05T23:25:49.301225+08:00,2026-10-05T23:28:11.427805+08:00
7234,1,58,32,2026-10-03T18:15+08:00,2026-10-03T18:30+08:00,2.19,36.24,DATAGEN,CONFIRMED,0.842,v1,,2026-10-05T23:25:49.702745+08:00,2026-10-05T23:28:11.429939+08:00
7497,1,59,36,2026-10-03T18:30+08:00,2026-10-03T18:45+08:00,2.49,36.42,ALGORITHM_CANDIDATE,CONFIRMED,0.654,v1,,2026-10-05T23:25:49.805748+08:00,2026-10-05T23:28:11.432111+08:00
5745,1,51,4,2026-10-03T18:40+08:00,2026-10-03T19:05+08:00,3.38,35.70,DATAGEN,CONFIRMED,0.995,v1,,2026-10-05T23:25:48.903093+08:00,2026-10-05T23:28:11.434214+08:00
5797,1,51,4,2026-10-03T19:00+08:00,2026-10-03T19:05+08:00,0.23,35.70,ALGORITHM_CANDIDATE,REJECTED,0.789,v1,,2026-10-05T23:25:48.914261+08:00,2026-10-05T23:28:11.436248+08:00
6172,1,53,12,2026-10-03T19:10+08:00,2026-10-03T19:30+08:00,3.64,35.41,DATAGEN,CONFIRMED,1.000,v1,,2026-10-05T23:25:49.159094+08:00,2026-10-05T23:28:11.438374+08:00
6378,1,54,16,2026-10-03T19:20+08:00,2026-10-03T19:25+08:00,0.88,36.42,DATAGEN,CONFIRMED,0.835,v1,,2026-10-05T23:25:49.301363+08:00,2026-10-05T23:28:11.440304+08:00
7066,1,57,28,2026-10-03T19:20+08:00,2026-10-03T19:40+08:00,2.90,36.31,ALGORITHM_CANDIDATE,CONFIRMED,0.711,v1,,2026-10-05T23:25:49.608735+08:00,2026-10-05T23:28:11.442243+08:00
7025,1,57,28,2026-10-03T19:30+08:00,2026-10-03T19:40+08:00,1.51,36.31,DATAGEN,CONFIRMED,0.830,v1,,2026-10-05T23:25:49.604365+08:00,2026-10-05T23:28:11.444231+08:00
6808,1,56,24,2026-10-03T19:50+08:00,2026-10-03T20:20+08:00,3.21,35.72,DATAGEN,CONFIRMED,1.000,v1,,2026-10-05T23:25:49.506548+08:00,2026-10-05T23:28:11.446216+08:00
7447,1,59,36,2026-10-03T19:55+08:00,2026-10-03T20:15+08:00,3.23,35.24,DATAGEN,CONFIRMED,0.988,v1,,2026-10-05T23:25:49.800136+08:00,2026-10-05T23:28:11.448334+08:00
7498,1,59,36,2026-10-03T20:10+08:00,2026-10-03T20:15+08:00,0.16,35.24,ALGORITHM_CANDIDATE,CONFIRMED,0.743,v1,,2026-10-05T23:25:49.805833+08:00,2026-10-05T23:28:11.45032+08:00
6173,1,53,12,2026-10-03T20:35+08:00,2026-10-03T20:40+08:00,0.86,36.39,DATAGEN,CONFIRMED,0.873,v1,,2026-10-05T23:25:49.159299+08:00,2026-10-05T23:28:11.452344+08:00
5952,1,52,8,2026-10-03T20:40+08:00,2026-10-03T21:05+08:00,2.98,35.85,DATAGEN,CONFIRMED,0.942,v1,,2026-10-05T23:25:49.028491+08:00,2026-10-05T23:28:11.454382+08:00
7026,1,57,28,2026-10-03T20:40+08:00,2026-10-03T20:55+08:00,2.18,35.70,DATAGEN,CONFIRMED,1.000,v1,,2026-10-05T23:25:49.604512+08:00,2026-10-05T23:28:11.456405+08:00
7235,1,58,32,2026-10-04T06:10+08:00,2026-10-04T06:25+08:00,2.86,35.71,DATAGEN,CONFIRMED,0.931,v1,,2026-10-05T23:25:49.702882+08:00,2026-10-05T23:28:11.458433+08:00
7448,1,59,36,2026-10-04T06:10+08:00,2026-10-04T06:35+08:00,3.42,35.07,DATAGEN,CONFIRMED,1.000,v1,,2026-10-05T23:25:49.800275+08:00,2026-10-05T23:28:11.460443+08:00
7844,1,55,20,2026-10-04T06:45+08:00,2026-10-04T07:05+08:00,3.42,35.15,DATAGEN,CONFIRMED,1.000,v1,,2026-10-05T23:31:33.768494+08:00,2026-10-05T23:31:33.768494+08:00
7236,1,58,32,2026-10-04T06:55+08:00,2026-10-04T07:10+08:00,1.69,35.06,DATAGEN,CONFIRMED,1.000,v1,,2026-10-05T23:25:49.703016+08:00,2026-10-05T23:28:11.464744+08:00
7027,1,57,28,2026-10-04T07:20+08:00,2026-10-04T07:50+08:00,3.40,35.05,DATAGEN,CONFIRMED,0.982,v1,,2026-10-05T23:25:49.604662+08:00,2026-10-05T23:28:11.466863+08:00
6001,1,52,8,2026-10-04T07:40+08:00,2026-10-04T08:00+08:00,2.77,35.58,ALGORITHM_CANDIDATE,CONFIRMED,0.746,v1,,2026-10-05T23:25:49.036528+08:00,2026-10-05T23:28:11.469079+08:00
6228,1,53,12,2026-10-04T07:45+08:00,2026-10-04T08:00+08:00,3.26,35.01,ALGORITHM_CANDIDATE,CONFIRMED,0.824,v1,,2026-10-05T23:25:49.166639+08:00,2026-10-05T23:28:11.471387+08:00
5953,1,52,8,2026-10-04T07:50+08:00,2026-10-04T08:00+08:00,1.54,35.58,DATAGEN,CONFIRMED,0.956,v1,,2026-10-05T23:25:49.028627+08:00,2026-10-05T23:28:11.473512+08:00
6174,1,53,12,2026-10-04T07:50+08:00,2026-10-04T08:00+08:00,1.51,35.01,DATAGEN,CONFIRMED,1.000,v1,,2026-10-05T23:25:49.159498+08:00,2026-10-05T23:28:11.475431+08:00
5746,1,51,4,2026-10-04T08:05+08:00,2026-10-04T08:25+08:00,3.24,35.36,DATAGEN,CONFIRMED,1.000,v1,,2026-10-05T23:25:48.903363+08:00,2026-10-05T23:28:11.477452+08:00
5954,1,52,8,2026-10-04T08:45+08:00,2026-10-04T09:10+08:00,1.85,35.17,DATAGEN,CONFIRMED,1.000,v1,,2026-10-05T23:25:49.028786+08:00,2026-10-05T23:28:11.479452+08:00
6175,1,53,12,2026-10-04T08:55+08:00,2026-10-04T09:05+08:00,1.72,35.35,DATAGEN,CONFIRMED,0.996,v1,,2026-10-05T23:25:49.159695+08:00,2026-10-05T23:28:11.481514+08:00
6379,1,54,16,2026-10-04T09:25+08:00,2026-10-04T09:45+08:00,3.09,35.63,DATAGEN,CONFIRMED,1.000,v1,,2026-10-05T23:25:49.301497+08:00,2026-10-05T23:28:11.483651+08:00
7845,1,55,20,2026-10-04T09:30+08:00,2026-10-04T09:45+08:00,1.98,35.96,DATAGEN,CONFIRMED,0.932,v1,,2026-10-05T23:31:33.768618+08:00,2026-10-05T23:31:33.768618+08:00
5955,1,52,8,2026-10-04T09:40+08:00,2026-10-04T09:55+08:00,1.09,35.16,DATAGEN,CONFIRMED,0.961,v1,,2026-10-05T23:25:49.028978+08:00,2026-10-05T23:28:11.487863+08:00
7894,1,55,20,2026-10-04T09:40+08:00,2026-10-04T09:45+08:00,0.24,35.96,ALGORITHM_CANDIDATE,CONFIRMED,0.732,v1,,2026-10-05T23:31:33.775541+08:00,2026-10-05T23:31:33.775541+08:00
6002,1,52,8,2026-10-04T09:45+08:00,2026-10-04T09:55+08:00,0.56,35.16,ALGORITHM_CANDIDATE,CONFIRMED,0.822,v1,,2026-10-05T23:25:49.036668+08:00,2026-10-05T23:28:11.492109+08:00
7237,1,58,32,2026-10-04T09:50+08:00,2026-10-04T10:05+08:00,2.93,35.42,DATAGEN,CONFIRMED,0.979,v1,,2026-10-05T23:25:49.703153+08:00,2026-10-05T23:28:11.494195+08:00
7028,1,57,28,2026-10-04T09:55+08:00,2026-10-04T10:05+08:00,2.40,35.47,DATAGEN,CONFIRMED,1.000,v1,,2026-10-05T23:25:49.604806+08:00,2026-10-05T23:28:11.496326+08:00
7449,1,59,36,2026-10-04T09:55+08:00,2026-10-04T10:20+08:00,3.02,35.42,DATAGEN,CONFIRMED,1.000,v1,,2026-10-05T23:25:49.800414+08:00,2026-10-05T23:28:11.498505+08:00
7895,1,55,20,2026-10-04T10:05+08:00,2026-10-04T10:10+08:00,0.15,36.55,ALGORITHM_CANDIDATE,REJECTED,0.584,v1,,2026-10-05T23:31:33.775664+08:00,2026-10-05T23:31:33.775664+08:00
7499,1,59,36,2026-10-04T10:15+08:00,2026-10-04T10:20+08:00,0.22,35.42,ALGORITHM_CANDIDATE,REJECTED,0.789,v1,,2026-10-05T23:25:49.805921+08:00,2026-10-05T23:28:11.502856+08:00
5956,1,52,8,2026-10-04T10:30+08:00,2026-10-04T10:35+08:00,1.41,35.26,DATAGEN,CONFIRMED,1.000,v1,,2026-10-05T23:25:49.02915+08:00,2026-10-05T23:28:11.50503+08:00
6176,1,53,12,2026-10-04T10:30+08:00,2026-10-04T10:50+08:00,2.53,35.12,DATAGEN,CONFIRMED,1.000,v1,,2026-10-05T23:25:49.159896+08:00,2026-10-05T23:28:11.507167+08:00
5747,1,51,4,2026-10-04T11:35+08:00,2026-10-04T11:55+08:00,3.47,35.20,DATAGEN,CONFIRMED,1.000,v1,,2026-10-05T23:25:48.903632+08:00,2026-10-05T23:28:11.509321+08:00
7238,1,58,32,2026-10-04T11:35+08:00,2026-10-04T11:50+08:00,2.39,35.64,DATAGEN,CONFIRMED,0.943,v1,,2026-10-05T23:25:49.70329+08:00,2026-10-05T23:28:11.511381+08:00
7450,1,59,36,2026-10-04T11:40+08:00,2026-10-04T12:00+08:00,2.31,35.60,DATAGEN,CONFIRMED,0.987,v1,,2026-10-05T23:25:49.800546+08:00,2026-10-05T23:28:11.513412+08:00
5957,1,52,8,2026-10-04T11:55+08:00,2026-10-04T12:10+08:00,2.64,35.01,DATAGEN,CONFIRMED,1.000,v1,,2026-10-05T23:25:49.02932+08:00,2026-10-05T23:28:11.515435+08:00
6177,1,53,12,2026-10-04T12:00+08:00,2026-10-04T12:20+08:00,2.24,35.51,DATAGEN,CONFIRMED,0.969,v1,,2026-10-05T23:25:49.160071+08:00,2026-10-05T23:28:11.51763+08:00
7239,1,58,32,2026-10-04T12:25+08:00,2026-10-04T12:35+08:00,1.42,35.68,DATAGEN,CONFIRMED,0.936,v1,,2026-10-05T23:25:49.703422+08:00,2026-10-05T23:28:11.519698+08:00
7029,1,57,28,2026-10-04T12:30+08:00,2026-10-04T12:50+08:00,3.09,35.63,DATAGEN,CONFIRMED,1.000,v1,,2026-10-05T23:25:49.604956+08:00,2026-10-05T23:28:11.521774+08:00
5748,1,51,4,2026-10-04T12:55+08:00,2026-10-04T13:10+08:00,1.57,36.21,DATAGEN,CONFIRMED,0.931,v1,,2026-10-05T23:25:48.903902+08:00,2026-10-05T23:28:11.523853+08:00
5798,1,51,4,2026-10-04T13:05+08:00,2026-10-04T13:10+08:00,0.20,36.21,ALGORITHM_CANDIDATE,CONFIRMED,0.709,v1,,2026-10-05T23:25:48.914438+08:00,2026-10-05T23:28:11.525945+08:00
7451,1,59,36,2026-10-04T13:10+08:00,2026-10-04T13:25+08:00,1.82,35.86,DATAGEN,CONFIRMED,0.943,v1,,2026-10-05T23:25:49.800675+08:00,2026-10-05T23:28:11.527945+08:00
7500,1,59,36,2026-10-04T13:20+08:00,2026-10-04T13:25+08:00,0.16,35.86,ALGORITHM_CANDIDATE,CONFIRMED,0.699,v1,,2026-10-05T23:25:49.806006+08:00,2026-10-05T23:28:11.529938+08:00
7846,1,55,20,2026-10-04T13:25+08:00,2026-10-04T13:45+08:00,2.83,35.92,DATAGEN,CONFIRMED,0.939,v1,,2026-10-05T23:31:33.768744+08:00,2026-10-05T23:31:33.768744+08:00
6809,1,56,24,2026-10-04T13:30+08:00,2026-10-04T13:50+08:00,2.74,35.91,DATAGEN,CONFIRMED,0.996,v1,,2026-10-05T23:25:49.506645+08:00,2026-10-05T23:28:11.533876+08:00
6178,1,53,12,2026-10-04T13:40+08:00,2026-10-04T13:55+08:00,1.95,35.89,DATAGEN,CONFIRMED,0.906,v1,,2026-10-05T23:25:49.160214+08:00,2026-10-05T23:28:11.536061+08:00
6229,1,53,12,2026-10-04T13:50+08:00,2026-10-04T13:55+08:00,0.21,35.89,ALGORITHM_CANDIDATE,CONFIRMED,0.689,v1,,2026-10-05T23:25:49.166763+08:00,2026-10-05T23:28:11.538179+08:00
6380,1,54,16,2026-10-04T14:10+08:00,2026-10-04T14:25+08:00,3.57,35.28,DATAGEN,CONFIRMED,1.000,v1,,2026-10-05T23:25:49.301632+08:00,2026-10-05T23:28:11.540355+08:00
5749,1,51,4,2026-10-04T14:20+08:00,2026-10-04T14:35+08:00,2.08,36.32,DATAGEN,CONFIRMED,0.912,v1,,2026-10-05T23:25:48.904179+08:00,2026-10-05T23:28:11.542421+08:00
6381,1,54,16,2026-10-04T14:45+08:00,2026-10-04T14:50+08:00,0.37,35.62,DATAGEN,CONFIRMED,0.872,v1,,2026-10-05T23:25:49.301774+08:00,2026-10-05T23:28:11.544598+08:00
7240,1,58,32,2026-10-04T15:00+08:00,2026-10-04T15:20+08:00,3.16,35.65,DATAGEN,CONFIRMED,0.941,v1,,2026-10-05T23:25:49.703555+08:00,2026-10-05T23:28:11.546637+08:00
7847,1,55,20,2026-10-04T15:30+08:00,2026-10-04T15:50+08:00,2.84,35.71,DATAGEN,CONFIRMED,0.974,v1,,2026-10-05T23:31:33.768871+08:00,2026-10-05T23:31:33.768871+08:00
5958,1,52,8,2026-10-04T15:45+08:00,2026-10-04T16:00+08:00,2.61,35.96,DATAGEN,CONFIRMED,0.893,v1,,2026-10-05T23:25:49.029505+08:00,2026-10-05T23:28:11.550617+08:00
7896,1,55,20,2026-10-04T15:45+08:00,2026-10-04T15:50+08:00,0.17,35.71,ALGORITHM_CANDIDATE,REJECTED,0.735,v1,,2026-10-05T23:31:33.775788+08:00,2026-10-05T23:31:33.775788+08:00
6179,1,53,12,2026-10-04T16:15+08:00,2026-10-04T16:35+08:00,2.38,36.18,DATAGEN,CONFIRMED,0.857,v1,,2026-10-05T23:25:49.160351+08:00,2026-10-05T23:28:11.554786+08:00
7452,1,59,36,2026-10-04T16:25+08:00,2026-10-04T16:45+08:00,3.16,35.53,DATAGEN,CONFIRMED,0.998,v1,,2026-10-05T23:25:49.800804+08:00,2026-10-05T23:28:11.556895+08:00
6230,1,53,12,2026-10-04T16:30+08:00,2026-10-04T16:35+08:00,0.30,36.18,ALGORITHM_CANDIDATE,REJECTED,0.691,v1,,2026-10-05T23:25:49.166883+08:00,2026-10-05T23:28:11.55901+08:00
6810,1,56,24,2026-10-04T16:30+08:00,2026-10-04T16:45+08:00,3.09,35.47,DATAGEN,CONFIRMED,0.978,v1,,2026-10-05T23:25:49.506734+08:00,2026-10-05T23:28:11.563362+08:00
7848,1,55,20,2026-10-04T16:30+08:00,2026-10-04T16:40+08:00,1.27,36.31,DATAGEN,CONFIRMED,0.874,v1,,2026-10-05T23:31:33.769001+08:00,2026-10-05T23:31:33.769001+08:00
6382,1,54,16,2026-10-04T16:35+08:00,2026-10-04T16:55+08:00,2.54,35.85,DATAGEN,CONFIRMED,1.000,v1,,2026-10-05T23:25:49.301909+08:00,2026-10-05T23:28:11.56543+08:00
7241,1,58,32,2026-10-04T16:40+08:00,2026-10-04T17:00+08:00,2.38,36.13,DATAGEN,CONFIRMED,0.861,v1,,2026-10-05T23:25:49.703688+08:00,2026-10-05T23:28:11.567447+08:00
7292,1,58,32,2026-10-04T16:55+08:00,2026-10-04T17:00+08:00,0.25,36.13,ALGORITHM_CANDIDATE,REJECTED,0.667,v1,,2026-10-05T23:25:49.709353+08:00,2026-10-05T23:28:11.569553+08:00
5750,1,51,4,2026-10-04T17:00+08:00,2026-10-04T17:25+08:00,2.77,36.22,DATAGEN,CONFIRMED,0.929,v1,,2026-10-05T23:25:48.904466+08:00,2026-10-05T23:28:11.571674+08:00
6383,1,54,16,2026-10-04T17:10+08:00,2026-10-04T17:15+08:00,0.48,36.13,DATAGEN,CONFIRMED,0.893,v1,,2026-10-05T23:25:49.302044+08:00,2026-10-05T23:28:11.573703+08:00
7849,1,55,20,2026-10-04T17:40+08:00,2026-10-04T17:55+08:00,2.45,35.77,DATAGEN,CONFIRMED,0.964,v1,,2026-10-05T23:31:33.769129+08:00,2026-10-05T23:31:33.769129+08:00
7242,1,58,32,2026-10-04T18:10+08:00,2026-10-04T18:25+08:00,2.35,35.61,DATAGEN,CONFIRMED,0.948,v1,,2026-10-05T23:25:49.703836+08:00,2026-10-05T23:28:11.577898+08:00
6811,1,56,24,2026-10-04T18:15+08:00,2026-10-04T18:30+08:00,2.04,36.18,DATAGEN,CONFIRMED,0.951,v1,,2026-10-05T23:25:49.506822+08:00,2026-10-05T23:28:11.580015+08:00
7850,1,55,20,2026-10-04T18:35+08:00,2026-10-04T18:45+08:00,1.33,36.25,DATAGEN,CONFIRMED,0.884,v1,,2026-10-05T23:31:33.769259+08:00,2026-10-05T23:31:33.769259+08:00
7243,1,58,32,2026-10-04T19:35+08:00,2026-10-04T19:55+08:00,2.07,35.66,DATAGEN,CONFIRMED,0.939,v1,,2026-10-05T23:25:49.70398+08:00,2026-10-05T23:28:11.58386+08:00
5959,1,52,8,2026-10-04T20:30+08:00,2026-10-04T20:45+08:00,3.17,35.88,DATAGEN,CONFIRMED,0.906,v1,,2026-10-05T23:25:49.029661+08:00,2026-10-05T23:28:11.585743+08:00
6180,1,53,12,2026-10-04T20:40+08:00,2026-10-04T21:05+08:00,3.78,35.41,DATAGEN,CONFIRMED,0.986,v1,,2026-10-05T23:25:49.160484+08:00,2026-10-05T23:28:11.587737+08:00
5751,1,51,4,2026-10-04T20:50+08:00,2026-10-04T21:10+08:00,3.07,36.26,DATAGEN,CONFIRMED,0.922,v1,,2026-10-05T23:25:48.904676+08:00,2026-10-05T23:28:11.589803+08:00