device_id,livestock_id,farm_id,bout_start,bout_end,depth,is_borderline,is_fever_period
51,4,1,2026-09-05T07:25:00,2026-09-05T07:45:00,2.82,False,False
51,4,1,2026-09-05T08:14:00,2026-09-05T08:29:00,3.47,False,False
51,4,1,2026-09-05T09:35:00,2026-09-05T09:50:00,3.38,False,False
51,4,1,2026-09-05T11:50:00,2026-09-05T12:04:00,3.14,False,False
51,4,1,2026-09-05T12:50:00,2026-09-05T13:01:00,3.18,False,False
51,4,1,2026-09-05T13:55:00,2026-09-05T14:19:00,2.84,False,False
51,4,1,2026-09-05T17:30:00,2026-09-05T17:52:00,3.95,False,False
51,4,1,2026-09-05T20:38:00,2026-09-05T20:58:00,3.29,False,False
51,4,1,2026-09-06T06:20:00,2026-09-06T06:32:00,3.19,False,False
51,4,1,2026-09-06T07:02:00,2026-09-06T07:16:00,3.55,False,False
51,4,1,2026-09-06T12:07:00,2026-09-06T12:25:00,3.37,False,False
51,4,1,2026-09-06T13:03:00,2026-09-06T13:15:00,3.49,False,False
51,4,1,2026-09-06T15:03:00,2026-09-06T15:25:00,3.08,False,False
51,4,1,2026-09-06T15:57:00,2026-09-06T16:11:00,0.53,True,False
51,4,1,2026-09-06T17:17:00,2026-09-06T17:30:00,2.95,False,False
51,4,1,2026-09-06T17:38:00,2026-09-06T17:57:00,3.98,False,False
51,4,1,2026-09-06T17:41:00,2026-09-06T18:02:00,3.03,False,False
51,4,1,2026-09-06T18:41:00,2026-09-06T18:58:00,3.43,False,False
51,4,1,2026-09-07T11:38:00,2026-09-07T12:02:00,3.55,False,False
51,4,1,2026-09-07T13:31:00,2026-09-07T13:51:00,2.91,False,False
51,4,1,2026-09-07T20:19:00,2026-09-07T20:31:00,3.48,False,False
51,4,1,2026-09-08T06:26:00,2026-09-08T06:46:00,3.1,False,False
51,4,1,2026-09-08T07:58:00,2026-09-08T08:14:00,3.66,False,False
51,4,1,2026-09-08T11:24:00,2026-09-08T11:39:00,3.52,False,False
51,4,1,2026-09-08T13:51:00,2026-09-08T14:08:00,2.97,False,False
51,4,1,2026-09-08T16:23:00,2026-09-08T16:48:00,3.81,False,False
51,4,1,2026-09-08T17:23:00,2026-09-08T17:38:00,2.94,False,False
51,4,1,2026-09-08T18:17:00,2026-09-08T18:31:00,2.96,False,False
51,4,1,2026-09-08T20:01:00,2026-09-08T20:23:00,3.0,False,False
51,4,1,2026-09-09T06:46:00,2026-09-09T07:08:00,3.28,False,False
51,4,1,2026-09-09T08:14:00,2026-09-09T08:32:00,0.44,True,False
51,4,1,2026-09-09T08:25:00,2026-09-09T08:50:00,3.53,False,False
51,4,1,2026-09-09T10:48:00,2026-09-09T10:58:00,3.61,False,False
51,4,1,2026-09-09T11:08:00,2026-09-09T11:31:00,3.79,False,False
51,4,1,2026-09-09T15:47:00,2026-09-09T16:05:00,3.22,False,False
51,4,1,2026-09-09T16:14:00,2026-09-09T16:33:00,3.19,False,False
51,4,1,2026-09-09T17:36:00,2026-09-09T17:55:00,3.7,False,False
51,4,1,2026-09-09T19:30:00,2026-09-09T19:54:00,3.34,False,False
51,4,1,2026-09-09T19:39:00,2026-09-09T19:57:00,3.49,False,False
51,4,1,2026-09-09T20:16:00,2026-09-09T20:35:00,2.84,False,False
51,4,1,2026-09-10T06:21:00,2026-09-10T06:36:00,3.02,False,False
51,4,1,2026-09-10T08:00:00,2026-09-10T08:20:00,3.99,False,False
51,4,1,2026-09-10T10:38:00,2026-09-10T10:50:00,0.5,True,False
51,4,1,2026-09-10T11:48:00,2026-09-10T12:04:00,3.3,False,False
51,4,1,2026-09-10T17:18:00,2026-09-10T17:34:00,3.13,False,False
51,4,1,2026-09-10T19:36:00,2026-09-10T19:56:00,2.98,False,False
51,4,1,2026-09-10T20:41:00,2026-09-10T21:04:00,3.32,False,False
51,4,1,2026-09-11T07:18:00,2026-09-11T07:35:00,2.91,False,False
51,4,1,2026-09-11T10:04:00,2026-09-11T10:27:00,3.97,False,False
51,4,1,2026-09-11T11:06:00,2026-09-11T11:22:00,2.83,False,False
51,4,1,2026-09-11T11:58:00,2026-09-11T12:17:00,3.03,False,False
51,4,1,2026-09-11T13:28:00,2026-09-11T13:50:00,0.47,True,False
51,4,1,2026-09-11T15:25:00,2026-09-11T15:43:00,3.82,False,False
51,4,1,2026-09-11T16:13:00,2026-09-11T16:36:00,3.85,False,False
51,4,1,2026-09-11T17:21:00,2026-09-11T17:33:00,3.87,False,False
51,4,1,2026-09-11T19:05:00,2026-09-11T19:29:00,2.9,False,False
51,4,1,2026-09-11T20:20:00,2026-09-11T20:38:00,2.9,False,False
51,4,1,2026-09-12T07:33:00,2026-09-12T07:50:00,3.53,False,False
51,4,1,2026-09-12T07:55:00,2026-09-12T08:16:00,3.96,False,False
51,4,1,2026-09-12T10:56:00,2026-09-12T11:17:00,3.5,False,False
51,4,1,2026-09-12T12:39:00,2026-09-12T12:51:00,3.61,False,False
51,4,1,2026-09-12T13:49:00,2026-09-12T14:12:00,3.59,False,False
51,4,1,2026-09-12T14:54:00,2026-09-12T15:11:00,3.56,False,False
51,4,1,2026-09-12T15:29:00,2026-09-12T15:42:00,3.45,False,False
51,4,1,2026-09-12T17:21:00,2026-09-12T17:37:00,3.48,False,False
51,4,1,2026-09-12T17:25:00,2026-09-12T17:38:00,3.42,False,False
51,4,1,2026-09-12T17:39:00,2026-09-12T17:55:00,0.42,True,False
51,4,1,2026-09-12T18:16:00,2026-09-12T18:40:00,3.41,False,False
51,4,1,2026-09-13T08:36:00,2026-09-13T08:55:00,2.94,False,False
51,4,1,2026-09-13T11:35:00,2026-09-13T11:47:00,0.44,True,False
51,4,1,2026-09-13T20:04:00,2026-09-13T20:21:00,3.47,False,False
51,4,1,2026-09-14T07:14:00,2026-09-14T07:32:00,3.0,False,False
51,4,1,2026-09-14T08:22:00,2026-09-14T08:36:00,0.54,True,False
51,4,1,2026-09-14T09:25:00,2026-09-14T09:48:00,3.48,False,False
51,4,1,2026-09-14T10:55:00,2026-09-14T11:13:00,3.34,False,False
51,4,1,2026-09-14T13:44:00,2026-09-14T14:05:00,3.9,False,False
51,4,1,2026-09-14T14:40:00,2026-09-14T14:51:00,3.24,False,False
51,4,1,2026-09-14T16:05:00,2026-09-14T16:26:00,3.83,False,False
51,4,1,2026-09-14T18:34:00,2026-09-14T18:51:00,0.53,True,False
51,4,1,2026-09-15T06:13:00,2026-09-15T06:26:00,3.0,False,False
51,4,1,2026-09-15T08:09:00,2026-09-15T08:22:00,3.42,False,False
51,4,1,2026-09-15T11:19:00,2026-09-15T11:30:00,2.88,False,False
51,4,1,2026-09-15T17:02:00,2026-09-15T17:19:00,2.92,False,False
51,4,1,2026-09-15T17:58:00,2026-09-15T18:21:00,3.06,False,False
51,4,1,2026-09-15T20:52:00,2026-09-15T21:06:00,3.42,False,False
51,4,1,2026-09-16T06:00:00,2026-09-16T06:23:00,3.85,False,False
51,4,1,2026-09-16T08:54:00,2026-09-16T09:12:00,3.91,False,False
51,4,1,2026-09-16T10:41:00,2026-09-16T10:52:00,3.76,False,False
51,4,1,2026-09-16T12:33:00,2026-09-16T12:49:00,2.92,False,False
51,4,1,2026-09-16T13:53:00,2026-09-16T14:13:00,3.09,False,False
51,4,1,2026-09-16T15:19:00,2026-09-16T15:32:00,3.89,False,False
51,4,1,2026-09-16T17:05:00,2026-09-16T17:27:00,0.48,True,False
51,4,1,2026-09-16T17:58:00,2026-09-16T18:17:00,2.9,False,False
51,4,1,2026-09-16T20:50:00,2026-09-16T21:08:00,0.5,True,False
51,4,1,2026-09-17T06:07:00,2026-09-17T06:26:00,3.53,False,False
51,4,1,2026-09-17T09:05:00,2026-09-17T09:27:00,3.59,False,False
51,4,1,2026-09-17T09:40:00,2026-09-17T09:54:00,3.24,False,False
51,4,1,2026-09-17T12:35:00,2026-09-17T12:52:00,3.54,False,False
51,4,1,2026-09-17T14:14:00,2026-09-17T14:30:00,2.83,False,False
51,4,1,2026-09-17T14:28:00,2026-09-17T14:46:00,3.93,False,False
51,4,1,2026-09-17T14:53:00,2026-09-17T15:04:00,3.81,False,False
51,4,1,2026-09-17T16:28:00,2026-09-17T16:46:00,3.7,False,False
51,4,1,2026-09-17T16:31:00,2026-09-17T16:53:00,3.95,False,False
51,4,1,2026-09-17T16:49:00,2026-09-17T17:08:00,3.85,False,False
51,4,1,2026-09-17T18:26:00,2026-09-17T18:40:00,3.91,False,False
51,4,1,2026-09-18T07:54:00,2026-09-18T08:16:00,3.68,False,False
51,4,1,2026-09-18T09:06:00,2026-09-18T09:24:00,3.72,False,False
51,4,1,2026-09-18T16:23:00,2026-09-18T16:34:00,3.52,False,False
51,4,1,2026-09-18T17:39:00,2026-09-18T17:55:00,3.46,False,False
51,4,1,2026-09-19T08:00:00,2026-09-19T08:24:00,3.07,False,False
51,4,1,2026-09-19T10:51:00,2026-09-19T11:16:00,3.44,False,False
51,4,1,2026-09-19T11:52:00,2026-09-19T12:17:00,3.23,False,False
51,4,1,2026-09-19T13:01:00,2026-09-19T13:18:00,3.81,False,False
51,4,1,2026-09-19T16:23:00,2026-09-19T16:44:00,3.18,False,False
51,4,1,2026-09-19T17:23:00,2026-09-19T17:40:00,3.43,False,False
51,4,1,2026-09-19T18:14:00,2026-09-19T18:32:00,3.3,False,False
51,4,1,2026-09-19T20:11:00,2026-09-19T20:34:00,3.25,False,False
51,4,1,2026-09-20T06:19:00,2026-09-20T06:38:00,2.82,False,False
51,4,1,2026-09-20T08:48:00,2026-09-20T09:08:00,2.87,False,False
51,4,1,2026-09-20T10:23:00,2026-09-20T10:40:00,2.96,False,False
51,4,1,2026-09-20T12:42:00,2026-09-20T13:03:00,3.71,False,False
51,4,1,2026-09-20T14:59:00,2026-09-20T15:14:00,3.58,False,False
51,4,1,2026-09-20T17:07:00,2026-09-20T17:24:00,3.97,False,False
51,4,1,2026-09-20T19:47:00,2026-09-20T20:00:00,3.73,False,False
51,4,1,2026-09-21T08:02:00,2026-09-21T08:27:00,3.74,False,False
51,4,1,2026-09-21T10:19:00,2026-09-21T10:35:00,2.83,False,False
51,4,1,2026-09-21T12:21:00,2026-09-21T12:42:00,3.81,False,False
51,4,1,2026-09-21T15:14:00,2026-09-21T15:27:00,3.29,False,False
51,4,1,2026-09-21T19:46:00,2026-09-21T19:57:00,2.98,False,False
51,4,1,2026-09-22T08:25:00,2026-09-22T08:41:00,3.18,False,False
51,4,1,2026-09-22T13:13:00,2026-09-22T13:35:00,3.27,False,False
51,4,1,2026-09-22T15:24:00,2026-09-22T15:37:00,3.4,False,False
51,4,1,2026-09-22T16:12:00,2026-09-22T16:32:00,3.74,False,False
51,4,1,2026-09-22T17:03:00,2026-09-22T17:14:00,2.81,False,False
51,4,1,2026-09-22T18:50:00,2026-09-22T19:04:00,2.93,False,False
51,4,1,2026-09-23T09:56:00,2026-09-23T10:17:00,3.6,False,False
51,4,1,2026-09-23T10:39:00,2026-09-23T11:01:00,3.14,False,False
51,4,1,2026-09-23T10:51:00,2026-09-23T11:09:00,3.3,False,False
51,4,1,2026-09-23T11:40:00,2026-09-23T11:52:00,2.97,False,False
51,4,1,2026-09-23T12:44:00,2026-09-23T13:02:00,3.75,False,False
51,4,1,2026-09-23T14:30:00,2026-09-23T14:43:00,3.68,False,False
51,4,1,2026-09-23T15:27:00,2026-09-23T15:52:00,3.66,False,False
51,4,1,2026-09-23T16:47:00,2026-09-23T17:02:00,3.8,False,False
51,4,1,2026-09-23T16:58:00,2026-09-23T17:21:00,0.41,True,False
51,4,1,2026-09-23T17:27:00,2026-09-23T17:38:00,2.96,False,False
51,4,1,2026-09-23T19:19:00,2026-09-23T19:40:00,3.85,False,False
51,4,1,2026-09-24T06:27:00,2026-09-24T06:40:00,2.97,False,False
51,4,1,2026-09-24T07:54:00,2026-09-24T08:05:00,3.34,False,False
51,4,1,2026-09-24T12:27:00,2026-09-24T12:45:00,3.88,False,False
51,4,1,2026-09-24T14:18:00,2026-09-24T14:38:00,3.8,False,False
51,4,1,2026-09-24T16:19:00,2026-09-24T16:42:00,3.26,False,False
51,4,1,2026-09-24T20:37:00,2026-09-24T20:49:00,3.43,False,False
51,4,1,2026-09-25T09:59:00,2026-09-25T10:11:00,3.05,False,False
51,4,1,2026-09-25T10:52:00,2026-09-25T11:15:00,2.8,False,False
51,4,1,2026-09-25T12:54:00,2026-09-25T13:10:00,2.97,False,False
51,4,1,2026-09-25T16:15:00,2026-09-25T16:31:00,3.28,False,False
51,4,1,2026-09-26T07:02:00,2026-09-26T07:15:00,3.35,False,False
51,4,1,2026-09-26T09:16:00,2026-09-26T09:32:00,3.84,False,False
51,4,1,2026-09-26T16:08:00,2026-09-26T16:31:00,0.5,True,False
51,4,1,2026-09-26T17:24:00,2026-09-26T17:44:00,3.8,False,False
51,4,1,2026-09-26T20:14:00,2026-09-26T20:25:00,3.9,False,False
51,4,1,2026-09-27T06:42:00,2026-09-27T06:56:00,2.82,False,False
51,4,1,2026-09-27T07:28:00,2026-09-27T07:38:00,0.41,True,False
51,4,1,2026-09-27T09:18:00,2026-09-27T09:41:00,3.52,False,False
51,4,1,2026-09-27T12:32:00,2026-09-27T12:45:00,0.54,True,False
51,4,1,2026-09-27T13:37:00,2026-09-27T13:50:00,2.93,False,False
51,4,1,2026-09-27T19:05:00,2026-09-27T19:22:00,3.73,False,False
51,4,1,2026-09-28T07:09:00,2026-09-28T07:33:00,3.62,False,False
51,4,1,2026-09-28T08:46:00,2026-09-28T09:11:00,0.49,True,False
51,4,1,2026-09-28T09:52:00,2026-09-28T10:09:00,3.72,False,False
51,4,1,2026-09-28T10:57:00,2026-09-28T11:11:00,3.24,False,False
51,4,1,2026-09-28T13:32:00,2026-09-28T13:52:00,3.5,False,False
51,4,1,2026-09-28T14:32:00,2026-09-28T14:48:00,3.81,False,False
51,4,1,2026-09-28T16:05:00,2026-09-28T16:20:00,3.71,False,False
51,4,1,2026-09-28T16:54:00,2026-09-28T17:11:00,2.97,False,False
51,4,1,2026-09-28T18:03:00,2026-09-28T18:17:00,3.37,False,False
51,4,1,2026-09-29T07:37:00,2026-09-29T07:59:00,3.22,False,False
51,4,1,2026-09-29T09:12:00,2026-09-29T09:31:00,2.89,False,False
51,4,1,2026-09-29T09:50:00,2026-09-29T10:09:00,3.61,False,False
51,4,1,2026-09-29T10:49:00,2026-09-29T11:08:00,2.94,False,False
51,4,1,2026-09-29T15:51:00,2026-09-29T16:09:00,3.32,False,False
51,4,1,2026-09-29T17:15:00,2026-09-29T17:34:00,3.91,False,False
51,4,1,2026-09-29T17:38:00,2026-09-29T18:01:00,3.03,False,False
51,4,1,2026-09-29T19:01:00,2026-09-29T19:20:00,3.22,False,False
51,4,1,2026-09-29T19:17:00,2026-09-29T19:32:00,3.37,False,False
51,4,1,2026-09-30T10:30:00,2026-09-30T10:50:00,2.81,False,False
51,4,1,2026-09-30T12:08:00,2026-09-30T12:28:00,3.25,False,False
51,4,1,2026-09-30T15:38:00,2026-09-30T15:50:00,3.02,False,False
51,4,1,2026-09-30T17:29:00,2026-09-30T17:46:00,3.63,False,False
51,4,1,2026-10-01T09:58:00,2026-10-01T10:15:00,3.72,False,False
51,4,1,2026-10-01T12:00:00,2026-10-01T12:19:00,3.45,False,False
51,4,1,2026-10-01T13:58:00,2026-10-01T14:16:00,3.73,False,False
51,4,1,2026-10-02T07:39:00,2026-10-02T07:50:00,2.81,False,False
51,4,1,2026-10-02T08:52:00,2026-10-02T09:06:00,3.25,False,False
51,4,1,2026-10-02T10:59:00,2026-10-02T11:13:00,3.03,False,False
51,4,1,2026-10-02T12:45:00,2026-10-02T13:05:00,2.92,False,False
51,4,1,2026-10-02T18:45:00,2026-10-02T19:07:00,0.44,True,False
51,4,1,2026-10-02T20:43:00,2026-10-02T21:02:00,2.92,False,False
51,4,1,2026-10-03T08:08:00,2026-10-03T08:29:00,3.88,False,False
51,4,1,2026-10-03T11:58:00,2026-10-03T12:15:00,3.13,False,False
51,4,1,2026-10-03T13:39:00,2026-10-03T14:01:00,3.42,False,False
51,4,1,2026-10-03T15:42:00,2026-10-03T15:56:00,3.49,False,False
51,4,1,2026-10-03T18:40:00,2026-10-03T19:02:00,3.76,False,False
51,4,1,2026-10-04T08:09:00,2026-10-04T08:26:00,3.5,False,False
51,4,1,2026-10-04T11:35:00,2026-10-04T11:54:00,3.71,False,False
51,4,1,2026-10-04T12:49:00,2026-10-04T13:06:00,2.9,False,False
51,4,1,2026-10-04T14:20:00,2026-10-04T14:33:00,2.87,False,False
51,4,1,2026-10-04T17:02:00,2026-10-04T17:23:00,3.21,False,False
51,4,1,2026-10-04T18:02:00,2026-10-04T18:18:00,0.38,True,False
51,4,1,2026-10-04T20:50:00,2026-10-04T21:07:00,3.32,False,False
52,8,1,2026-09-05T07:39:00,2026-09-05T07:54:00,3.42,False,False
52,8,1,2026-09-05T10:04:00,2026-09-05T10:27:00,3.3,False,False
52,8,1,2026-09-05T14:09:00,2026-09-05T14:20:00,2.98,False,False
52,8,1,2026-09-06T06:07:00,2026-09-06T06:20:00,3.86,False,False
52,8,1,2026-09-06T08:48:00,2026-09-06T09:12:00,3.66,False,False
52,8,1,2026-09-06T12:09:00,2026-09-06T12:31:00,3.97,False,False
52,8,1,2026-09-06T13:56:00,2026-09-06T14:11:00,0.46,True,False
52,8,1,2026-09-06T14:47:00,2026-09-06T15:09:00,2.91,False,False
52,8,1,2026-09-06T16:44:00,2026-09-06T16:58:00,2.88,False,False
52,8,1,2026-09-06T18:31:00,2026-09-06T18:46:00,3.05,False,False
52,8,1,2026-09-06T20:23:00,2026-09-06T20:33:00,3.54,False,False
52,8,1,2026-09-07T08:26:00,2026-09-07T08:37:00,3.21,False,False
52,8,1,2026-09-07T12:21:00,2026-09-07T12:44:00,3.61,False,False
52,8,1,2026-09-07T13:48:00,2026-09-07T14:11:00,3.42,False,False
52,8,1,2026-09-07T17:02:00,2026-09-07T17:17:00,3.37,False,False
52,8,1,2026-09-07T20:03:00,2026-09-07T20:25:00,3.72,False,False
52,8,1,2026-09-08T07:05:00,2026-09-08T07:20:00,3.52,False,False
52,8,1,2026-09-08T08:16:00,2026-09-08T08:37:00,3.76,False,False
52,8,1,2026-09-08T13:24:00,2026-09-08T13:35:00,3.49,False,False
52,8,1,2026-09-08T14:48:00,2026-09-08T15:11:00,3.54,False,False
52,8,1,2026-09-09T06:19:00,2026-09-09T06:40:00,3.06,False,False
52,8,1,2026-09-09T08:14:00,2026-09-09T08:27:00,3.78,False,False
52,8,1,2026-09-09T10:00:00,2026-09-09T10:25:00,3.76,False,False
52,8,1,2026-09-09T12:03:00,2026-09-09T12:25:00,0.49,True,False
52,8,1,2026-09-09T13:56:00,2026-09-09T14:18:00,3.3,False,False
52,8,1,2026-09-09T14:45:00,2026-09-09T14:55:00,3.98,False,False
52,8,1,2026-09-09T16:38:00,2026-09-09T16:50:00,3.02,False,False
52,8,1,2026-09-09T17:26:00,2026-09-09T17:40:00,3.2,False,False
52,8,1,2026-09-09T17:58:00,2026-09-09T18:23:00,3.33,False,False
52,8,1,2026-09-10T06:05:00,2026-09-10T06:28:00,3.37,False,False
52,8,1,2026-09-10T07:13:00,2026-09-10T07:29:00,0.37,True,False
52,8,1,2026-09-10T09:57:00,2026-09-10T10:21:00,0.37,True,False
52,8,1,2026-09-10T14:52:00,2026-09-10T15:08:00,2.85,False,False
52,8,1,2026-09-10T17:29:00,2026-09-10T17:44:00,3.06,False,False
52,8,1,2026-09-10T18:16:00,2026-09-10T18:32:00,0.44,True,False
52,8,1,2026-09-10T20:16:00,2026-09-10T20:34:00,2.99,False,False
52,8,1,2026-09-11T06:22:00,2026-09-11T06:34:00,3.15,False,False
52,8,1,2026-09-11T10:00:00,2026-09-11T10:12:00,3.48,False,False
52,8,1,2026-09-11T10:53:00,2026-09-11T11:10:00,2.89,False,False
52,8,1,2026-09-11T13:08:00,2026-09-11T13:31:00,3.08,False,False
52,8,1,2026-09-11T14:10:00,2026-09-11T14:32:00,3.24,False,False
52,8,1,2026-09-11T16:50:00,2026-09-11T17:12:00,3.76,False,False
52,8,1,2026-09-11T17:58:00,2026-09-11T18:15:00,3.83,False,False
52,8,1,2026-09-12T06:18:00,2026-09-12T06:43:00,3.9,False,False
52,8,1,2026-09-12T08:12:00,2026-09-12T08:27:00,3.96,False,False
52,8,1,2026-09-12T09:10:00,2026-09-12T09:24:00,2.93,False,False
52,8,1,2026-09-12T10:53:00,2026-09-12T11:10:00,3.59,False,False
52,8,1,2026-09-12T14:26:00,2026-09-12T14:36:00,3.18,False,False
52,8,1,2026-09-12T16:09:00,2026-09-12T16:20:00,3.31,False,False
52,8,1,2026-09-12T17:18:00,2026-09-12T17:41:00,3.06,False,False
52,8,1,2026-09-12T20:33:00,2026-09-12T20:57:00,3.29,False,False
52,8,1,2026-09-13T07:14:00,2026-09-13T07:34:00,3.28,False,False
52,8,1,2026-09-13T08:45:00,2026-09-13T08:58:00,3.46,False,False
52,8,1,2026-09-13T09:47:00,2026-09-13T10:02:00,3.54,False,False
52,8,1,2026-09-13T15:13:00,2026-09-13T15:31:00,3.77,False,False
52,8,1,2026-09-13T16:01:00,2026-09-13T16:15:00,2.8,False,False
52,8,1,2026-09-13T17:34:00,2026-09-13T17:50:00,3.8,False,False
52,8,1,2026-09-13T19:51:00,2026-09-13T20:03:00,2.81,False,False
52,8,1,2026-09-14T07:47:00,2026-09-14T08:02:00,3.11,False,False
52,8,1,2026-09-14T09:41:00,2026-09-14T10:05:00,2.86,False,False
52,8,1,2026-09-14T11:06:00,2026-09-14T11:27:00,2.92,False,False
52,8,1,2026-09-14T12:54:00,2026-09-14T13:04:00,3.33,False,False
52,8,1,2026-09-14T16:06:00,2026-09-14T16:16:00,3.45,False,False
52,8,1,2026-09-14T16:54:00,2026-09-14T17:11:00,3.25,False,False
52,8,1,2026-09-15T06:59:00,2026-09-15T07:16:00,3.57,False,False
52,8,1,2026-09-15T08:48:00,2026-09-15T09:06:00,0.42,True,False
52,8,1,2026-09-15T09:06:00,2026-09-15T09:27:00,3.11,False,False
52,8,1,2026-09-15T10:56:00,2026-09-15T11:12:00,3.97,False,False
52,8,1,2026-09-15T12:06:00,2026-09-15T12:17:00,3.84,False,False
52,8,1,2026-09-15T14:43:00,2026-09-15T14:59:00,3.72,False,False
52,8,1,2026-09-15T16:46:00,2026-09-15T16:56:00,2.8,False,False
52,8,1,2026-09-15T19:03:00,2026-09-15T19:22:00,3.99,False,False
52,8,1,2026-09-16T07:50:00,2026-09-16T08:14:00,3.16,False,False
52,8,1,2026-09-16T13:47:00,2026-09-16T14:04:00,0.43,True,False
52,8,1,2026-09-16T19:49:00,2026-09-16T20:11:00,3.39,False,False
52,8,1,2026-09-16T21:00:00,2026-09-16T21:24:00,3.58,False,False
52,8,1,2026-09-17T08:29:00,2026-09-17T08:48:00,0.5,True,False
52,8,1,2026-09-17T10:28:00,2026-09-17T10:46:00,2.89,False,False
52,8,1,2026-09-17T11:41:00,2026-09-17T12:03:00,3.51,False,False
52,8,1,2026-09-17T14:43:00,2026-09-17T14:59:00,3.58,False,False
52,8,1,2026-09-17T15:58:00,2026-09-17T16:13:00,3.21,False,False
52,8,1,2026-09-17T17:15:00,2026-09-17T17:27:00,3.4,False,False
52,8,1,2026-09-18T07:04:00,2026-09-18T07:25:00,3.8,False,False
52,8,1,2026-09-18T08:05:00,2026-09-18T08:19:00,3.56,False,False
52,8,1,2026-09-18T09:59:00,2026-09-18T10:11:00,3.53,False,False
52,8,1,2026-09-18T16:54:00,2026-09-18T17:14:00,3.67,False,False
52,8,1,2026-09-19T07:51:00,2026-09-19T08:16:00,3.66,False,False
52,8,1,2026-09-19T13:22:00,2026-09-19T13:36:00,0.54,True,False
52,8,1,2026-09-19T15:43:00,2026-09-19T15:58:00,3.26,False,False
52,8,1,2026-09-19T17:05:00,2026-09-19T17:20:00,3.62,False,False
52,8,1,2026-09-20T10:34:00,2026-09-20T10:54:00,3.6,False,False
52,8,1,2026-09-20T12:35:00,2026-09-20T12:50:00,3.19,False,False
52,8,1,2026-09-20T13:46:00,2026-09-20T14:02:00,3.0,False,False
52,8,1,2026-09-20T15:05:00,2026-09-20T15:22:00,2.85,False,False
52,8,1,2026-09-21T08:41:00,2026-09-21T08:57:00,0.38,True,False
52,8,1,2026-09-21T09:56:00,2026-09-21T10:18:00,2.97,False,False
52,8,1,2026-09-21T12:16:00,2026-09-21T12:36:00,3.54,False,False
52,8,1,2026-09-21T13:54:00,2026-09-21T14:08:00,3.25,False,False
52,8,1,2026-09-21T15:10:00,2026-09-21T15:34:00,3.28,False,False
52,8,1,2026-09-21T16:05:00,2026-09-21T16:19:00,3.76,False,False
52,8,1,2026-09-21T17:54:00,2026-09-21T18:09:00,3.39,False,False
52,8,1,2026-09-22T06:03:00,2026-09-22T06:24:00,3.46,False,False
52,8,1,2026-09-22T07:27:00,2026-09-22T07:49:00,3.47,False,False
52,8,1,2026-09-22T13:14:00,2026-09-22T13:30:00,3.15,False,False
52,8,1,2026-09-22T14:04:00,2026-09-22T14:14:00,0.4,True,False
52,8,1,2026-09-22T16:00:00,2026-09-22T16:23:00,3.19,False,False
52,8,1,2026-09-22T17:01:00,2026-09-22T17:15:00,0.43,True,False
52,8,1,2026-09-22T18:03:00,2026-09-22T18:28:00,3.28,False,False
52,8,1,2026-09-22T18:51:00,2026-09-22T19:03:00,0.42,True,False
52,8,1,2026-09-23T07:35:00,2026-09-23T07:54:00,3.26,False,False
52,8,1,2026-09-23T08:34:00,2026-09-23T08:52:00,2.86,False,False
52,8,1,2026-09-23T10:06:00,2026-09-23T10:17:00,3.5,False,False
52,8,1,2026-09-23T12:19:00,2026-09-23T12:35:00,0.47,True,False
52,8,1,2026-09-23T13:48:00,2026-09-23T14:02:00,2.91,False,False
52,8,1,2026-09-23T14:56:00,2026-09-23T15:14:00,3.11,False,False
52,8,1,2026-09-23T16:03:00,2026-09-23T16:22:00,3.59,False,False
52,8,1,2026-09-23T18:19:00,2026-09-23T18:32:00,3.57,False,False
52,8,1,2026-09-24T06:47:00,2026-09-24T07:07:00,3.17,False,False
52,8,1,2026-09-24T09:53:00,2026-09-24T10:06:00,3.17,False,False
52,8,1,2026-09-24T11:07:00,2026-09-24T11:18:00,3.57,False,False
52,8,1,2026-09-24T13:45:00,2026-09-24T14:07:00,3.59,False,False
52,8,1,2026-09-24T19:06:00,2026-09-24T19:20:00,0.47,True,False
52,8,1,2026-09-25T14:31:00,2026-09-25T14:46:00,2.99,False,False
52,8,1,2026-09-25T15:50:00,2026-09-25T16:11:00,3.35,False,False
52,8,1,2026-09-25T17:10:00,2026-09-25T17:23:00,3.39,False,False
52,8,1,2026-09-25T18:03:00,2026-09-25T18:22:00,3.36,False,False
52,8,1,2026-09-25T20:38:00,2026-09-25T20:54:00,0.54,True,False
52,8,1,2026-09-26T07:05:00,2026-09-26T07:16:00,3.25,False,False
52,8,1,2026-09-26T09:08:00,2026-09-26T09:32:00,3.44,False,False
52,8,1,2026-09-26T10:00:00,2026-09-26T10:18:00,3.74,False,False
52,8,1,2026-09-26T13:11:00,2026-09-26T13:35:00,3.0,False,False
52,8,1,2026-09-26T14:44:00,2026-09-26T15:09:00,3.81,False,False
52,8,1,2026-09-26T15:30:00,2026-09-26T15:49:00,2.89,False,False
52,8,1,2026-09-26T16:20:00,2026-09-26T16:36:00,3.61,False,False
52,8,1,2026-09-26T20:42:00,2026-09-26T20:55:00,0.44,True,False
52,8,1,2026-09-27T07:18:00,2026-09-27T07:36:00,0.51,True,False
52,8,1,2026-09-27T08:57:00,2026-09-27T09:07:00,0.39,True,False
52,8,1,2026-09-27T13:01:00,2026-09-27T13:22:00,3.34,False,False
52,8,1,2026-09-27T21:00:00,2026-09-27T21:10:00,2.97,False,False
52,8,1,2026-09-28T06:52:00,2026-09-28T07:13:00,0.45,True,False
52,8,1,2026-09-28T07:39:00,2026-09-28T07:54:00,3.97,False,False
52,8,1,2026-09-28T09:40:00,2026-09-28T10:00:00,3.42,False,False
52,8,1,2026-09-28T12:01:00,2026-09-28T12:16:00,3.75,False,False
52,8,1,2026-09-28T14:25:00,2026-09-28T14:48:00,2.84,False,False
52,8,1,2026-09-28T16:32:00,2026-09-28T16:44:00,3.65,False,False
52,8,1,2026-09-28T17:28:00,2026-09-28T17:40:00,3.46,False,False
52,8,1,2026-09-29T06:58:00,2026-09-29T07:16:00,3.24,False,False
52,8,1,2026-09-29T14:19:00,2026-09-29T14:32:00,3.4,False,False
52,8,1,2026-09-29T15:37:00,2026-09-29T15:59:00,2.91,False,False
52,8,1,2026-09-29T16:33:00,2026-09-29T16:49:00,2.99,False,False
52,8,1,2026-09-29T19:41:00,2026-09-29T20:00:00,3.45,False,False
52,8,1,2026-09-30T09:33:00,2026-09-30T09:52:00,2.94,False,False
52,8,1,2026-09-30T11:12:00,2026-09-30T11:34:00,3.78,False,False
52,8,1,2026-09-30T12:36:00,2026-09-30T12:52:00,3.5,False,False
52,8,1,2026-09-30T14:42:00,2026-09-30T15:00:00,0.36,True,False
52,8,1,2026-09-30T19:00:00,2026-09-30T19:19:00,3.13,False,False
52,8,1,2026-10-01T06:57:00,2026-10-01T07:20:00,3.7,False,False
52,8,1,2026-10-01T07:36:00,2026-10-01T07:48:00,3.45,False,False
52,8,1,2026-10-01T07:55:00,2026-10-01T08:15:00,3.73,False,False
52,8,1,2026-10-01T09:15:00,2026-10-01T09:36:00,3.28,False,False
52,8,1,2026-10-01T09:41:00,2026-10-01T10:04:00,3.76,False,False
52,8,1,2026-10-01T10:11:00,2026-10-01T10:22:00,3.58,False,False
52,8,1,2026-10-01T11:31:00,2026-10-01T11:41:00,0.47,True,False
52,8,1,2026-10-01T11:40:00,2026-10-01T12:01:00,3.26,False,False
52,8,1,2026-10-01T14:30:00,2026-10-01T14:48:00,3.05,False,False
52,8,1,2026-10-01T15:31:00,2026-10-01T15:45:00,3.35,False,False
52,8,1,2026-10-01T20:22:00,2026-10-01T20:42:00,3.25,False,False
52,8,1,2026-10-02T07:28:00,2026-10-02T07:39:00,3.23,False,False
52,8,1,2026-10-02T12:49:00,2026-10-02T13:06:00,3.97,False,False
52,8,1,2026-10-02T14:31:00,2026-10-02T14:42:00,3.14,False,False
52,8,1,2026-10-02T16:01:00,2026-10-02T16:12:00,2.99,False,False
52,8,1,2026-10-02T17:37:00,2026-10-02T17:53:00,3.41,False,False
52,8,1,2026-10-03T06:15:00,2026-10-03T06:27:00,3.21,False,False
52,8,1,2026-10-03T10:23:00,2026-10-03T10:42:00,0.45,True,False
52,8,1,2026-10-03T11:35:00,2026-10-03T11:52:00,2.87,False,False
52,8,1,2026-10-03T14:37:00,2026-10-03T14:59:00,3.64,False,False
52,8,1,2026-10-03T15:58:00,2026-10-03T16:21:00,3.08,False,False
52,8,1,2026-10-03T20:37:00,2026-10-03T21:02:00,3.39,False,False
52,8,1,2026-10-04T07:43:00,2026-10-04T07:59:00,2.85,False,False
52,8,1,2026-10-04T08:38:00,2026-10-04T08:58:00,3.8,False,False
52,8,1,2026-10-04T09:37:00,2026-10-04T09:48:00,3.68,False,False
52,8,1,2026-10-04T10:25:00,2026-10-04T10:37:00,3.75,False,False
52,8,1,2026-10-04T11:50:00,2026-10-04T12:13:00,3.98,False,False
52,8,1,2026-10-04T15:44:00,2026-10-04T16:00:00,3.01,False,False
52,8,1,2026-10-04T20:31:00,2026-10-04T20:44:00,3.21,False,False
53,12,1,2026-09-05T08:05:00,2026-09-05T08:27:00,3.3,False,False
53,12,1,2026-09-05T09:43:00,2026-09-05T10:01:00,3.52,False,False
53,12,1,2026-09-05T11:25:00,2026-09-05T11:40:00,3.91,False,False
53,12,1,2026-09-05T12:21:00,2026-09-05T12:39:00,3.87,False,False
53,12,1,2026-09-05T14:55:00,2026-09-05T15:12:00,3.01,False,False
53,12,1,2026-09-05T18:52:00,2026-09-05T19:17:00,3.55,False,False
53,12,1,2026-09-05T19:58:00,2026-09-05T20:13:00,3.42,False,False
53,12,1,2026-09-06T08:36:00,2026-09-06T08:58:00,3.09,False,False
53,12,1,2026-09-06T10:22:00,2026-09-06T10:47:00,3.83,False,False
53,12,1,2026-09-06T11:30:00,2026-09-06T11:49:00,0.47,True,False
53,12,1,2026-09-06T15:05:00,2026-09-06T15:15:00,3.04,False,False
53,12,1,2026-09-06T15:51:00,2026-09-06T16:13:00,3.51,False,False
53,12,1,2026-09-06T18:04:00,2026-09-06T18:22:00,3.3,False,False
53,12,1,2026-09-06T19:49:00,2026-09-06T20:11:00,3.73,False,False
53,12,1,2026-09-06T20:35:00,2026-09-06T20:57:00,3.31,False,False
53,12,1,2026-09-07T06:42:00,2026-09-07T07:06:00,3.18,False,False
53,12,1,2026-09-07T10:00:00,2026-09-07T10:20:00,3.0,False,False
53,12,1,2026-09-07T13:02:00,2026-09-07T13:21:00,3.9,False,False
53,12,1,2026-09-07T13:55:00,2026-09-07T14:17:00,3.4,False,False
53,12,1,2026-09-07T15:16:00,2026-09-07T15:28:00,3.83,False,False
53,12,1,2026-09-07T18:01:00,2026-09-07T18:21:00,3.21,False,False
53,12,1,2026-09-07T19:01:00,2026-09-07T19:24:00,3.71,False,False
53,12,1,2026-09-08T06:45:00,2026-09-08T06:59:00,3.43,False,False
53,12,1,2026-09-08T08:13:00,2026-09-08T08:36:00,3.01,False,False
53,12,1,2026-09-08T09:39:00,2026-09-08T09:59:00,3.78,False,False
53,12,1,2026-09-08T12:30:00,2026-09-08T12:49:00,3.71,False,False
53,12,1,2026-09-08T16:40:00,2026-09-08T16:58:00,2.81,False,False
53,12,1,2026-09-08T19:23:00,2026-09-08T19:34:00,3.4,False,False
53,12,1,2026-09-09T09:15:00,2026-09-09T09:37:00,3.71,False,False
53,12,1,2026-09-09T13:09:00,2026-09-09T13:33:00,2.83,False,False
53,12,1,2026-09-09T17:19:00,2026-09-09T17:37:00,3.77,False,False
53,12,1,2026-09-09T19:48:00,2026-09-09T20:10:00,0.4,True,False
53,12,1,2026-09-09T20:55:00,2026-09-09T21:07:00,0.48,True,False
53,12,1,2026-09-10T10:21:00,2026-09-10T10:36:00,3.69,False,False
53,12,1,2026-09-10T16:14:00,2026-09-10T16:34:00,3.28,False,False
53,12,1,2026-09-10T18:20:00,2026-09-10T18:33:00,3.52,False,False
53,12,1,2026-09-10T19:22:00,2026-09-10T19:33:00,2.87,False,False
53,12,1,2026-09-10T20:40:00,2026-09-10T20:56:00,3.8,False,False
53,12,1,2026-09-11T06:49:00,2026-09-11T07:06:00,3.69,False,False
53,12,1,2026-09-11T08:19:00,2026-09-11T08:39:00,3.7,False,False
53,12,1,2026-09-11T09:28:00,2026-09-11T09:51:00,3.62,False,False
53,12,1,2026-09-11T12:34:00,2026-09-11T12:45:00,3.45,False,False
53,12,1,2026-09-11T14:36:00,2026-09-11T14:48:00,2.82,False,False
53,12,1,2026-09-11T16:25:00,2026-09-11T16:41:00,0.52,True,False
53,12,1,2026-09-12T06:10:00,2026-09-12T06:34:00,3.55,False,False
53,12,1,2026-09-12T06:29:00,2026-09-12T06:54:00,3.42,False,False
53,12,1,2026-09-12T06:41:00,2026-09-12T06:57:00,3.78,False,False
53,12,1,2026-09-12T07:57:00,2026-09-12T08:13:00,3.78,False,False
53,12,1,2026-09-12T09:14:00,2026-09-12T09:27:00,3.93,False,False
53,12,1,2026-09-12T10:43:00,2026-09-12T10:58:00,3.73,False,False
53,12,1,2026-09-12T11:08:00,2026-09-12T11:28:00,3.95,False,False
53,12,1,2026-09-12T13:26:00,2026-09-12T13:51:00,3.98,False,False
53,12,1,2026-09-12T17:27:00,2026-09-12T17:49:00,2.86,False,False
53,12,1,2026-09-12T18:45:00,2026-09-12T18:56:00,3.96,False,False
53,12,1,2026-09-12T20:28:00,2026-09-12T20:49:00,3.97,False,False
53,12,1,2026-09-13T06:28:00,2026-09-13T06:52:00,0.39,True,False
53,12,1,2026-09-13T08:30:00,2026-09-13T08:48:00,3.51,False,False
53,12,1,2026-09-13T11:14:00,2026-09-13T11:24:00,0.53,True,False
53,12,1,2026-09-13T14:12:00,2026-09-13T14:26:00,3.52,False,False
53,12,1,2026-09-13T20:27:00,2026-09-13T20:46:00,3.2,False,False
53,12,1,2026-09-14T06:20:00,2026-09-14T06:34:00,3.0,False,False
53,12,1,2026-09-14T08:43:00,2026-09-14T09:04:00,3.08,False,False
53,12,1,2026-09-14T09:02:00,2026-09-14T09:25:00,3.63,False,False
53,12,1,2026-09-14T11:07:00,2026-09-14T11:30:00,3.04,False,False
53,12,1,2026-09-14T13:16:00,2026-09-14T13:33:00,3.27,False,False
53,12,1,2026-09-14T13:25:00,2026-09-14T13:44:00,3.15,False,False
53,12,1,2026-09-14T14:18:00,2026-09-14T14:42:00,3.98,False,False
53,12,1,2026-09-14T15:37:00,2026-09-14T15:59:00,3.07,False,False
53,12,1,2026-09-14T17:16:00,2026-09-14T17:28:00,3.0,False,False
53,12,1,2026-09-14T20:14:00,2026-09-14T20:30:00,0.39,True,False
53,12,1,2026-09-14T20:37:00,2026-09-14T20:57:00,3.71,False,False
53,12,1,2026-09-15T06:22:00,2026-09-15T06:47:00,3.85,False,False
53,12,1,2026-09-15T07:10:00,2026-09-15T07:31:00,2.9,False,False
53,12,1,2026-09-15T09:05:00,2026-09-15T09:18:00,3.52,False,False
53,12,1,2026-09-15T14:24:00,2026-09-15T14:46:00,0.53,True,False
53,12,1,2026-09-15T17:27:00,2026-09-15T17:51:00,2.96,False,False
53,12,1,2026-09-16T08:21:00,2026-09-16T08:45:00,3.22,False,False
53,12,1,2026-09-16T09:35:00,2026-09-16T09:51:00,3.71,False,False
53,12,1,2026-09-16T09:57:00,2026-09-16T10:19:00,0.42,True,False
53,12,1,2026-09-16T10:36:00,2026-09-16T10:56:00,3.21,False,False
53,12,1,2026-09-16T14:19:00,2026-09-16T14:34:00,0.53,True,False
53,12,1,2026-09-16T14:19:00,2026-09-16T14:37:00,3.2,False,False
53,12,1,2026-09-16T14:47:00,2026-09-16T15:11:00,3.68,False,False
53,12,1,2026-09-16T15:38:00,2026-09-16T16:00:00,3.98,False,False
53,12,1,2026-09-16T16:44:00,2026-09-16T16:58:00,2.87,False,False
53,12,1,2026-09-16T17:00:00,2026-09-16T17:17:00,3.09,False,False
53,12,1,2026-09-17T09:49:00,2026-09-17T10:05:00,3.1,False,False
53,12,1,2026-09-17T11:06:00,2026-09-17T11:22:00,3.36,False,False
53,12,1,2026-09-17T15:55:00,2026-09-17T16:07:00,3.28,False,False
53,12,1,2026-09-17T17:04:00,2026-09-17T17:21:00,3.34,False,False
53,12,1,2026-09-17T20:43:00,2026-09-17T21:01:00,2.88,False,False
53,12,1,2026-09-18T06:37:00,2026-09-18T06:57:00,3.13,False,False
53,12,1,2026-09-18T06:53:00,2026-09-18T07:04:00,3.16,False,False
53,12,1,2026-09-18T09:21:00,2026-09-18T09:44:00,3.09,False,False
53,12,1,2026-09-18T09:36:00,2026-09-18T09:54:00,3.46,False,False
53,12,1,2026-09-18T12:03:00,2026-09-18T12:17:00,3.44,False,False
53,12,1,2026-09-18T13:13:00,2026-09-18T13:32:00,3.84,False,False
53,12,1,2026-09-18T15:10:00,2026-09-18T15:34:00,3.71,False,False
53,12,1,2026-09-18T15:49:00,2026-09-18T16:05:00,3.35,False,False
53,12,1,2026-09-18T16:02:00,2026-09-18T16:14:00,3.39,False,False
53,12,1,2026-09-18T18:15:00,2026-09-18T18:30:00,3.11,False,False
53,12,1,2026-09-18T18:50:00,2026-09-18T19:12:00,0.49,True,False
53,12,1,2026-09-19T08:28:00,2026-09-19T08:43:00,2.83,False,False
53,12,1,2026-09-19T11:13:00,2026-09-19T11:29:00,3.28,False,False
53,12,1,2026-09-19T15:49:00,2026-09-19T16:01:00,3.41,False,False
53,12,1,2026-09-19T19:14:00,2026-09-19T19:33:00,3.27,False,False
53,12,1,2026-09-20T15:21:00,2026-09-20T15:38:00,2.84,False,False
53,12,1,2026-09-20T16:27:00,2026-09-20T16:51:00,2.88,False,False
53,12,1,2026-09-20T18:12:00,2026-09-20T18:23:00,2.95,False,False
53,12,1,2026-09-20T20:03:00,2026-09-20T20:25:00,3.89,False,False
53,12,1,2026-09-21T07:55:00,2026-09-21T08:18:00,3.69,False,False
53,12,1,2026-09-21T09:17:00,2026-09-21T09:36:00,2.83,False,False
53,12,1,2026-09-21T10:12:00,2026-09-21T10:33:00,3.37,False,False
53,12,1,2026-09-21T11:21:00,2026-09-21T11:37:00,3.47,False,False
53,12,1,2026-09-21T13:32:00,2026-09-21T13:57:00,3.92,False,False
53,12,1,2026-09-21T14:42:00,2026-09-21T15:02:00,3.33,False,False
53,12,1,2026-09-21T15:39:00,2026-09-21T16:03:00,3.6,False,False
53,12,1,2026-09-21T17:48:00,2026-09-21T18:01:00,3.4,False,False
53,12,1,2026-09-22T06:54:00,2026-09-22T07:06:00,3.09,False,False
53,12,1,2026-09-22T09:12:00,2026-09-22T09:22:00,3.37,False,False
53,12,1,2026-09-22T10:32:00,2026-09-22T10:48:00,3.12,False,False
53,12,1,2026-09-22T12:15:00,2026-09-22T12:36:00,3.18,False,False
53,12,1,2026-09-22T13:23:00,2026-09-22T13:38:00,3.7,False,False
53,12,1,2026-09-22T14:39:00,2026-09-22T14:54:00,3.79,False,False
53,12,1,2026-09-22T16:27:00,2026-09-22T16:41:00,2.84,False,False
53,12,1,2026-09-22T18:50:00,2026-09-22T19:00:00,3.46,False,False
53,12,1,2026-09-22T20:58:00,2026-09-22T21:11:00,3.97,False,False
53,12,1,2026-09-23T10:17:00,2026-09-23T10:30:00,3.03,False,False
53,12,1,2026-09-23T11:10:00,2026-09-23T11:31:00,3.08,False,False
53,12,1,2026-09-23T12:54:00,2026-09-23T13:16:00,3.24,False,False
53,12,1,2026-09-23T17:15:00,2026-09-23T17:27:00,2.97,False,False
53,12,1,2026-09-23T18:46:00,2026-09-23T19:02:00,3.6,False,False
53,12,1,2026-09-23T20:31:00,2026-09-23T20:54:00,3.67,False,False
53,12,1,2026-09-24T06:45:00,2026-09-24T06:59:00,3.65,False,False
53,12,1,2026-09-24T11:04:00,2026-09-24T11:24:00,3.29,False,False
53,12,1,2026-09-24T11:23:00,2026-09-24T11:35:00,3.73,False,False
53,12,1,2026-09-24T11:43:00,2026-09-24T12:02:00,3.91,False,False
53,12,1,2026-09-24T12:00:00,2026-09-24T12:11:00,3.04,False,False
53,12,1,2026-09-24T13:09:00,2026-09-24T13:24:00,3.06,False,False
53,12,1,2026-09-24T13:27:00,2026-09-24T13:40:00,3.84,False,False
53,12,1,2026-09-24T13:30:00,2026-09-24T13:48:00,0.38,True,False
53,12,1,2026-09-24T14:00:00,2026-09-24T14:22:00,3.67,False,False
53,12,1,2026-09-24T18:55:00,2026-09-24T19:06:00,3.99,False,False
53,12,1,2026-09-24T19:42:00,2026-09-24T20:05:00,3.39,False,False
53,12,1,2026-09-25T06:42:00,2026-09-25T06:53:00,3.9,False,False
53,12,1,2026-09-25T06:54:00,2026-09-25T07:14:00,3.44,False,False
53,12,1,2026-09-25T08:17:00,2026-09-25T08:40:00,3.01,False,False
53,12,1,2026-09-25T11:29:00,2026-09-25T11:41:00,3.11,False,False
53,12,1,2026-09-25T12:14:00,2026-09-25T12:38:00,2.82,False,False
53,12,1,2026-09-25T14:04:00,2026-09-25T14:27:00,3.09,False,False
53,12,1,2026-09-25T15:41:00,2026-09-25T16:06:00,3.31,False,False
53,12,1,2026-09-25T16:40:00,2026-09-25T16:51:00,0.39,True,False
53,12,1,2026-09-25T18:16:00,2026-09-25T18:33:00,3.42,False,False
53,12,1,2026-09-25T19:39:00,2026-09-25T20:01:00,2.82,False,False
53,12,1,2026-09-26T09:31:00,2026-09-26T09:47:00,3.14,False,False
53,12,1,2026-09-26T11:25:00,2026-09-26T11:36:00,3.59,False,False
53,12,1,2026-09-26T15:41:00,2026-09-26T15:54:00,2.81,False,False
53,12,1,2026-09-27T07:27:00,2026-09-27T07:49:00,3.14,False,False
53,12,1,2026-09-27T09:31:00,2026-09-27T09:53:00,3.17,False,False
53,12,1,2026-09-27T11:01:00,2026-09-27T11:13:00,3.49,False,False
53,12,1,2026-09-27T12:52:00,2026-09-27T13:16:00,3.43,False,False
53,12,1,2026-09-27T13:15:00,2026-09-27T13:38:00,0.38,True,False
53,12,1,2026-09-27T13:28:00,2026-09-27T13:41:00,2.94,False,False
53,12,1,2026-09-27T17:33:00,2026-09-27T17:48:00,2.98,False,False
53,12,1,2026-09-27T18:04:00,2026-09-27T18:20:00,3.3,False,False
53,12,1,2026-09-27T18:47:00,2026-09-27T19:00:00,3.67,False,False
53,12,1,2026-09-27T20:08:00,2026-09-27T20:32:00,3.36,False,False
53,12,1,2026-09-28T06:35:00,2026-09-28T06:54:00,3.17,False,False
53,12,1,2026-09-28T07:42:00,2026-09-28T08:02:00,0.36,True,False
53,12,1,2026-09-28T09:44:00,2026-09-28T10:06:00,0.53,True,False
53,12,1,2026-09-28T12:13:00,2026-09-28T12:34:00,3.02,False,False
53,12,1,2026-09-28T13:29:00,2026-09-28T13:46:00,3.4,False,False
53,12,1,2026-09-28T14:50:00,2026-09-28T15:14:00,3.12,False,False
53,12,1,2026-09-28T21:00:00,2026-09-28T21:17:00,3.94,False,False
53,12,1,2026-09-29T06:57:00,2026-09-29T07:10:00,3.89,False,False
53,12,1,2026-09-29T08:14:00,2026-09-29T08:36:00,2.95,False,False
53,12,1,2026-09-29T14:14:00,2026-09-29T14:25:00,0.55,True,False
53,12,1,2026-09-29T19:34:00,2026-09-29T19:53:00,0.37,True,False
53,12,1,2026-09-30T08:00:00,2026-09-30T08:15:00,3.33,False,False
53,12,1,2026-09-30T14:41:00,2026-09-30T15:03:00,3.0,False,False
53,12,1,2026-09-30T15:45:00,2026-09-30T16:08:00,2.99,False,False
53,12,1,2026-09-30T18:16:00,2026-09-30T18:41:00,3.7,False,False
53,12,1,2026-09-30T19:16:00,2026-09-30T19:28:00,3.89,False,False
53,12,1,2026-10-01T10:36:00,2026-10-01T10:59:00,3.44,False,False
53,12,1,2026-10-01T12:53:00,2026-10-01T13:18:00,3.99,False,False
53,12,1,2026-10-01T13:42:00,2026-10-01T13:57:00,3.91,False,False
53,12,1,2026-10-01T16:15:00,2026-10-01T16:32:00,3.12,False,False
53,12,1,2026-10-01T17:01:00,2026-10-01T17:24:00,3.34,False,False
53,12,1,2026-10-01T18:17:00,2026-10-01T18:32:00,2.95,False,False
53,12,1,2026-10-01T20:47:00,2026-10-01T20:59:00,3.58,False,False
53,12,1,2026-10-02T07:56:00,2026-10-02T08:15:00,3.14,False,False
53,12,1,2026-10-02T08:52:00,2026-10-02T09:07:00,2.91,False,False
53,12,1,2026-10-02T10:18:00,2026-10-02T10:43:00,2.91,False,False
53,12,1,2026-10-02T11:06:00,2026-10-02T11:17:00,3.42,False,False
53,12,1,2026-10-02T12:50:00,2026-10-02T13:11:00,3.38,False,False
53,12,1,2026-10-02T18:49:00,2026-10-02T19:08:00,3.68,False,False
53,12,1,2026-10-02T20:29:00,2026-10-02T20:51:00,3.14,False,False
53,12,1,2026-10-03T11:10:00,2026-10-03T11:31:00,3.24,False,False
53,12,1,2026-10-03T14:24:00,2026-10-03T14:46:00,3.68,False,False
53,12,1,2026-10-03T15:33:00,2026-10-03T15:46:00,3.19,False,False
53,12,1,2026-10-03T19:12:00,2026-10-03T19:27:00,3.8,False,False
53,12,1,2026-10-03T20:22:00,2026-10-03T20:42:00,2.98,False,False
53,12,1,2026-10-04T07:44:00,2026-10-04T07:55:00,3.61,False,False
53,12,1,2026-10-04T08:48:00,2026-10-04T09:05:00,3.15,False,False
53,12,1,2026-10-04T10:26:00,2026-10-04T10:51:00,3.56,False,False
53,12,1,2026-10-04T11:55:00,2026-10-04T12:19:00,3.34,False,False
53,12,1,2026-10-04T13:34:00,2026-10-04T13:52:00,3.11,False,False
53,12,1,2026-10-04T16:11:00,2026-10-04T16:33:00,3.02,False,False
53,12,1,2026-10-04T20:41:00,2026-10-04T21:03:00,3.69,False,False
54,16,1,2026-09-05T06:18:00,2026-09-05T06:32:00,3.54,False,False
54,16,1,2026-09-05T07:14:00,2026-09-05T07:34:00,3.76,False,False
54,16,1,2026-09-05T08:10:00,2026-09-05T08:33:00,2.83,False,False
54,16,1,2026-09-05T09:06:00,2026-09-05T09:27:00,3.33,False,False
54,16,1,2026-09-05T11:42:00,2026-09-05T11:55:00,3.8,False,False
54,16,1,2026-09-05T12:37:00,2026-09-05T12:55:00,3.08,False,False
54,16,1,2026-09-05T20:50:00,2026-09-05T21:05:00,3.71,False,False
54,16,1,2026-09-06T08:11:00,2026-09-06T08:32:00,3.49,False,False
54,16,1,2026-09-06T13:08:00,2026-09-06T13:19:00,3.57,False,False
54,16,1,2026-09-06T17:05:00,2026-09-06T17:26:00,3.04,False,False
54,16,1,2026-09-06T18:56:00,2026-09-06T19:15:00,3.47,False,False
54,16,1,2026-09-07T06:20:00,2026-09-07T06:37:00,3.38,False,False
54,16,1,2026-09-07T07:48:00,2026-09-07T08:12:00,3.79,False,False
54,16,1,2026-09-07T09:02:00,2026-09-07T09:27:00,3.87,False,False
54,16,1,2026-09-07T11:03:00,2026-09-07T11:26:00,3.62,False,False
54,16,1,2026-09-07T13:08:00,2026-09-07T13:28:00,0.4,True,False
54,16,1,2026-09-07T15:50:00,2026-09-07T16:12:00,3.37,False,False
54,16,1,2026-09-07T19:28:00,2026-09-07T19:52:00,2.82,False,False
54,16,1,2026-09-07T19:33:00,2026-09-07T19:47:00,3.09,False,False
54,16,1,2026-09-07T20:36:00,2026-09-07T20:59:00,3.16,False,False
54,16,1,2026-09-08T07:50:00,2026-09-08T08:04:00,2.81,False,False
54,16,1,2026-09-08T10:45:00,2026-09-08T11:06:00,3.34,False,False
54,16,1,2026-09-08T12:34:00,2026-09-08T12:56:00,3.62,False,False
54,16,1,2026-09-08T13:40:00,2026-09-08T13:56:00,3.04,False,False
54,16,1,2026-09-08T17:03:00,2026-09-08T17:23:00,2.86,False,False
54,16,1,2026-09-08T18:43:00,2026-09-08T19:03:00,3.41,False,False
54,16,1,2026-09-09T06:49:00,2026-09-09T07:00:00,3.41,False,False
54,16,1,2026-09-09T09:00:00,2026-09-09T09:13:00,3.16,False,False
54,16,1,2026-09-09T09:32:00,2026-09-09T09:49:00,3.46,False,False
54,16,1,2026-09-09T10:15:00,2026-09-09T10:34:00,3.94,False,False
54,16,1,2026-09-09T14:12:00,2026-09-09T14:28:00,3.84,False,False
54,16,1,2026-09-09T14:20:00,2026-09-09T14:40:00,0.38,True,False
54,16,1,2026-09-09T15:05:00,2026-09-09T15:25:00,3.36,False,False
54,16,1,2026-09-09T16:31:00,2026-09-09T16:45:00,2.81,False,False
54,16,1,2026-09-09T17:26:00,2026-09-09T17:36:00,3.22,False,False
54,16,1,2026-09-09T19:05:00,2026-09-09T19:17:00,3.95,False,False
54,16,1,2026-09-09T20:28:00,2026-09-09T20:50:00,0.4,True,False
54,16,1,2026-09-10T06:05:00,2026-09-10T06:23:00,3.52,False,False
54,16,1,2026-09-10T06:54:00,2026-09-10T07:18:00,0.51,True,False
54,16,1,2026-09-10T09:05:00,2026-09-10T09:18:00,3.34,False,False
54,16,1,2026-09-10T11:50:00,2026-09-10T12:14:00,2.9,False,False
54,16,1,2026-09-10T12:18:00,2026-09-10T12:35:00,3.98,False,False
54,16,1,2026-09-10T14:59:00,2026-09-10T15:17:00,3.5,False,False
54,16,1,2026-09-10T15:41:00,2026-09-10T15:56:00,0.51,True,False
54,16,1,2026-09-10T16:12:00,2026-09-10T16:24:00,3.88,False,False
54,16,1,2026-09-10T16:13:00,2026-09-10T16:31:00,3.53,False,False
54,16,1,2026-09-10T17:42:00,2026-09-10T17:55:00,0.42,True,False
54,16,1,2026-09-10T20:07:00,2026-09-10T20:21:00,3.49,False,False
54,16,1,2026-09-11T07:31:00,2026-09-11T07:47:00,2.98,False,False
54,16,1,2026-09-11T12:00:00,2026-09-11T12:23:00,3.46,False,False
54,16,1,2026-09-11T12:57:00,2026-09-11T13:11:00,3.19,False,False
54,16,1,2026-09-11T15:09:00,2026-09-11T15:22:00,3.44,False,False
54,16,1,2026-09-11T20:15:00,2026-09-11T20:36:00,2.91,False,False
54,16,1,2026-09-12T06:42:00,2026-09-12T07:05:00,3.2,False,False
54,16,1,2026-09-12T12:30:00,2026-09-12T12:52:00,3.47,False,False
54,16,1,2026-09-12T12:45:00,2026-09-12T12:59:00,3.62,False,False
54,16,1,2026-09-12T14:35:00,2026-09-12T15:00:00,2.8,False,False
54,16,1,2026-09-12T15:48:00,2026-09-12T15:59:00,3.31,False,False
54,16,1,2026-09-12T16:27:00,2026-09-12T16:49:00,3.22,False,False
54,16,1,2026-09-12T17:00:00,2026-09-12T17:14:00,3.32,False,False
54,16,1,2026-09-12T18:14:00,2026-09-12T18:31:00,2.99,False,False
54,16,1,2026-09-12T20:21:00,2026-09-12T20:36:00,3.38,False,False
54,16,1,2026-09-12T21:00:00,2026-09-12T21:10:00,0.38,True,False
54,16,1,2026-09-13T10:06:00,2026-09-13T10:31:00,2.87,False,False
54,16,1,2026-09-13T12:50:00,2026-09-13T13:10:00,3.26,False,False
54,16,1,2026-09-13T17:10:00,2026-09-13T17:22:00,3.74,False,False
54,16,1,2026-09-13T18:56:00,2026-09-13T19:08:00,3.66,False,False
54,16,1,2026-09-13T20:00:00,2026-09-13T20:19:00,3.76,False,False
54,16,1,2026-09-13T20:47:00,2026-09-13T20:57:00,3.58,False,False
54,16,1,2026-09-14T07:17:00,2026-09-14T07:28:00,3.06,False,False
54,16,1,2026-09-14T10:42:00,2026-09-14T11:00:00,3.37,False,False
54,16,1,2026-09-14T13:08:00,2026-09-14T13:26:00,3.74,False,False
54,16,1,2026-09-14T19:56:00,2026-09-14T20:18:00,3.36,False,False
54,16,1,2026-09-14T20:42:00,2026-09-14T20:59:00,3.65,False,False
54,16,1,2026-09-15T06:56:00,2026-09-15T07:15:00,2.83,False,False
54,16,1,2026-09-15T08:33:00,2026-09-15T08:57:00,3.09,False,False
54,16,1,2026-09-15T09:36:00,2026-09-15T09:59:00,3.43,False,False
54,16,1,2026-09-15T10:48:00,2026-09-15T11:12:00,3.83,False,False
54,16,1,2026-09-15T19:20:00,2026-09-15T19:34:00,3.49,False,False
54,16,1,2026-09-16T06:37:00,2026-09-16T06:56:00,3.99,False,False
54,16,1,2026-09-16T10:41:00,2026-09-16T11:01:00,3.18,False,False
54,16,1,2026-09-16T11:55:00,2026-09-16T12:15:00,0.35,True,False
54,16,1,2026-09-16T13:46:00,2026-09-16T14:07:00,2.96,False,False
54,16,1,2026-09-16T14:34:00,2026-09-16T14:49:00,3.1,False,False
54,16,1,2026-09-16T17:22:00,2026-09-16T17:34:00,3.99,False,False
54,16,1,2026-09-16T18:24:00,2026-09-16T18:48:00,3.93,False,False
54,16,1,2026-09-16T20:18:00,2026-09-16T20:34:00,2.85,False,False
54,16,1,2026-09-17T12:44:00,2026-09-17T13:05:00,3.15,False,False
54,16,1,2026-09-17T14:56:00,2026-09-17T15:17:00,3.4,False,False
54,16,1,2026-09-17T20:15:00,2026-09-17T20:39:00,3.0,False,False
54,16,1,2026-09-18T09:33:00,2026-09-18T09:53:00,3.12,False,False
54,16,1,2026-09-18T11:03:00,2026-09-18T11:19:00,3.11,False,False
54,16,1,2026-09-18T14:53:00,2026-09-18T15:09:00,0.41,True,False
54,16,1,2026-09-19T06:07:00,2026-09-19T06:27:00,3.88,False,False
54,16,1,2026-09-19T07:36:00,2026-09-19T07:57:00,3.2,False,False
54,16,1,2026-09-19T12:48:00,2026-09-19T13:03:00,3.46,False,False
54,16,1,2026-09-19T14:02:00,2026-09-19T14:17:00,3.96,False,False
54,16,1,2026-09-19T14:48:00,2026-09-19T15:10:00,2.98,False,False
54,16,1,2026-09-19T17:44:00,2026-09-19T17:57:00,3.97,False,False
54,16,1,2026-09-20T06:03:00,2026-09-20T06:18:00,3.01,False,False
54,16,1,2026-09-20T19:36:00,2026-09-20T19:53:00,0.53,True,False
54,16,1,2026-09-20T20:29:00,2026-09-20T20:50:00,3.23,False,False
54,16,1,2026-09-21T06:07:00,2026-09-21T06:31:00,3.63,False,False
54,16,1,2026-09-21T09:32:00,2026-09-21T09:53:00,3.36,False,False
54,16,1,2026-09-21T11:18:00,2026-09-21T11:34:00,3.15,False,False
54,16,1,2026-09-21T12:23:00,2026-09-21T12:42:00,2.99,False,False
54,16,1,2026-09-21T14:51:00,2026-09-21T15:16:00,3.14,False,False
54,16,1,2026-09-21T16:55:00,2026-09-21T17:08:00,3.2,False,False
54,16,1,2026-09-21T17:53:00,2026-09-21T18:08:00,3.08,False,False
54,16,1,2026-09-21T19:02:00,2026-09-21T19:18:00,0.37,True,False
54,16,1,2026-09-22T08:41:00,2026-09-22T08:59:00,0.54,True,False
54,16,1,2026-09-22T12:04:00,2026-09-22T12:27:00,3.6,False,False
54,16,1,2026-09-22T16:36:00,2026-09-22T16:48:00,3.55,False,False
54,16,1,2026-09-22T17:49:00,2026-09-22T18:07:00,3.29,False,False
54,16,1,2026-09-22T20:49:00,2026-09-22T21:07:00,3.99,False,False
54,16,1,2026-09-23T09:37:00,2026-09-23T09:48:00,3.18,False,False
54,16,1,2026-09-23T11:18:00,2026-09-23T11:35:00,3.44,False,False
54,16,1,2026-09-23T12:11:00,2026-09-23T12:27:00,2.87,False,False
54,16,1,2026-09-24T10:31:00,2026-09-24T10:42:00,3.05,False,False
54,16,1,2026-09-24T12:09:00,2026-09-24T12:28:00,3.36,False,False
54,16,1,2026-09-24T15:08:00,2026-09-24T15:32:00,3.42,False,False
54,16,1,2026-09-25T07:13:00,2026-09-25T07:29:00,2.9,False,False
54,16,1,2026-09-25T10:41:00,2026-09-25T10:51:00,3.98,False,False
54,16,1,2026-09-25T13:18:00,2026-09-25T13:31:00,3.8,False,False
54,16,1,2026-09-25T15:08:00,2026-09-25T15:31:00,2.97,False,False
54,16,1,2026-09-25T16:37:00,2026-09-25T16:53:00,2.83,False,False
54,16,1,2026-09-26T09:07:00,2026-09-26T09:18:00,2.96,False,False
54,16,1,2026-09-26T10:45:00,2026-09-26T11:06:00,3.53,False,False
54,16,1,2026-09-26T15:15:00,2026-09-26T15:29:00,0.44,True,False
54,16,1,2026-09-26T18:58:00,2026-09-26T19:16:00,3.64,False,False
54,16,1,2026-09-27T06:28:00,2026-09-27T06:48:00,3.97,False,False
54,16,1,2026-09-27T09:57:00,2026-09-27T10:17:00,3.6,False,False
54,16,1,2026-09-27T15:10:00,2026-09-27T15:26:00,3.11,False,False
54,16,1,2026-09-28T07:41:00,2026-09-28T08:04:00,3.66,False,False
54,16,1,2026-09-28T10:32:00,2026-09-28T10:44:00,3.98,False,False
54,16,1,2026-09-28T19:41:00,2026-09-28T20:01:00,3.46,False,False
54,16,1,2026-09-29T09:09:00,2026-09-29T09:21:00,3.52,False,False
54,16,1,2026-09-29T10:37:00,2026-09-29T10:53:00,3.69,False,False
54,16,1,2026-09-29T14:45:00,2026-09-29T14:57:00,3.17,False,False
54,16,1,2026-09-29T16:06:00,2026-09-29T16:19:00,0.39,True,False
54,16,1,2026-09-29T17:05:00,2026-09-29T17:28:00,0.46,True,False
54,16,1,2026-09-29T17:36:00,2026-09-29T17:53:00,0.51,True,False
54,16,1,2026-09-29T18:02:00,2026-09-29T18:15:00,3.86,False,False
54,16,1,2026-09-29T18:24:00,2026-09-29T18:34:00,2.9,False,False
54,16,1,2026-09-30T08:06:00,2026-09-30T08:19:00,3.02,False,False
54,16,1,2026-09-30T13:59:00,2026-09-30T14:11:00,2.97,False,False
54,16,1,2026-09-30T15:39:00,2026-09-30T15:51:00,3.67,False,False
54,16,1,2026-09-30T20:04:00,2026-09-30T20:21:00,3.2,False,False
54,16,1,2026-10-01T09:47:00,2026-10-01T10:08:00,4.0,False,False
54,16,1,2026-10-01T12:02:00,2026-10-01T12:14:00,3.9,False,False
54,16,1,2026-10-01T13:47:00,2026-10-01T14:12:00,3.3,False,False
54,16,1,2026-10-01T14:41:00,2026-10-01T15:05:00,3.02,False,False
54,16,1,2026-10-01T16:14:00,2026-10-01T16:36:00,2.86,False,False
54,16,1,2026-10-01T18:43:00,2026-10-01T19:08:00,3.31,False,False
54,16,1,2026-10-02T07:11:00,2026-10-02T07:30:00,3.37,False,False
54,16,1,2026-10-02T08:19:00,2026-10-02T08:31:00,3.14,False,False
54,16,1,2026-10-02T08:19:00,2026-10-02T08:33:00,3.75,False,False
54,16,1,2026-10-02T08:45:00,2026-10-02T08:59:00,3.77,False,False
54,16,1,2026-10-02T13:37:00,2026-10-02T13:54:00,2.8,False,False
54,16,1,2026-10-02T13:59:00,2026-10-02T14:12:00,3.75,False,False
54,16,1,2026-10-02T14:16:00,2026-10-02T14:41:00,3.92,False,False
54,16,1,2026-10-02T16:31:00,2026-10-02T16:48:00,3.04,False,False
54,16,1,2026-10-02T18:34:00,2026-10-02T18:52:00,3.28,False,False
54,16,1,2026-10-03T08:10:00,2026-10-03T08:29:00,3.44,False,False
54,16,1,2026-10-03T09:02:00,2026-10-03T09:15:00,3.3,False,False
54,16,1,2026-10-03T10:36:00,2026-10-03T10:54:00,3.53,False,False
54,16,1,2026-10-03T12:27:00,2026-10-03T12:48:00,3.57,False,False
54,16,1,2026-10-03T15:34:00,2026-10-03T15:56:00,3.62,False,False
54,16,1,2026-10-03T16:34:00,2026-10-03T16:50:00,3.72,False,False
54,16,1,2026-10-03T18:00:00,2026-10-03T18:23:00,3.72,False,False
54,16,1,2026-10-03T19:11:00,2026-10-03T19:24:00,2.98,False,False
54,16,1,2026-10-04T09:29:00,2026-10-04T09:45:00,2.96,False,False
54,16,1,2026-10-04T13:18:00,2026-10-04T13:34:00,0.42,True,False
54,16,1,2026-10-04T14:09:00,2026-10-04T14:27:00,0.49,True,False
54,16,1,2026-10-04T14:11:00,2026-10-04T14:23:00,3.85,False,False
54,16,1,2026-10-04T14:21:00,2026-10-04T14:36:00,3.27,False,False
54,16,1,2026-10-04T14:31:00,2026-10-04T14:51:00,3.58,False,False
54,16,1,2026-10-04T16:34:00,2026-10-04T16:54:00,3.48,False,False
54,16,1,2026-10-04T16:35:00,2026-10-04T16:48:00,3.55,False,False
54,16,1,2026-10-04T16:56:00,2026-10-04T17:16:00,3.28,False,False
54,16,1,2026-10-04T19:12:00,2026-10-04T19:36:00,0.45,True,False
54,16,1,2026-10-04T20:24:00,2026-10-04T20:45:00,0.48,True,False
55,20,1,2026-09-05T10:33:00,2026-09-05T10:53:00,3.38,False,False
55,20,1,2026-09-05T11:36:00,2026-09-05T11:54:00,3.73,False,False
55,20,1,2026-09-05T12:48:00,2026-09-05T13:09:00,0.36,True,False
55,20,1,2026-09-05T13:44:00,2026-09-05T14:03:00,3.55,False,False
55,20,1,2026-09-05T14:30:00,2026-09-05T14:42:00,3.17,False,False
55,20,1,2026-09-05T17:53:00,2026-09-05T18:08:00,3.92,False,False
55,20,1,2026-09-06T08:10:00,2026-09-06T08:24:00,3.52,False,False
55,20,1,2026-09-06T08:24:00,2026-09-06T08:44:00,3.87,False,False
55,20,1,2026-09-06T09:59:00,2026-09-06T10:23:00,2.94,False,False
55,20,1,2026-09-06T10:55:00,2026-09-06T11:06:00,0.38,True,False
55,20,1,2026-09-06T10:58:00,2026-09-06T11:11:00,2.88,False,False
55,20,1,2026-09-06T12:53:00,2026-09-06T13:08:00,2.99,False,False
55,20,1,2026-09-06T14:00:00,2026-09-06T14:24:00,3.57,False,False
55,20,1,2026-09-06T17:45:00,2026-09-06T18:04:00,3.95,False,False
55,20,1,2026-09-06T18:14:00,2026-09-06T18:27:00,3.3,False,False
55,20,1,2026-09-06T18:51:00,2026-09-06T19:06:00,3.17,False,False
55,20,1,2026-09-06T20:52:00,2026-09-06T21:13:00,2.88,False,False
55,20,1,2026-09-07T14:01:00,2026-09-07T14:11:00,2.97,False,False
55,20,1,2026-09-07T17:23:00,2026-09-07T17:40:00,3.44,False,False
55,20,1,2026-09-07T18:44:00,2026-09-07T18:59:00,3.19,False,False
55,20,1,2026-09-07T20:33:00,2026-09-07T20:43:00,3.26,False,False
55,20,1,2026-09-08T06:29:00,2026-09-08T06:40:00,3.17,False,False
55,20,1,2026-09-08T07:15:00,2026-09-08T07:26:00,0.35,True,False
55,20,1,2026-09-08T09:33:00,2026-09-08T09:55:00,3.07,False,False
55,20,1,2026-09-08T10:57:00,2026-09-08T11:22:00,3.98,False,False
55,20,1,2026-09-08T12:43:00,2026-09-08T13:07:00,2.82,False,False
55,20,1,2026-09-08T13:32:00,2026-09-08T13:48:00,0.46,True,False
55,20,1,2026-09-08T14:47:00,2026-09-08T15:01:00,3.28,False,False
55,20,1,2026-09-08T16:55:00,2026-09-08T17:16:00,2.86,False,False
55,20,1,2026-09-08T18:38:00,2026-09-08T18:50:00,3.88,False,False
55,20,1,2026-09-08T20:32:00,2026-09-08T20:47:00,3.09,False,False
55,20,1,2026-09-09T06:51:00,2026-09-09T07:15:00,3.74,False,False
55,20,1,2026-09-09T16:17:00,2026-09-09T16:28:00,3.9,False,False
55,20,1,2026-09-09T17:44:00,2026-09-09T18:01:00,3.76,False,False
55,20,1,2026-09-10T07:38:00,2026-09-10T07:49:00,0.48,True,False
55,20,1,2026-09-10T08:35:00,2026-09-10T08:45:00,3.17,False,False
55,20,1,2026-09-10T10:57:00,2026-09-10T11:20:00,3.93,False,False
55,20,1,2026-09-10T12:16:00,2026-09-10T12:37:00,2.82,False,False
55,20,1,2026-09-10T13:40:00,2026-09-10T13:52:00,3.11,False,False
55,20,1,2026-09-10T16:34:00,2026-09-10T16:45:00,3.21,False,False
55,20,1,2026-09-10T17:53:00,2026-09-10T18:17:00,3.4,False,False
55,20,1,2026-09-10T18:49:00,2026-09-10T19:09:00,3.04,False,False
55,20,1,2026-09-11T06:31:00,2026-09-11T06:46:00,3.09,False,False
55,20,1,2026-09-11T07:53:00,2026-09-11T08:17:00,3.34,False,False
55,20,1,2026-09-11T11:34:00,2026-09-11T11:48:00,0.35,True,False
55,20,1,2026-09-11T12:28:00,2026-09-11T12:51:00,3.59,False,False
55,20,1,2026-09-11T14:44:00,2026-09-11T15:03:00,3.72,False,False
55,20,1,2026-09-11T16:14:00,2026-09-11T16:32:00,0.44,True,False
55,20,1,2026-09-11T17:58:00,2026-09-11T18:18:00,3.33,False,False
55,20,1,2026-09-11T20:06:00,2026-09-11T20:26:00,3.17,False,False
55,20,1,2026-09-12T07:50:00,2026-09-12T08:09:00,3.18,False,False
55,20,1,2026-09-12T08:16:00,2026-09-12T08:37:00,3.26,False,False
55,20,1,2026-09-12T10:07:00,2026-09-12T10:25:00,3.34,False,False
55,20,1,2026-09-12T11:11:00,2026-09-12T11:30:00,2.83,False,False
55,20,1,2026-09-12T12:18:00,2026-09-12T12:33:00,3.63,False,False
55,20,1,2026-09-12T12:31:00,2026-09-12T12:56:00,3.03,False,False
55,20,1,2026-09-12T14:59:00,2026-09-12T15:22:00,2.96,False,False
55,20,1,2026-09-12T15:00:00,2026-09-12T15:17:00,3.8,False,False
55,20,1,2026-09-12T17:28:00,2026-09-12T17:42:00,0.36,True,False
55,20,1,2026-09-12T17:53:00,2026-09-12T18:14:00,3.67,False,False
55,20,1,2026-09-12T18:54:00,2026-09-12T19:07:00,3.01,False,False
55,20,1,2026-09-13T06:27:00,2026-09-13T06:48:00,0.54,True,False
55,20,1,2026-09-13T06:51:00,2026-09-13T07:06:00,3.33,False,False
55,20,1,2026-09-13T06:52:00,2026-09-13T07:10:00,3.54,False,False
55,20,1,2026-09-13T09:03:00,2026-09-13T09:14:00,3.73,False,False
55,20,1,2026-09-13T09:21:00,2026-09-13T09:41:00,2.8,False,False
55,20,1,2026-09-13T10:17:00,2026-09-13T10:29:00,3.77,False,False
55,20,1,2026-09-13T16:53:00,2026-09-13T17:06:00,3.39,False,False
55,20,1,2026-09-13T16:57:00,2026-09-13T17:09:00,3.63,False,False
55,20,1,2026-09-13T17:09:00,2026-09-13T17:29:00,2.87,False,False
55,20,1,2026-09-13T17:36:00,2026-09-13T17:48:00,3.41,False,False
55,20,1,2026-09-13T17:52:00,2026-09-13T18:02:00,2.98,False,False
55,20,1,2026-09-14T06:01:00,2026-09-14T06:13:00,3.31,False,False
55,20,1,2026-09-14T06:43:00,2026-09-14T07:08:00,3.26,False,False
55,20,1,2026-09-14T06:58:00,2026-09-14T07:22:00,3.58,False,False
55,20,1,2026-09-14T10:44:00,2026-09-14T11:02:00,3.18,False,False
55,20,1,2026-09-14T11:27:00,2026-09-14T11:43:00,3.57,False,False
55,20,1,2026-09-14T13:04:00,2026-09-14T13:16:00,2.97,False,False
55,20,1,2026-09-14T14:41:00,2026-09-14T15:03:00,3.75,False,False
55,20,1,2026-09-14T15:12:00,2026-09-14T15:32:00,3.41,False,False
55,20,1,2026-09-14T15:22:00,2026-09-14T15:37:00,3.44,False,False
55,20,1,2026-09-14T19:31:00,2026-09-14T19:47:00,3.71,False,False
55,20,1,2026-09-14T19:37:00,2026-09-14T19:49:00,3.51,False,False
55,20,1,2026-09-15T07:19:00,2026-09-15T07:34:00,2.95,False,False
55,20,1,2026-09-15T08:05:00,2026-09-15T08:30:00,0.42,True,False
55,20,1,2026-09-15T13:48:00,2026-09-15T14:07:00,3.6,False,False
55,20,1,2026-09-15T15:49:00,2026-09-15T16:04:00,2.92,False,False
55,20,1,2026-09-16T06:15:00,2026-09-16T06:39:00,2.81,False,False
55,20,1,2026-09-16T10:22:00,2026-09-16T10:41:00,3.63,False,False
55,20,1,2026-09-16T12:42:00,2026-09-16T13:05:00,3.75,False,False
55,20,1,2026-09-16T13:51:00,2026-09-16T14:03:00,3.02,False,False
55,20,1,2026-09-16T14:00:00,2026-09-16T14:19:00,3.13,False,False
55,20,1,2026-09-16T15:46:00,2026-09-16T16:11:00,3.53,False,False
55,20,1,2026-09-16T15:58:00,2026-09-16T16:13:00,3.81,False,False
55,20,1,2026-09-16T17:19:00,2026-09-16T17:37:00,0.44,True,False
55,20,1,2026-09-16T17:48:00,2026-09-16T18:11:00,0.52,True,False
55,20,1,2026-09-16T18:19:00,2026-09-16T18:30:00,3.34,False,False
55,20,1,2026-09-16T18:47:00,2026-09-16T19:07:00,3.51,False,False
55,20,1,2026-09-17T08:27:00,2026-09-17T08:45:00,3.12,False,False
55,20,1,2026-09-17T08:55:00,2026-09-17T09:09:00,3.6,False,False
55,20,1,2026-09-17T10:44:00,2026-09-17T10:55:00,3.19,False,False
55,20,1,2026-09-17T11:20:00,2026-09-17T11:43:00,3.31,False,False
55,20,1,2026-09-17T13:04:00,2026-09-17T13:23:00,3.88,False,False
55,20,1,2026-09-17T14:53:00,2026-09-17T15:10:00,3.6,False,False
55,20,1,2026-09-17T16:47:00,2026-09-17T16:59:00,3.68,False,False
55,20,1,2026-09-17T18:29:00,2026-09-17T18:53:00,3.97,False,False
55,20,1,2026-09-17T18:44:00,2026-09-17T19:06:00,3.76,False,False
55,20,1,2026-09-17T19:24:00,2026-09-17T19:44:00,0.52,True,False
55,20,1,2026-09-18T06:19:00,2026-09-18T06:41:00,3.43,False,False
55,20,1,2026-09-18T07:53:00,2026-09-18T08:13:00,3.86,False,False
55,20,1,2026-09-18T09:03:00,2026-09-18T09:28:00,3.14,False,False
55,20,1,2026-09-18T10:59:00,2026-09-18T11:24:00,3.47,False,False
55,20,1,2026-09-18T11:59:00,2026-09-18T12:19:00,3.05,False,False
55,20,1,2026-09-18T13:49:00,2026-09-18T14:11:00,3.57,False,False
55,20,1,2026-09-18T16:00:00,2026-09-18T16:17:00,2.88,False,False
55,20,1,2026-09-18T17:47:00,2026-09-18T18:01:00,3.45,False,False
55,20,1,2026-09-18T19:07:00,2026-09-18T19:32:00,3.97,False,False
55,20,1,2026-09-19T08:36:00,2026-09-19T08:54:00,3.68,False,False
55,20,1,2026-09-19T09:29:00,2026-09-19T09:51:00,2.95,False,False
55,20,1,2026-09-19T10:56:00,2026-09-19T11:07:00,3.81,False,False
55,20,1,2026-09-19T13:46:00,2026-09-19T13:57:00,3.44,False,False
55,20,1,2026-09-19T16:56:00,2026-09-19T17:07:00,3.03,False,False
55,20,1,2026-09-20T07:00:00,2026-09-20T07:22:00,3.81,False,False
55,20,1,2026-09-20T08:44:00,2026-09-20T09:02:00,3.93,False,False
55,20,1,2026-09-20T09:40:00,2026-09-20T10:05:00,3.4,False,False
55,20,1,2026-09-20T11:40:00,2026-09-20T12:05:00,0.48,True,False
55,20,1,2026-09-20T14:14:00,2026-09-20T14:39:00,3.87,False,False
55,20,1,2026-09-20T15:34:00,2026-09-20T15:53:00,3.4,False,False
55,20,1,2026-09-20T16:22:00,2026-09-20T16:38:00,3.83,False,False
55,20,1,2026-09-21T06:00:00,2026-09-21T06:17:00,2.85,False,False
55,20,1,2026-09-21T09:59:00,2026-09-21T10:16:00,3.07,False,False
55,20,1,2026-09-21T12:15:00,2026-09-21T12:40:00,3.28,False,False
55,20,1,2026-09-21T13:43:00,2026-09-21T14:01:00,3.76,False,False
55,20,1,2026-09-21T16:24:00,2026-09-21T16:46:00,3.8,False,False
55,20,1,2026-09-21T18:10:00,2026-09-21T18:31:00,3.12,False,False
55,20,1,2026-09-21T19:34:00,2026-09-21T19:47:00,3.12,False,False
55,20,1,2026-09-21T20:53:00,2026-09-21T21:16:00,3.26,False,False
55,20,1,2026-09-22T14:08:00,2026-09-22T14:21:00,3.05,False,False
55,20,1,2026-09-22T16:36:00,2026-09-22T16:58:00,3.17,False,False
55,20,1,2026-09-22T19:11:00,2026-09-22T19:31:00,2.95,False,False
55,20,1,2026-09-23T06:38:00,2026-09-23T07:01:00,3.77,False,False
55,20,1,2026-09-23T07:46:00,2026-09-23T08:05:00,3.53,False,False
55,20,1,2026-09-23T10:17:00,2026-09-23T10:37:00,3.06,False,False
55,20,1,2026-09-23T11:21:00,2026-09-23T11:37:00,0.51,True,False
55,20,1,2026-09-23T14:14:00,2026-09-23T14:29:00,3.29,False,False
55,20,1,2026-09-23T15:35:00,2026-09-23T15:58:00,0.39,True,False
55,20,1,2026-09-23T16:58:00,2026-09-23T17:09:00,3.14,False,False
55,20,1,2026-09-23T20:48:00,2026-09-23T21:11:00,3.97,False,False
55,20,1,2026-09-24T08:59:00,2026-09-24T09:24:00,2.84,False,False
55,20,1,2026-09-24T09:55:00,2026-09-24T10:11:00,2.95,False,False
55,20,1,2026-09-24T11:06:00,2026-09-24T11:24:00,3.52,False,False
55,20,1,2026-09-24T13:23:00,2026-09-24T13:46:00,3.88,False,False
55,20,1,2026-09-24T17:09:00,2026-09-24T17:25:00,3.08,False,False
55,20,1,2026-09-24T19:45:00,2026-09-24T19:59:00,3.81,False,False
55,20,1,2026-09-25T07:09:00,2026-09-25T07:32:00,2.97,False,False
55,20,1,2026-09-25T09:20:00,2026-09-25T09:45:00,0.5,True,False
55,20,1,2026-09-25T10:20:00,2026-09-25T10:39:00,0.42,True,False
55,20,1,2026-09-25T11:31:00,2026-09-25T11:43:00,3.18,False,False
55,20,1,2026-09-25T16:27:00,2026-09-25T16:38:00,3.15,False,False
55,20,1,2026-09-25T17:29:00,2026-09-25T17:41:00,3.31,False,False
55,20,1,2026-09-26T08:30:00,2026-09-26T08:41:00,3.19,False,False
55,20,1,2026-09-26T13:30:00,2026-09-26T13:55:00,3.26,False,False
55,20,1,2026-09-26T20:50:00,2026-09-26T21:09:00,0.49,True,False
55,20,1,2026-09-27T06:54:00,2026-09-27T07:09:00,3.42,False,False
55,20,1,2026-09-27T08:22:00,2026-09-27T08:37:00,3.45,False,False
55,20,1,2026-09-27T10:08:00,2026-09-27T10:22:00,3.66,False,False
55,20,1,2026-09-27T12:22:00,2026-09-27T12:39:00,3.34,False,False
55,20,1,2026-09-27T14:17:00,2026-09-27T14:37:00,3.92,False,False
55,20,1,2026-09-27T15:26:00,2026-09-27T15:50:00,2.96,False,False
55,20,1,2026-09-27T16:20:00,2026-09-27T16:31:00,2.85,False,False
55,20,1,2026-09-27T17:18:00,2026-09-27T17:38:00,3.35,False,False
55,20,1,2026-09-28T07:03:00,2026-09-28T07:21:00,0.4,True,False
55,20,1,2026-09-28T09:36:00,2026-09-28T10:00:00,3.83,False,False
55,20,1,2026-09-28T13:10:00,2026-09-28T13:33:00,2.94,False,False
55,20,1,2026-09-28T15:52:00,2026-09-28T16:06:00,2.95,False,False
55,20,1,2026-09-28T16:47:00,2026-09-28T17:00:00,2.81,False,False
55,20,1,2026-09-28T18:44:00,2026-09-28T19:01:00,3.88,False,False
55,20,1,2026-09-29T07:24:00,2026-09-29T07:39:00,0.52,True,False
55,20,1,2026-09-29T16:28:00,2026-09-29T16:44:00,3.97,False,False
55,20,1,2026-09-29T17:29:00,2026-09-29T17:51:00,3.2,False,False
55,20,1,2026-09-29T18:54:00,2026-09-29T19:15:00,3.59,False,False
55,20,1,2026-09-30T06:53:00,2026-09-30T07:14:00,3.91,False,False
55,20,1,2026-09-30T07:05:00,2026-09-30T07:29:00,3.38,False,False
55,20,1,2026-09-30T08:04:00,2026-09-30T08:27:00,3.0,False,False
55,20,1,2026-09-30T10:01:00,2026-09-30T10:25:00,3.24,False,False
55,20,1,2026-09-30T12:14:00,2026-09-30T12:37:00,3.56,False,False
55,20,1,2026-09-30T13:40:00,2026-09-30T13:52:00,3.55,False,False
55,20,1,2026-09-30T14:35:00,2026-09-30T14:53:00,2.99,False,False
55,20,1,2026-09-30T15:45:00,2026-09-30T15:59:00,3.2,False,False
55,20,1,2026-09-30T16:56:00,2026-09-30T17:17:00,0.39,True,False
55,20,1,2026-09-30T17:49:00,2026-09-30T18:10:00,0.55,True,False
55,20,1,2026-10-01T06:50:00,2026-10-01T07:15:00,3.44,False,False
55,20,1,2026-10-01T07:48:00,2026-10-01T08:04:00,2.91,False,False
55,20,1,2026-10-01T09:48:00,2026-10-01T10:08:00,3.29,False,False
55,20,1,2026-10-01T12:52:00,2026-10-01T13:07:00,0.37,True,False
55,20,1,2026-10-01T14:20:00,2026-10-01T14:39:00,3.19,False,False
55,20,1,2026-10-01T15:16:00,2026-10-01T15:35:00,3.05,False,False
55,20,1,2026-10-01T16:51:00,2026-10-01T17:13:00,3.17,False,False
55,20,1,2026-10-01T17:43:00,2026-10-01T17:59:00,2.94,False,False
55,20,1,2026-10-02T06:35:00,2026-10-02T06:52:00,3.04,False,False
55,20,1,2026-10-02T10:08:00,2026-10-02T10:32:00,3.51,False,False
55,20,1,2026-10-02T11:16:00,2026-10-02T11:38:00,3.31,False,False
55,20,1,2026-10-02T14:05:00,2026-10-02T14:27:00,0.49,True,False
55,20,1,2026-10-02T16:16:00,2026-10-02T16:31:00,3.3,False,False
55,20,1,2026-10-02T17:09:00,2026-10-02T17:22:00,3.54,False,False
55,20,1,2026-10-02T19:22:00,2026-10-02T19:44:00,3.83,False,False
55,20,1,2026-10-02T20:25:00,2026-10-02T20:35:00,0.45,True,False
55,20,1,2026-10-03T07:09:00,2026-10-03T07:31:00,0.36,True,False
55,20,1,2026-10-03T08:44:00,2026-10-03T08:59:00,3.35,False,False
55,20,1,2026-10-03T11:04:00,2026-10-03T11:14:00,2.85,False,False
55,20,1,2026-10-03T12:17:00,2026-10-03T12:28:00,3.11,False,False
55,20,1,2026-10-03T16:24:00,2026-10-03T16:36:00,3.51,False,False
55,20,1,2026-10-04T06:44:00,2026-10-04T07:04:00,3.55,False,False
55,20,1,2026-10-04T09:26:00,2026-10-04T09:43:00,2.85,False,False
55,20,1,2026-10-04T13:24:00,2026-10-04T13:45:00,2.99,False,False
55,20,1,2026-10-04T15:26:00,2026-10-04T15:47:00,3.54,False,False
55,20,1,2026-10-04T16:22:00,2026-10-04T16:39:00,2.97,False,False
55,20,1,2026-10-04T17:34:00,2026-10-04T17:56:00,3.55,False,False
55,20,1,2026-10-04T18:23:00,2026-10-04T18:45:00,3.02,False,False
56,24,1,2026-09-05T06:03:00,2026-09-05T06:15:00,2.98,False,False
56,24,1,2026-09-05T10:16:00,2026-09-05T10:41:00,3.03,False,False
56,24,1,2026-09-05T11:26:00,2026-09-05T11:42:00,3.01,False,False
56,24,1,2026-09-05T13:20:00,2026-09-05T13:41:00,3.47,False,False
56,24,1,2026-09-05T15:29:00,2026-09-05T15:41:00,2.95,False,False
56,24,1,2026-09-05T17:45:00,2026-09-05T18:01:00,3.39,False,False
56,24,1,2026-09-05T20:09:00,2026-09-05T20:33:00,3.03,False,False
56,24,1,2026-09-06T07:29:00,2026-09-06T07:47:00,0.45,True,False
56,24,1,2026-09-06T08:20:00,2026-09-06T08:37:00,3.05,False,False
56,24,1,2026-09-06T11:05:00,2026-09-06T11:20:00,2.8,False,False
56,24,1,2026-09-06T12:19:00,2026-09-06T12:41:00,0.41,True,False
56,24,1,2026-09-06T14:32:00,2026-09-06T14:56:00,3.15,False,False
56,24,1,2026-09-06T17:57:00,2026-09-06T18:20:00,3.21,False,False
56,24,1,2026-09-06T19:26:00,2026-09-06T19:47:00,3.31,False,False
56,24,1,2026-09-07T07:34:00,2026-09-07T07:47:00,3.45,False,False
56,24,1,2026-09-07T11:46:00,2026-09-07T12:08:00,3.06,False,False
56,24,1,2026-09-07T14:06:00,2026-09-07T14:28:00,3.0,False,False
56,24,1,2026-09-08T06:14:00,2026-09-08T06:25:00,3.55,False,False
56,24,1,2026-09-08T12:15:00,2026-09-08T12:27:00,2.85,False,False
56,24,1,2026-09-08T18:18:00,2026-09-08T18:38:00,3.44,False,False
56,24,1,2026-09-09T06:49:00,2026-09-09T07:01:00,3.61,False,False
56,24,1,2026-09-09T08:42:00,2026-09-09T08:58:00,3.33,False,False
56,24,1,2026-09-09T10:37:00,2026-09-09T11:00:00,3.92,False,False
56,24,1,2026-09-09T11:35:00,2026-09-09T12:00:00,3.73,False,False
56,24,1,2026-09-09T12:36:00,2026-09-09T12:59:00,3.61,False,False
56,24,1,2026-09-09T15:46:00,2026-09-09T16:06:00,3.39,False,False
56,24,1,2026-09-09T17:12:00,2026-09-09T17:36:00,3.26,False,False
56,24,1,2026-09-09T18:31:00,2026-09-09T18:46:00,3.78,False,False
56,24,1,2026-09-10T08:23:00,2026-09-10T08:44:00,3.13,False,False
56,24,1,2026-09-10T10:07:00,2026-09-10T10:20:00,0.35,True,False
56,24,1,2026-09-10T11:01:00,2026-09-10T11:19:00,3.75,False,False
56,24,1,2026-09-10T14:34:00,2026-09-10T14:58:00,3.53,False,False
56,24,1,2026-09-10T16:52:00,2026-09-10T17:03:00,3.37,False,False
56,24,1,2026-09-10T18:44:00,2026-09-10T19:05:00,0.49,True,False
56,24,1,2026-09-10T20:06:00,2026-09-10T20:28:00,3.65,False,False
56,24,1,2026-09-10T20:55:00,2026-09-10T21:16:00,3.05,False,False
56,24,1,2026-09-11T07:39:00,2026-09-11T07:51:00,3.48,False,False
56,24,1,2026-09-11T18:19:00,2026-09-11T18:39:00,3.21,False,False
56,24,1,2026-09-11T19:06:00,2026-09-11T19:30:00,3.3,False,False
56,24,1,2026-09-11T19:53:00,2026-09-11T20:06:00,3.2,False,False
56,24,1,2026-09-12T06:57:00,2026-09-12T07:20:00,3.5,False,False
56,24,1,2026-09-12T09:57:00,2026-09-12T10:18:00,3.7,False,False
56,24,1,2026-09-12T11:01:00,2026-09-12T11:15:00,3.97,False,False
56,24,1,2026-09-12T15:34:00,2026-09-12T15:50:00,3.97,False,False
56,24,1,2026-09-12T16:40:00,2026-09-12T16:56:00,3.11,False,False
56,24,1,2026-09-12T17:49:00,2026-09-12T18:09:00,3.14,False,False
56,24,1,2026-09-12T18:55:00,2026-09-12T19:17:00,3.69,False,False
56,24,1,2026-09-12T20:22:00,2026-09-12T20:45:00,3.53,False,False
56,24,1,2026-09-13T06:32:00,2026-09-13T06:50:00,2.81,False,False
56,24,1,2026-09-13T08:13:00,2026-09-13T08:37:00,3.15,False,False
56,24,1,2026-09-13T10:23:00,2026-09-13T10:44:00,3.76,False,False
56,24,1,2026-09-13T18:19:00,2026-09-13T18:40:00,3.25,False,False
56,24,1,2026-09-13T20:10:00,2026-09-13T20:20:00,3.19,False,False
56,24,1,2026-09-13T20:58:00,2026-09-13T21:23:00,3.86,False,False
56,24,1,2026-09-14T06:01:00,2026-09-14T06:14:00,3.7,False,False
56,24,1,2026-09-14T06:56:00,2026-09-14T07:17:00,3.05,False,False
56,24,1,2026-09-14T09:09:00,2026-09-14T09:28:00,3.52,False,False
56,24,1,2026-09-14T12:57:00,2026-09-14T13:18:00,3.41,False,False
56,24,1,2026-09-14T15:45:00,2026-09-14T16:08:00,2.88,False,False
56,24,1,2026-09-14T18:58:00,2026-09-14T19:20:00,3.29,False,False
56,24,1,2026-09-14T20:43:00,2026-09-14T21:00:00,2.93,False,False
56,24,1,2026-09-15T11:06:00,2026-09-15T11:21:00,3.73,False,False
56,24,1,2026-09-15T15:55:00,2026-09-15T16:09:00,3.29,False,False
56,24,1,2026-09-15T18:52:00,2026-09-15T19:11:00,3.08,False,False
56,24,1,2026-09-16T09:27:00,2026-09-16T09:44:00,2.98,False,False
56,24,1,2026-09-16T14:31:00,2026-09-16T14:46:00,0.53,True,False
56,24,1,2026-09-16T15:40:00,2026-09-16T16:03:00,3.94,False,False
56,24,1,2026-09-16T16:53:00,2026-09-16T17:17:00,3.94,False,False
56,24,1,2026-09-16T20:19:00,2026-09-16T20:34:00,3.03,False,False
56,24,1,2026-09-17T06:19:00,2026-09-17T06:32:00,3.06,False,False
56,24,1,2026-09-17T07:52:00,2026-09-17T08:08:00,0.48,True,False
56,24,1,2026-09-17T09:36:00,2026-09-17T09:59:00,0.53,True,False
56,24,1,2026-09-17T12:21:00,2026-09-17T12:34:00,3.48,False,False
56,24,1,2026-09-17T13:30:00,2026-09-17T13:42:00,3.27,False,False
56,24,1,2026-09-17T17:00:00,2026-09-17T17:16:00,3.57,False,False
56,24,1,2026-09-17T17:49:00,2026-09-17T18:12:00,3.57,False,False
56,24,1,2026-09-17T19:34:00,2026-09-17T19:51:00,3.64,False,False
56,24,1,2026-09-18T06:10:00,2026-09-18T06:34:00,3.75,False,False
56,24,1,2026-09-18T07:20:00,2026-09-18T07:39:00,3.3,False,False
56,24,1,2026-09-18T08:32:00,2026-09-18T08:52:00,3.85,False,False
56,24,1,2026-09-18T09:41:00,2026-09-18T09:54:00,3.53,False,False
56,24,1,2026-09-18T10:52:00,2026-09-18T11:17:00,3.06,False,False
56,24,1,2026-09-18T12:06:00,2026-09-18T12:18:00,3.84,False,False
56,24,1,2026-09-18T13:33:00,2026-09-18T13:58:00,3.09,False,False
56,24,1,2026-09-18T15:25:00,2026-09-18T15:46:00,3.09,False,False
56,24,1,2026-09-18T17:05:00,2026-09-18T17:19:00,3.37,False,False
56,24,1,2026-09-19T06:56:00,2026-09-19T07:08:00,4.0,False,False
56,24,1,2026-09-19T07:47:00,2026-09-19T08:02:00,0.37,True,False
56,24,1,2026-09-19T08:59:00,2026-09-19T09:16:00,3.92,False,False
56,24,1,2026-09-19T10:28:00,2026-09-19T10:39:00,3.15,False,False
56,24,1,2026-09-19T12:30:00,2026-09-19T12:46:00,3.0,False,False
56,24,1,2026-09-19T15:16:00,2026-09-19T15:34:00,3.3,False,False
56,24,1,2026-09-19T16:16:00,2026-09-19T16:35:00,3.36,False,False
56,24,1,2026-09-19T17:16:00,2026-09-19T17:35:00,3.76,False,False
56,24,1,2026-09-20T07:06:00,2026-09-20T07:31:00,3.42,False,False
56,24,1,2026-09-20T08:22:00,2026-09-20T08:45:00,2.86,False,False
56,24,1,2026-09-20T14:36:00,2026-09-20T14:56:00,2.91,False,False
56,24,1,2026-09-20T16:05:00,2026-09-20T16:28:00,3.22,False,False
56,24,1,2026-09-20T17:20:00,2026-09-20T17:42:00,2.82,False,False
56,24,1,2026-09-20T19:11:00,2026-09-20T19:22:00,0.4,True,False
56,24,1,2026-09-20T20:43:00,2026-09-20T21:01:00,3.44,False,False
56,24,1,2026-09-21T10:04:00,2026-09-21T10:28:00,0.53,True,False
56,24,1,2026-09-21T12:50:00,2026-09-21T13:08:00,3.61,False,False
56,24,1,2026-09-21T14:26:00,2026-09-21T14:49:00,3.19,False,False
56,24,1,2026-09-21T17:48:00,2026-09-21T18:02:00,3.58,False,False
56,24,1,2026-09-22T07:30:00,2026-09-22T07:50:00,0.55,True,False
56,24,1,2026-09-22T11:54:00,2026-09-22T12:12:00,3.99,False,False
56,24,1,2026-09-22T14:09:00,2026-09-22T14:33:00,3.25,False,False
56,24,1,2026-09-22T15:28:00,2026-09-22T15:41:00,3.91,False,False
56,24,1,2026-09-22T15:48:00,2026-09-22T16:13:00,3.4,False,False
56,24,1,2026-09-22T16:21:00,2026-09-22T16:33:00,3.78,False,False
56,24,1,2026-09-22T18:53:00,2026-09-22T19:13:00,3.23,False,False
56,24,1,2026-09-22T19:13:00,2026-09-22T19:25:00,3.35,False,False
56,24,1,2026-09-22T20:07:00,2026-09-22T20:21:00,3.16,False,False
56,24,1,2026-09-22T20:10:00,2026-09-22T20:22:00,0.46,True,False
56,24,1,2026-09-23T08:11:00,2026-09-23T08:29:00,3.38,False,False
56,24,1,2026-09-23T11:57:00,2026-09-23T12:21:00,3.25,False,False
56,24,1,2026-09-23T13:27:00,2026-09-23T13:51:00,3.97,False,False
56,24,1,2026-09-23T16:49:00,2026-09-23T17:08:00,3.99,False,False
56,24,1,2026-09-23T17:59:00,2026-09-23T18:22:00,3.99,False,False
56,24,1,2026-09-23T20:17:00,2026-09-23T20:33:00,3.58,False,False
56,24,1,2026-09-24T09:04:00,2026-09-24T09:17:00,3.01,False,False
56,24,1,2026-09-24T10:06:00,2026-09-24T10:18:00,3.31,False,False
56,24,1,2026-09-24T13:55:00,2026-09-24T14:13:00,3.73,False,False
56,24,1,2026-09-25T06:53:00,2026-09-25T07:18:00,3.31,False,False
56,24,1,2026-09-25T07:58:00,2026-09-25T08:20:00,3.96,False,False
56,24,1,2026-09-25T09:18:00,2026-09-25T09:42:00,3.65,False,False
56,24,1,2026-09-25T09:55:00,2026-09-25T10:06:00,2.89,False,False
56,24,1,2026-09-25T11:20:00,2026-09-25T11:33:00,0.43,True,False
56,24,1,2026-09-25T11:58:00,2026-09-25T12:11:00,3.99,False,False
56,24,1,2026-09-25T14:11:00,2026-09-25T14:27:00,3.8,False,False
56,24,1,2026-09-25T14:32:00,2026-09-25T14:55:00,0.41,True,False
56,24,1,2026-09-25T19:31:00,2026-09-25T19:46:00,3.15,False,False
56,24,1,2026-09-25T20:37:00,2026-09-25T20:50:00,3.26,False,False
56,24,1,2026-09-26T06:47:00,2026-09-26T07:01:00,2.81,False,False
56,24,1,2026-09-26T10:43:00,2026-09-26T11:07:00,3.71,False,False
56,24,1,2026-09-26T11:45:00,2026-09-26T12:09:00,3.58,False,False
56,24,1,2026-09-26T14:53:00,2026-09-26T15:13:00,3.98,False,False
56,24,1,2026-09-26T18:29:00,2026-09-26T18:48:00,3.6,False,False
56,24,1,2026-09-27T08:27:00,2026-09-27T08:45:00,2.89,False,False
56,24,1,2026-09-27T09:36:00,2026-09-27T09:48:00,3.31,False,False
56,24,1,2026-09-27T11:44:00,2026-09-27T11:59:00,2.93,False,False
56,24,1,2026-09-27T11:56:00,2026-09-27T12:06:00,3.17,False,False
56,24,1,2026-09-27T15:34:00,2026-09-27T15:55:00,3.77,False,False
56,24,1,2026-09-27T16:16:00,2026-09-27T16:34:00,3.09,False,False
56,24,1,2026-09-27T17:33:00,2026-09-27T17:50:00,2.9,False,False
56,24,1,2026-09-27T17:37:00,2026-09-27T18:01:00,2.9,False,False
56,24,1,2026-09-27T20:12:00,2026-09-27T20:23:00,2.87,False,False
56,24,1,2026-09-28T07:09:00,2026-09-28T07:32:00,3.24,False,False
56,24,1,2026-09-28T11:35:00,2026-09-28T11:56:00,0.4,True,False
56,24,1,2026-09-28T14:26:00,2026-09-28T14:37:00,2.83,False,False
56,24,1,2026-09-28T18:45:00,2026-09-28T19:02:00,3.06,False,False
56,24,1,2026-09-29T06:29:00,2026-09-29T06:48:00,3.21,False,False
56,24,1,2026-09-29T07:15:00,2026-09-29T07:39:00,3.06,False,False
56,24,1,2026-09-29T08:53:00,2026-09-29T09:09:00,3.22,False,False
56,24,1,2026-09-29T09:52:00,2026-09-29T10:06:00,2.82,False,False
56,24,1,2026-09-29T12:54:00,2026-09-29T13:06:00,3.06,False,False
56,24,1,2026-09-29T13:54:00,2026-09-29T14:15:00,3.88,False,False
56,24,1,2026-09-29T15:25:00,2026-09-29T15:35:00,2.81,False,False
56,24,1,2026-09-29T16:14:00,2026-09-29T16:33:00,2.84,False,False
56,24,1,2026-09-30T08:18:00,2026-09-30T08:37:00,3.72,False,False
56,24,1,2026-09-30T12:16:00,2026-09-30T12:38:00,2.98,False,False
56,24,1,2026-09-30T17:01:00,2026-09-30T17:24:00,3.12,False,False
56,24,1,2026-09-30T18:15:00,2026-09-30T18:38:00,3.99,False,False
56,24,1,2026-10-01T07:23:00,2026-10-01T07:38:00,3.94,False,False
56,24,1,2026-10-01T08:40:00,2026-10-01T08:52:00,3.62,False,False
56,24,1,2026-10-01T09:38:00,2026-10-01T09:49:00,3.4,False,False
56,24,1,2026-10-01T10:49:00,2026-10-01T11:07:00,3.89,False,False
56,24,1,2026-10-01T13:46:00,2026-10-01T14:04:00,3.21,False,False
56,24,1,2026-10-01T15:16:00,2026-10-01T15:37:00,0.4,True,False
56,24,1,2026-10-01T18:09:00,2026-10-01T18:25:00,3.22,False,False
56,24,1,2026-10-01T20:19:00,2026-10-01T20:30:00,3.15,False,False
56,24,1,2026-10-02T06:06:00,2026-10-02T06:18:00,3.09,False,False
56,24,1,2026-10-02T06:39:00,2026-10-02T06:51:00,3.54,False,False
56,24,1,2026-10-02T07:13:00,2026-10-02T07:29:00,3.63,False,False
56,24,1,2026-10-02T07:45:00,2026-10-02T07:59:00,3.34,False,False
56,24,1,2026-10-02T08:39:00,2026-10-02T09:00:00,3.63,False,False
56,24,1,2026-10-02T09:37:00,2026-10-02T09:49:00,3.33,False,False
56,24,1,2026-10-02T14:28:00,2026-10-02T14:48:00,3.66,False,False
56,24,1,2026-10-02T14:43:00,2026-10-02T15:04:00,3.96,False,False
56,24,1,2026-10-02T14:55:00,2026-10-02T15:20:00,2.97,False,False
56,24,1,2026-10-02T15:08:00,2026-10-02T15:30:00,3.7,False,False
56,24,1,2026-10-03T07:06:00,2026-10-03T07:18:00,3.95,False,False
56,24,1,2026-10-03T15:16:00,2026-10-03T15:31:00,3.16,False,False
56,24,1,2026-10-03T19:52:00,2026-10-03T20:17:00,3.46,False,False
56,24,1,2026-10-04T13:31:00,2026-10-04T13:49:00,2.84,False,False
56,24,1,2026-10-04T16:31:00,2026-10-04T16:42:00,3.67,False,False
56,24,1,2026-10-04T18:12:00,2026-10-04T18:26:00,2.99,False,False
57,28,1,2026-09-05T06:21:00,2026-09-05T06:32:00,3.07,False,False
57,28,1,2026-09-05T08:17:00,2026-09-05T08:32:00,0.54,True,False
57,28,1,2026-09-05T09:45:00,2026-09-05T10:07:00,2.93,False,False
57,28,1,2026-09-05T10:34:00,2026-09-05T10:51:00,2.9,False,False
57,28,1,2026-09-05T12:22:00,2026-09-05T12:36:00,0.48,True,False
57,28,1,2026-09-05T15:28:00,2026-09-05T15:50:00,3.2,False,False
57,28,1,2026-09-05T17:08:00,2026-09-05T17:32:00,3.44,False,False
57,28,1,2026-09-05T19:23:00,2026-09-05T19:36:00,3.85,False,False
57,28,1,2026-09-05T20:12:00,2026-09-05T20:34:00,3.45,False,False
57,28,1,2026-09-06T06:26:00,2026-09-06T06:46:00,3.54,False,False
57,28,1,2026-09-06T10:47:00,2026-09-06T11:12:00,0.44,True,False
57,28,1,2026-09-06T14:11:00,2026-09-06T14:34:00,3.49,False,False
57,28,1,2026-09-06T14:14:00,2026-09-06T14:28:00,3.09,False,False
57,28,1,2026-09-06T15:53:00,2026-09-06T16:18:00,3.33,False,False
57,28,1,2026-09-06T15:54:00,2026-09-06T16:08:00,2.81,False,False
57,28,1,2026-09-06T15:59:00,2026-09-06T16:13:00,3.48,False,False
57,28,1,2026-09-06T16:58:00,2026-09-06T17:22:00,2.85,False,False
57,28,1,2026-09-06T20:05:00,2026-09-06T20:29:00,0.36,True,False
57,28,1,2026-09-06T20:51:00,2026-09-06T21:09:00,3.57,False,False
57,28,1,2026-09-07T08:52:00,2026-09-07T09:10:00,2.83,False,False
57,28,1,2026-09-07T09:13:00,2026-09-07T09:29:00,3.53,False,False
57,28,1,2026-09-07T09:27:00,2026-09-07T09:42:00,3.74,False,False
57,28,1,2026-09-07T10:44:00,2026-09-07T11:06:00,3.41,False,False
57,28,1,2026-09-07T12:02:00,2026-09-07T12:26:00,3.14,False,False
57,28,1,2026-09-07T13:59:00,2026-09-07T14:12:00,3.27,False,False
57,28,1,2026-09-07T14:30:00,2026-09-07T14:53:00,3.81,False,False
57,28,1,2026-09-07T14:55:00,2026-09-07T15:17:00,3.22,False,False
57,28,1,2026-09-07T16:50:00,2026-09-07T17:11:00,2.8,False,False
57,28,1,2026-09-07T18:25:00,2026-09-07T18:47:00,3.0,False,False
57,28,1,2026-09-07T19:20:00,2026-09-07T19:42:00,0.5,True,False
57,28,1,2026-09-08T12:13:00,2026-09-08T12:27:00,3.33,False,False
57,28,1,2026-09-08T19:49:00,2026-09-08T20:10:00,2.9,False,False
57,28,1,2026-09-08T20:45:00,2026-09-08T20:59:00,3.86,False,False
57,28,1,2026-09-09T08:17:00,2026-09-09T08:41:00,3.69,False,False
57,28,1,2026-09-09T09:41:00,2026-09-09T10:02:00,0.5,True,False
57,28,1,2026-09-09T12:59:00,2026-09-09T13:12:00,2.89,False,False
57,28,1,2026-09-09T14:03:00,2026-09-09T14:14:00,3.68,False,False
57,28,1,2026-09-09T18:25:00,2026-09-09T18:36:00,3.68,False,False
57,28,1,2026-09-10T06:14:00,2026-09-10T06:35:00,0.41,True,False
57,28,1,2026-09-10T07:06:00,2026-09-10T07:21:00,2.83,False,False
57,28,1,2026-09-10T09:11:00,2026-09-10T09:23:00,0.39,True,False
57,28,1,2026-09-10T10:18:00,2026-09-10T10:30:00,3.25,False,False
57,28,1,2026-09-10T12:10:00,2026-09-10T12:31:00,3.86,False,False
57,28,1,2026-09-10T12:56:00,2026-09-10T13:07:00,3.87,False,False
57,28,1,2026-09-10T14:31:00,2026-09-10T14:55:00,2.86,False,False
57,28,1,2026-09-10T15:31:00,2026-09-10T15:55:00,3.46,False,False
57,28,1,2026-09-10T16:52:00,2026-09-10T17:08:00,3.65,False,False
57,28,1,2026-09-10T17:41:00,2026-09-10T18:05:00,2.96,False,False
57,28,1,2026-09-11T06:29:00,2026-09-11T06:53:00,3.29,False,False
57,28,1,2026-09-11T06:50:00,2026-09-11T07:05:00,3.29,False,False
57,28,1,2026-09-11T07:03:00,2026-09-11T07:14:00,3.12,False,False
57,28,1,2026-09-11T08:25:00,2026-09-11T08:40:00,2.83,False,False
57,28,1,2026-09-11T09:02:00,2026-09-11T09:18:00,3.49,False,False
57,28,1,2026-09-11T09:34:00,2026-09-11T09:48:00,0.42,True,False
57,28,1,2026-09-11T16:05:00,2026-09-11T16:29:00,3.31,False,False
57,28,1,2026-09-11T17:55:00,2026-09-11T18:16:00,3.18,False,False
57,28,1,2026-09-11T17:56:00,2026-09-11T18:08:00,3.56,False,False
57,28,1,2026-09-11T19:02:00,2026-09-11T19:24:00,3.23,False,False
57,28,1,2026-09-12T08:10:00,2026-09-12T08:25:00,3.08,False,False
57,28,1,2026-09-12T09:13:00,2026-09-12T09:30:00,2.86,False,False
57,28,1,2026-09-12T10:13:00,2026-09-12T10:23:00,3.38,False,False
57,28,1,2026-09-12T11:19:00,2026-09-12T11:29:00,2.8,False,False
57,28,1,2026-09-12T16:11:00,2026-09-12T16:24:00,3.31,False,False
57,28,1,2026-09-12T17:05:00,2026-09-12T17:27:00,3.2,False,False
57,28,1,2026-09-12T19:33:00,2026-09-12T19:49:00,3.85,False,False
57,28,1,2026-09-12T20:31:00,2026-09-12T20:55:00,3.57,False,False
57,28,1,2026-09-13T06:06:00,2026-09-13T06:26:00,3.66,False,False
57,28,1,2026-09-13T07:58:00,2026-09-13T08:17:00,3.34,False,False
57,28,1,2026-09-13T11:20:00,2026-09-13T11:37:00,3.15,False,False
57,28,1,2026-09-13T14:03:00,2026-09-13T14:28:00,2.93,False,False
57,28,1,2026-09-13T16:01:00,2026-09-13T16:19:00,3.93,False,False
57,28,1,2026-09-13T17:31:00,2026-09-13T17:44:00,3.86,False,False
57,28,1,2026-09-13T19:24:00,2026-09-13T19:45:00,3.45,False,False
57,28,1,2026-09-13T20:27:00,2026-09-13T20:49:00,3.62,False,False
57,28,1,2026-09-14T06:30:00,2026-09-14T06:41:00,3.44,False,False
57,28,1,2026-09-14T07:15:00,2026-09-14T07:30:00,3.41,False,False
57,28,1,2026-09-14T11:10:00,2026-09-14T11:21:00,2.85,False,False
57,28,1,2026-09-15T06:19:00,2026-09-15T06:31:00,3.78,False,False
57,28,1,2026-09-15T09:16:00,2026-09-15T09:27:00,3.6,False,False
57,28,1,2026-09-15T12:36:00,2026-09-15T12:47:00,3.13,False,False
57,28,1,2026-09-15T18:28:00,2026-09-15T18:49:00,3.81,False,False
57,28,1,2026-09-16T08:37:00,2026-09-16T08:48:00,3.1,False,False
57,28,1,2026-09-16T13:25:00,2026-09-16T13:35:00,3.83,False,False
57,28,1,2026-09-16T16:27:00,2026-09-16T16:46:00,0.36,True,False
57,28,1,2026-09-16T20:13:00,2026-09-16T20:37:00,2.96,False,False
57,28,1,2026-09-17T06:42:00,2026-09-17T06:57:00,3.22,False,False
57,28,1,2026-09-17T08:43:00,2026-09-17T09:01:00,2.84,False,False
57,28,1,2026-09-17T09:33:00,2026-09-17T09:47:00,2.83,False,False
57,28,1,2026-09-17T14:43:00,2026-09-17T15:00:00,3.78,False,False
57,28,1,2026-09-17T15:47:00,2026-09-17T16:01:00,0.43,True,False
57,28,1,2026-09-17T17:42:00,2026-09-17T18:03:00,3.35,False,False
57,28,1,2026-09-18T14:57:00,2026-09-18T15:17:00,3.11,False,False
57,28,1,2026-09-18T17:41:00,2026-09-18T17:57:00,3.33,False,False
57,28,1,2026-09-18T19:29:00,2026-09-18T19:50:00,3.83,False,False
57,28,1,2026-09-18T20:56:00,2026-09-18T21:20:00,3.41,False,False
57,28,1,2026-09-19T07:39:00,2026-09-19T07:51:00,3.6,False,False
57,28,1,2026-09-19T08:56:00,2026-09-19T09:06:00,3.89,False,False
57,28,1,2026-09-19T12:32:00,2026-09-19T12:51:00,0.44,True,False
57,28,1,2026-09-19T14:10:00,2026-09-19T14:23:00,3.88,False,False
57,28,1,2026-09-19T15:47:00,2026-09-19T16:09:00,3.56,False,False
57,28,1,2026-09-19T20:03:00,2026-09-19T20:20:00,3.92,False,False
57,28,1,2026-09-19T20:54:00,2026-09-19T21:18:00,2.86,False,False
57,28,1,2026-09-20T07:18:00,2026-09-20T07:29:00,3.13,False,False
57,28,1,2026-09-20T07:30:00,2026-09-20T07:43:00,2.95,False,False
57,28,1,2026-09-20T07:44:00,2026-09-20T08:01:00,3.38,False,False
57,28,1,2026-09-20T10:16:00,2026-09-20T10:27:00,3.1,False,False
57,28,1,2026-09-20T11:34:00,2026-09-20T11:51:00,3.18,False,False
57,28,1,2026-09-20T11:45:00,2026-09-20T11:56:00,3.91,False,False
57,28,1,2026-09-20T12:36:00,2026-09-20T12:48:00,3.03,False,False
57,28,1,2026-09-20T14:46:00,2026-09-20T15:00:00,3.12,False,False
57,28,1,2026-09-20T17:46:00,2026-09-20T17:59:00,3.2,False,False
57,28,1,2026-09-20T19:00:00,2026-09-20T19:22:00,0.42,True,False
57,28,1,2026-09-20T20:16:00,2026-09-20T20:39:00,2.94,False,False
57,28,1,2026-09-21T06:54:00,2026-09-21T07:17:00,3.37,False,False
57,28,1,2026-09-21T11:13:00,2026-09-21T11:25:00,3.09,False,False
57,28,1,2026-09-21T13:42:00,2026-09-21T14:06:00,2.88,False,False
57,28,1,2026-09-21T17:47:00,2026-09-21T18:11:00,0.42,True,False
57,28,1,2026-09-21T20:37:00,2026-09-21T20:54:00,2.98,False,False
57,28,1,2026-09-22T08:25:00,2026-09-22T08:49:00,3.64,False,False
57,28,1,2026-09-22T09:47:00,2026-09-22T10:03:00,3.27,False,False
57,28,1,2026-09-22T10:48:00,2026-09-22T11:11:00,3.91,False,False
57,28,1,2026-09-22T11:52:00,2026-09-22T12:02:00,3.83,False,False
57,28,1,2026-09-22T14:47:00,2026-09-22T15:00:00,3.97,False,False
57,28,1,2026-09-22T15:44:00,2026-09-22T16:03:00,3.22,False,False
57,28,1,2026-09-22T16:42:00,2026-09-22T17:03:00,3.4,False,False
57,28,1,2026-09-22T18:00:00,2026-09-22T18:18:00,3.95,False,False
57,28,1,2026-09-22T19:15:00,2026-09-22T19:26:00,3.87,False,False
57,28,1,2026-09-23T07:18:00,2026-09-23T07:39:00,3.84,False,False
57,28,1,2026-09-23T11:32:00,2026-09-23T11:53:00,2.85,False,False
57,28,1,2026-09-23T13:08:00,2026-09-23T13:22:00,3.49,False,False
57,28,1,2026-09-23T16:00:00,2026-09-23T16:13:00,0.51,True,False
57,28,1,2026-09-23T17:33:00,2026-09-23T17:50:00,2.9,False,False
57,28,1,2026-09-23T18:45:00,2026-09-23T18:56:00,3.79,False,False
57,28,1,2026-09-23T19:50:00,2026-09-23T20:05:00,3.92,False,False
57,28,1,2026-09-24T06:31:00,2026-09-24T06:52:00,3.84,False,False
57,28,1,2026-09-24T10:17:00,2026-09-24T10:29:00,3.11,False,False
57,28,1,2026-09-24T16:28:00,2026-09-24T16:42:00,3.69,False,False
57,28,1,2026-09-24T17:45:00,2026-09-24T18:01:00,3.45,False,False
57,28,1,2026-09-25T06:05:00,2026-09-25T06:23:00,3.47,False,False
57,28,1,2026-09-25T06:38:00,2026-09-25T06:50:00,3.42,False,False
57,28,1,2026-09-25T08:02:00,2026-09-25T08:26:00,3.09,False,False
57,28,1,2026-09-25T09:09:00,2026-09-25T09:19:00,3.95,False,False
57,28,1,2026-09-25T10:39:00,2026-09-25T11:02:00,3.24,False,False
57,28,1,2026-09-25T12:45:00,2026-09-25T13:05:00,0.43,True,False
57,28,1,2026-09-25T13:17:00,2026-09-25T13:40:00,3.02,False,False
57,28,1,2026-09-25T14:08:00,2026-09-25T14:26:00,2.94,False,False
57,28,1,2026-09-25T14:37:00,2026-09-25T14:50:00,3.24,False,False
57,28,1,2026-09-25T15:42:00,2026-09-25T15:59:00,2.81,False,False
57,28,1,2026-09-25T19:03:00,2026-09-25T19:14:00,3.44,False,False
57,28,1,2026-09-26T07:21:00,2026-09-26T07:31:00,3.9,False,False
57,28,1,2026-09-26T08:59:00,2026-09-26T09:17:00,3.96,False,False
57,28,1,2026-09-26T13:42:00,2026-09-26T14:01:00,3.55,False,False
57,28,1,2026-09-26T16:10:00,2026-09-26T16:31:00,2.88,False,False
57,28,1,2026-09-26T17:58:00,2026-09-26T18:16:00,0.48,True,False
57,28,1,2026-09-26T18:50:00,2026-09-26T19:04:00,3.17,False,False
57,28,1,2026-09-27T10:09:00,2026-09-27T10:23:00,2.92,False,False
57,28,1,2026-09-27T11:00:00,2026-09-27T11:15:00,3.41,False,False
57,28,1,2026-09-27T15:20:00,2026-09-27T15:33:00,3.62,False,False
57,28,1,2026-09-27T17:06:00,2026-09-27T17:31:00,3.18,False,False
57,28,1,2026-09-28T09:00:00,2026-09-28T09:10:00,3.21,False,False
57,28,1,2026-09-28T09:44:00,2026-09-28T10:05:00,3.89,False,False
57,28,1,2026-09-28T10:48:00,2026-09-28T11:04:00,3.06,False,False
57,28,1,2026-09-28T13:12:00,2026-09-28T13:31:00,3.59,False,False
57,28,1,2026-09-28T15:35:00,2026-09-28T16:00:00,3.18,False,False
57,28,1,2026-09-28T16:33:00,2026-09-28T16:45:00,2.81,False,False
57,28,1,2026-09-28T16:53:00,2026-09-28T17:11:00,3.79,False,False
57,28,1,2026-09-28T17:53:00,2026-09-28T18:11:00,3.51,False,False
57,28,1,2026-09-28T18:08:00,2026-09-28T18:21:00,2.99,False,False
57,28,1,2026-09-28T19:43:00,2026-09-28T20:03:00,3.59,False,False
57,28,1,2026-09-29T06:54:00,2026-09-29T07:09:00,3.63,False,False
57,28,1,2026-09-29T12:26:00,2026-09-29T12:38:00,0.44,True,False
57,28,1,2026-09-29T13:11:00,2026-09-29T13:30:00,3.12,False,False
57,28,1,2026-09-29T14:43:00,2026-09-29T15:06:00,3.02,False,False
57,28,1,2026-09-29T15:45:00,2026-09-29T16:05:00,3.73,False,False
57,28,1,2026-09-29T17:20:00,2026-09-29T17:43:00,3.89,False,False
57,28,1,2026-09-29T19:20:00,2026-09-29T19:33:00,3.85,False,False
57,28,1,2026-09-29T20:43:00,2026-09-29T20:55:00,3.79,False,False
57,28,1,2026-09-30T09:22:00,2026-09-30T09:43:00,0.52,True,False
57,28,1,2026-09-30T13:01:00,2026-09-30T13:12:00,3.44,False,False
57,28,1,2026-09-30T13:51:00,2026-09-30T14:04:00,3.57,False,False
57,28,1,2026-09-30T16:00:00,2026-09-30T16:23:00,3.91,False,False
57,28,1,2026-09-30T18:58:00,2026-09-30T19:21:00,3.36,False,False
57,28,1,2026-10-01T06:22:00,2026-10-01T06:42:00,0.39,True,False
57,28,1,2026-10-01T06:30:00,2026-10-01T06:46:00,0.48,True,False
57,28,1,2026-10-01T09:46:00,2026-10-01T10:02:00,3.5,False,False
57,28,1,2026-10-01T12:11:00,2026-10-01T12:27:00,0.43,True,False
57,28,1,2026-10-01T13:21:00,2026-10-01T13:34:00,3.88,False,False
57,28,1,2026-10-01T15:42:00,2026-10-01T15:53:00,3.48,False,False
57,28,1,2026-10-01T16:21:00,2026-10-01T16:38:00,3.3,False,False
57,28,1,2026-10-01T16:23:00,2026-10-01T16:41:00,3.36,False,False
57,28,1,2026-10-01T17:53:00,2026-10-01T18:07:00,3.02,False,False
57,28,1,2026-10-01T18:38:00,2026-10-01T19:03:00,0.47,True,False
57,28,1,2026-10-02T06:11:00,2026-10-02T06:28:00,3.36,False,False
57,28,1,2026-10-02T06:18:00,2026-10-02T06:40:00,3.23,False,False
57,28,1,2026-10-02T06:58:00,2026-10-02T07:19:00,3.44,False,False
57,28,1,2026-10-02T11:00:00,2026-10-02T11:24:00,3.16,False,False
57,28,1,2026-10-02T11:14:00,2026-10-02T11:32:00,3.7,False,False
57,28,1,2026-10-02T14:33:00,2026-10-02T14:48:00,2.99,False,False
57,28,1,2026-10-02T18:33:00,2026-10-02T18:47:00,2.92,False,False
57,28,1,2026-10-02T19:22:00,2026-10-02T19:36:00,3.17,False,False
57,28,1,2026-10-02T19:32:00,2026-10-02T19:47:00,3.21,False,False
57,28,1,2026-10-02T19:56:00,2026-10-02T20:20:00,3.64,False,False
57,28,1,2026-10-02T20:23:00,2026-10-02T20:39:00,3.54,False,False
57,28,1,2026-10-03T08:27:00,2026-10-03T08:51:00,3.61,False,False
57,28,1,2026-10-03T13:49:00,2026-10-03T14:08:00,2.89,False,False
57,28,1,2026-10-03T19:24:00,2026-10-03T19:37:00,3.06,False,False
57,28,1,2026-10-03T20:38:00,2026-10-03T20:51:00,3.81,False,False
57,28,1,2026-10-04T07:23:00,2026-10-04T07:41:00,3.8,False,False
57,28,1,2026-10-04T09:53:00,2026-10-04T10:04:00,3.24,False,False
57,28,1,2026-10-04T12:34:00,2026-10-04T12:48:00,3.22,False,False
57,28,1,2026-10-04T19:22:00,2026-10-04T19:42:00,0.55,True,False
58,32,1,2026-09-05T06:03:00,2026-09-05T06:23:00,3.41,False,False
58,32,1,2026-09-05T07:59:00,2026-09-05T08:12:00,3.17,False,False
58,32,1,2026-09-05T13:20:00,2026-09-05T13:38:00,3.58,False,False
58,32,1,2026-09-05T14:05:00,2026-09-05T14:30:00,0.47,True,False
58,32,1,2026-09-05T15:00:00,2026-09-05T15:21:00,3.25,False,False
58,32,1,2026-09-05T15:49:00,2026-09-05T16:12:00,3.01,False,False
58,32,1,2026-09-05T19:00:00,2026-09-05T19:18:00,3.06,False,False
58,32,1,2026-09-06T06:31:00,2026-09-06T06:43:00,3.79,False,False
58,32,1,2026-09-06T08:06:00,2026-09-06T08:18:00,3.73,False,False
58,32,1,2026-09-06T09:28:00,2026-09-06T09:42:00,2.8,False,False
58,32,1,2026-09-06T10:17:00,2026-09-06T10:29:00,3.49,False,False
58,32,1,2026-09-06T11:17:00,2026-09-06T11:33:00,3.05,False,False
58,32,1,2026-09-06T13:08:00,2026-09-06T13:19:00,3.13,False,False
58,32,1,2026-09-06T15:10:00,2026-09-06T15:30:00,3.15,False,False
58,32,1,2026-09-06T16:18:00,2026-09-06T16:39:00,3.28,False,False
58,32,1,2026-09-06T17:30:00,2026-09-06T17:45:00,3.21,False,False
58,32,1,2026-09-06T19:06:00,2026-09-06T19:16:00,3.46,False,False
58,32,1,2026-09-07T07:45:00,2026-09-07T07:59:00,3.86,False,False
58,32,1,2026-09-07T12:53:00,2026-09-07T13:12:00,0.49,True,False
58,32,1,2026-09-07T15:11:00,2026-09-07T15:27:00,3.76,False,False
58,32,1,2026-09-07T17:32:00,2026-09-07T17:57:00,3.2,False,False
58,32,1,2026-09-08T07:49:00,2026-09-08T08:12:00,3.07,False,False
58,32,1,2026-09-08T09:07:00,2026-09-08T09:28:00,3.72,False,False
58,32,1,2026-09-08T10:07:00,2026-09-08T10:20:00,3.96,False,False
58,32,1,2026-09-08T11:56:00,2026-09-08T12:10:00,3.76,False,False
58,32,1,2026-09-09T06:24:00,2026-09-09T06:43:00,3.45,False,False
58,32,1,2026-09-09T09:07:00,2026-09-09T09:20:00,4.0,False,False
58,32,1,2026-09-09T10:51:00,2026-09-09T11:12:00,3.11,False,False
58,32,1,2026-09-09T12:03:00,2026-09-09T12:22:00,3.06,False,False
58,32,1,2026-09-09T12:52:00,2026-09-09T13:07:00,3.38,False,False
58,32,1,2026-09-09T13:05:00,2026-09-09T13:22:00,3.44,False,False
58,32,1,2026-09-09T15:52:00,2026-09-09T16:13:00,3.23,False,False
58,32,1,2026-09-09T17:36:00,2026-09-09T17:53:00,3.16,False,False
58,32,1,2026-09-09T17:38:00,2026-09-09T17:53:00,3.73,False,False
58,32,1,2026-09-09T20:19:00,2026-09-09T20:31:00,3.31,False,False
58,32,1,2026-09-10T10:14:00,2026-09-10T10:30:00,3.58,False,False
58,32,1,2026-09-10T13:52:00,2026-09-10T14:06:00,3.09,False,False
58,32,1,2026-09-10T16:51:00,2026-09-10T17:02:00,3.52,False,False
58,32,1,2026-09-10T18:47:00,2026-09-10T19:03:00,3.17,False,False
58,32,1,2026-09-11T09:31:00,2026-09-11T09:55:00,3.05,False,False
58,32,1,2026-09-11T10:58:00,2026-09-11T11:12:00,2.82,False,False
58,32,1,2026-09-11T16:06:00,2026-09-11T16:18:00,3.65,False,False
58,32,1,2026-09-11T19:42:00,2026-09-11T20:06:00,3.46,False,False
58,32,1,2026-09-12T08:20:00,2026-09-12T08:41:00,3.53,False,False
58,32,1,2026-09-12T10:10:00,2026-09-12T10:20:00,3.32,False,False
58,32,1,2026-09-12T12:15:00,2026-09-12T12:28:00,3.52,False,False
58,32,1,2026-09-12T14:49:00,2026-09-12T15:12:00,3.36,False,False
58,32,1,2026-09-12T16:11:00,2026-09-12T16:33:00,3.26,False,False
58,32,1,2026-09-12T16:59:00,2026-09-12T17:23:00,3.32,False,False
58,32,1,2026-09-12T19:55:00,2026-09-12T20:08:00,3.5,False,False
58,32,1,2026-09-13T06:14:00,2026-09-13T06:35:00,3.69,False,False
58,32,1,2026-09-13T06:56:00,2026-09-13T07:07:00,2.81,False,False
58,32,1,2026-09-13T09:11:00,2026-09-13T09:26:00,3.42,False,False
58,32,1,2026-09-13T09:49:00,2026-09-13T10:10:00,2.97,False,False
58,32,1,2026-09-13T11:12:00,2026-09-13T11:23:00,0.42,True,False
58,32,1,2026-09-13T11:14:00,2026-09-13T11:37:00,3.99,False,False
58,32,1,2026-09-13T12:39:00,2026-09-13T12:55:00,3.23,False,False
58,32,1,2026-09-13T14:29:00,2026-09-13T14:46:00,3.67,False,False
58,32,1,2026-09-13T14:40:00,2026-09-13T14:54:00,3.25,False,False
58,32,1,2026-09-13T14:42:00,2026-09-13T15:07:00,3.43,False,False
58,32,1,2026-09-13T17:06:00,2026-09-13T17:31:00,2.86,False,False
58,32,1,2026-09-14T07:07:00,2026-09-14T07:28:00,3.88,False,False
58,32,1,2026-09-14T08:13:00,2026-09-14T08:25:00,3.53,False,False
58,32,1,2026-09-14T10:29:00,2026-09-14T10:43:00,0.53,True,False
58,32,1,2026-09-14T12:56:00,2026-09-14T13:20:00,2.89,False,False
58,32,1,2026-09-14T20:14:00,2026-09-14T20:29:00,0.49,True,False
58,32,1,2026-09-15T06:10:00,2026-09-15T06:27:00,3.93,False,False
58,32,1,2026-09-15T07:29:00,2026-09-15T07:45:00,2.86,False,False
58,32,1,2026-09-15T10:25:00,2026-09-15T10:43:00,3.52,False,False
58,32,1,2026-09-15T11:20:00,2026-09-15T11:37:00,3.96,False,False
58,32,1,2026-09-15T19:53:00,2026-09-15T20:15:00,3.52,False,False
58,32,1,2026-09-15T20:55:00,2026-09-15T21:14:00,2.98,False,False
58,32,1,2026-09-16T09:20:00,2026-09-16T09:37:00,3.66,False,False
58,32,1,2026-09-16T10:05:00,2026-09-16T10:25:00,3.93,False,False
58,32,1,2026-09-16T11:22:00,2026-09-16T11:40:00,3.38,False,False
58,32,1,2026-09-16T13:40:00,2026-09-16T13:55:00,3.55,False,False
58,32,1,2026-09-16T15:25:00,2026-09-16T15:39:00,0.44,True,False
58,32,1,2026-09-16T16:32:00,2026-09-16T16:55:00,3.02,False,False
58,32,1,2026-09-16T18:02:00,2026-09-16T18:20:00,3.97,False,False
58,32,1,2026-09-16T20:37:00,2026-09-16T20:55:00,3.53,False,False
58,32,1,2026-09-17T10:53:00,2026-09-17T11:12:00,3.69,False,False
58,32,1,2026-09-17T11:38:00,2026-09-17T11:49:00,0.48,True,False
58,32,1,2026-09-17T17:21:00,2026-09-17T17:35:00,3.53,False,False
58,32,1,2026-09-18T06:03:00,2026-09-18T06:17:00,3.89,False,False
58,32,1,2026-09-18T06:57:00,2026-09-18T07:19:00,3.43,False,False
58,32,1,2026-09-18T10:25:00,2026-09-18T10:35:00,3.82,False,False
58,32,1,2026-09-18T10:51:00,2026-09-18T11:10:00,3.64,False,False
58,32,1,2026-09-18T11:51:00,2026-09-18T12:12:00,2.87,False,False
58,32,1,2026-09-18T14:14:00,2026-09-18T14:35:00,3.16,False,False
58,32,1,2026-09-18T14:18:00,2026-09-18T14:42:00,3.39,False,False
58,32,1,2026-09-18T15:49:00,2026-09-18T16:13:00,3.71,False,False
58,32,1,2026-09-18T17:29:00,2026-09-18T17:51:00,3.66,False,False
58,32,1,2026-09-18T18:36:00,2026-09-18T18:59:00,3.2,False,False
58,32,1,2026-09-18T19:44:00,2026-09-18T20:09:00,3.53,False,False
58,32,1,2026-09-19T06:18:00,2026-09-19T06:35:00,3.84,False,False
58,32,1,2026-09-19T07:04:00,2026-09-19T07:21:00,4.0,False,False
58,32,1,2026-09-19T08:25:00,2026-09-19T08:45:00,3.15,False,False
58,32,1,2026-09-19T12:37:00,2026-09-19T12:47:00,2.9,False,False
58,32,1,2026-09-19T14:12:00,2026-09-19T14:32:00,3.44,False,False
58,32,1,2026-09-19T17:41:00,2026-09-19T17:58:00,3.02,False,False
58,32,1,2026-09-19T19:35:00,2026-09-19T19:55:00,2.99,False,False
58,32,1,2026-09-19T20:56:00,2026-09-19T21:20:00,0.41,True,False
58,32,1,2026-09-20T06:51:00,2026-09-20T07:15:00,3.32,False,False
58,32,1,2026-09-20T09:24:00,2026-09-20T09:44:00,3.57,False,False
58,32,1,2026-09-20T11:41:00,2026-09-20T11:55:00,0.49,True,False
58,32,1,2026-09-20T12:59:00,2026-09-20T13:14:00,2.81,False,False
58,32,1,2026-09-20T16:45:00,2026-09-20T16:56:00,3.26,False,False
58,32,1,2026-09-20T19:12:00,2026-09-20T19:23:00,2.84,False,False
58,32,1,2026-09-20T20:57:00,2026-09-20T21:13:00,2.96,False,False
58,32,1,2026-09-21T07:14:00,2026-09-21T07:28:00,0.51,True,False
58,32,1,2026-09-21T08:11:00,2026-09-21T08:34:00,3.54,False,False
58,32,1,2026-09-21T08:46:00,2026-09-21T08:59:00,3.49,False,False
58,32,1,2026-09-21T11:06:00,2026-09-21T11:16:00,3.02,False,False
58,32,1,2026-09-21T11:09:00,2026-09-21T11:23:00,0.45,True,False
58,32,1,2026-09-21T11:35:00,2026-09-21T11:49:00,3.34,False,False
58,32,1,2026-09-21T13:57:00,2026-09-21T14:10:00,3.91,False,False
58,32,1,2026-09-21T15:27:00,2026-09-21T15:48:00,0.42,True,False
58,32,1,2026-09-21T15:54:00,2026-09-21T16:13:00,2.98,False,False
58,32,1,2026-09-21T16:33:00,2026-09-21T16:56:00,2.87,False,False
58,32,1,2026-09-21T19:03:00,2026-09-21T19:23:00,3.81,False,False
58,32,1,2026-09-22T08:05:00,2026-09-22T08:20:00,3.02,False,False
58,32,1,2026-09-22T09:50:00,2026-09-22T10:11:00,3.92,False,False
58,32,1,2026-09-22T10:54:00,2026-09-22T11:08:00,3.57,False,False
58,32,1,2026-09-22T14:42:00,2026-09-22T15:05:00,3.03,False,False
58,32,1,2026-09-22T17:29:00,2026-09-22T17:51:00,2.96,False,False
58,32,1,2026-09-23T08:16:00,2026-09-23T08:27:00,3.56,False,False
58,32,1,2026-09-23T09:16:00,2026-09-23T09:35:00,3.15,False,False
58,32,1,2026-09-23T10:23:00,2026-09-23T10:42:00,3.79,False,False
58,32,1,2026-09-23T12:52:00,2026-09-23T13:05:00,3.51,False,False
58,32,1,2026-09-23T16:26:00,2026-09-23T16:40:00,2.86,False,False
58,32,1,2026-09-23T17:18:00,2026-09-23T17:34:00,3.82,False,False
58,32,1,2026-09-23T20:37:00,2026-09-23T20:52:00,3.06,False,False
58,32,1,2026-09-24T09:40:00,2026-09-24T10:04:00,3.41,False,False
58,32,1,2026-09-24T10:30:00,2026-09-24T10:55:00,0.41,True,False
58,32,1,2026-09-24T11:39:00,2026-09-24T12:00:00,3.89,False,False
58,32,1,2026-09-24T14:38:00,2026-09-24T14:58:00,2.87,False,False
58,32,1,2026-09-24T16:44:00,2026-09-24T17:04:00,2.82,False,False
58,32,1,2026-09-24T18:55:00,2026-09-24T19:13:00,3.97,False,False
58,32,1,2026-09-24T20:11:00,2026-09-24T20:26:00,3.09,False,False
58,32,1,2026-09-25T09:53:00,2026-09-25T10:08:00,3.61,False,False
58,32,1,2026-09-25T12:25:00,2026-09-25T12:45:00,3.61,False,False
58,32,1,2026-09-25T16:47:00,2026-09-25T17:01:00,3.66,False,False
58,32,1,2026-09-25T17:54:00,2026-09-25T18:04:00,3.66,False,False
58,32,1,2026-09-26T07:03:00,2026-09-26T07:22:00,3.41,False,False
58,32,1,2026-09-26T10:40:00,2026-09-26T11:01:00,0.49,True,False
58,32,1,2026-09-26T13:56:00,2026-09-26T14:20:00,3.35,False,False
58,32,1,2026-09-26T17:06:00,2026-09-26T17:20:00,3.71,False,False
58,32,1,2026-09-26T19:16:00,2026-09-26T19:41:00,3.5,False,False
58,32,1,2026-09-26T20:31:00,2026-09-26T20:51:00,3.15,False,False
58,32,1,2026-09-27T09:29:00,2026-09-27T09:41:00,3.14,False,False
58,32,1,2026-09-27T11:15:00,2026-09-27T11:31:00,3.77,False,False
58,32,1,2026-09-27T12:43:00,2026-09-27T12:55:00,3.97,False,False
58,32,1,2026-09-27T13:48:00,2026-09-27T14:04:00,2.92,False,False
58,32,1,2026-09-27T18:11:00,2026-09-27T18:21:00,3.54,False,False
58,32,1,2026-09-27T19:55:00,2026-09-27T20:11:00,2.96,False,False
58,32,1,2026-09-28T11:56:00,2026-09-28T12:08:00,3.7,False,False
58,32,1,2026-09-28T12:57:00,2026-09-28T13:08:00,3.16,False,False
58,32,1,2026-09-28T14:03:00,2026-09-28T14:28:00,3.59,False,False
58,32,1,2026-09-28T18:24:00,2026-09-28T18:47:00,3.96,False,False
58,32,1,2026-09-29T08:28:00,2026-09-29T08:42:00,3.71,False,False
58,32,1,2026-09-29T09:41:00,2026-09-29T09:59:00,3.19,False,False
58,32,1,2026-09-29T10:38:00,2026-09-29T11:02:00,3.53,False,False
58,32,1,2026-09-29T14:17:00,2026-09-29T14:41:00,3.95,False,False
58,32,1,2026-09-29T17:37:00,2026-09-29T17:55:00,4.0,False,False
58,32,1,2026-09-29T19:44:00,2026-09-29T19:56:00,3.61,False,False
58,32,1,2026-09-30T06:07:00,2026-09-30T06:27:00,3.29,False,False
58,32,1,2026-09-30T08:46:00,2026-09-30T09:00:00,0.4,True,False
58,32,1,2026-09-30T09:49:00,2026-09-30T10:00:00,3.45,False,False
58,32,1,2026-09-30T10:41:00,2026-09-30T10:52:00,3.64,False,False
58,32,1,2026-09-30T12:58:00,2026-09-30T13:18:00,3.68,False,False
58,32,1,2026-09-30T15:49:00,2026-09-30T16:05:00,3.24,False,False
58,32,1,2026-09-30T16:45:00,2026-09-30T17:10:00,3.61,False,False
58,32,1,2026-09-30T17:52:00,2026-09-30T18:07:00,3.67,False,False
58,32,1,2026-09-30T19:47:00,2026-09-30T20:11:00,0.53,True,False
58,32,1,2026-10-01T06:07:00,2026-10-01T06:27:00,3.18,False,False
58,32,1,2026-10-01T08:08:00,2026-10-01T08:26:00,3.83,False,False
58,32,1,2026-10-01T12:04:00,2026-10-01T12:25:00,3.97,False,False
58,32,1,2026-10-01T14:51:00,2026-10-01T15:12:00,3.08,False,False
58,32,1,2026-10-01T17:17:00,2026-10-01T17:31:00,0.44,True,False
58,32,1,2026-10-01T18:06:00,2026-10-01T18:19:00,2.85,False,False
58,32,1,2026-10-01T19:20:00,2026-10-01T19:44:00,2.89,False,False
58,32,1,2026-10-02T08:44:00,2026-10-02T09:04:00,3.19,False,False
58,32,1,2026-10-02T11:37:00,2026-10-02T11:51:00,0.48,True,False
58,32,1,2026-10-02T12:47:00,2026-10-02T12:58:00,3.84,False,False
58,32,1,2026-10-02T15:20:00,2026-10-02T15:35:00,2.93,False,False
58,32,1,2026-10-02T16:51:00,2026-10-02T17:10:00,2.94,False,False
58,32,1,2026-10-02T20:21:00,2026-10-02T20:32:00,2.85,False,False
58,32,1,2026-10-03T07:00:00,2026-10-03T07:10:00,3.36,False,False
58,32,1,2026-10-03T07:49:00,2026-10-03T08:09:00,3.62,False,False
58,32,1,2026-10-03T09:07:00,2026-10-03T09:27:00,0.53,True,False
58,32,1,2026-10-03T09:49:00,2026-10-03T10:05:00,3.05,False,False
58,32,1,2026-10-03T13:01:00,2026-10-03T13:14:00,3.21,False,False
58,32,1,2026-10-03T13:35:00,2026-10-03T13:55:00,3.46,False,False
58,32,1,2026-10-03T14:59:00,2026-10-03T15:20:00,3.1,False,False
58,32,1,2026-10-03T15:18:00,2026-10-03T15:40:00,3.44,False,False
58,32,1,2026-10-03T15:56:00,2026-10-03T16:20:00,3.79,False,False
58,32,1,2026-10-03T18:12:00,2026-10-03T18:29:00,2.92,False,False
58,32,1,2026-10-04T06:12:00,2026-10-04T06:24:00,2.82,False,False
58,32,1,2026-10-04T06:45:00,2026-10-04T07:06:00,3.71,False,False
58,32,1,2026-10-04T09:50:00,2026-10-04T10:05:00,3.35,False,False
58,32,1,2026-10-04T11:35:00,2026-10-04T11:46:00,3.21,False,False
58,32,1,2026-10-04T12:17:00,2026-10-04T12:32:00,3.11,False,False
58,32,1,2026-10-04T15:02:00,2026-10-04T15:19:00,3.41,False,False
58,32,1,2026-10-04T16:36:00,2026-10-04T16:58:00,3.1,False,False
58,32,1,2026-10-04T18:03:00,2026-10-04T18:25:00,3.56,False,False
58,32,1,2026-10-04T19:31:00,2026-10-04T19:49:00,3.34,False,False
58,32,1,2026-10-04T19:34:00,2026-10-04T19:55:00,3.53,False,False
59,36,1,2026-09-05T08:48:00,2026-09-05T09:09:00,3.07,False,False
59,36,1,2026-09-05T15:40:00,2026-09-05T16:03:00,3.98,False,False
59,36,1,2026-09-05T17:23:00,2026-09-05T17:47:00,3.66,False,False
59,36,1,2026-09-05T18:24:00,2026-09-05T18:45:00,2.93,False,False
59,36,1,2026-09-05T19:37:00,2026-09-05T19:51:00,3.74,False,False
59,36,1,2026-09-05T20:47:00,2026-09-05T21:06:00,3.33,False,False
59,36,1,2026-09-06T06:40:00,2026-09-06T06:57:00,3.4,False,False
59,36,1,2026-09-06T07:42:00,2026-09-06T08:00:00,3.85,False,False
59,36,1,2026-09-06T13:42:00,2026-09-06T13:59:00,3.93,False,False
59,36,1,2026-09-06T14:59:00,2026-09-06T15:20:00,3.25,False,False
59,36,1,2026-09-06T15:46:00,2026-09-06T16:00:00,3.96,False,False
59,36,1,2026-09-06T17:59:00,2026-09-06T18:18:00,0.49,True,False
59,36,1,2026-09-06T19:38:00,2026-09-06T19:56:00,3.57,False,False
59,36,1,2026-09-07T10:13:00,2026-09-07T10:30:00,2.96,False,False
59,36,1,2026-09-07T11:46:00,2026-09-07T12:03:00,2.88,False,False
59,36,1,2026-09-07T14:20:00,2026-09-07T14:39:00,3.69,False,False
59,36,1,2026-09-07T17:21:00,2026-09-07T17:40:00,3.01,False,False
59,36,1,2026-09-07T18:10:00,2026-09-07T18:29:00,3.6,False,False
59,36,1,2026-09-08T09:33:00,2026-09-08T09:57:00,3.65,False,False
59,36,1,2026-09-08T11:19:00,2026-09-08T11:40:00,0.38,True,False
59,36,1,2026-09-08T12:08:00,2026-09-08T12:23:00,3.03,False,False
59,36,1,2026-09-08T15:13:00,2026-09-08T15:28:00,3.61,False,False
59,36,1,2026-09-08T16:47:00,2026-09-08T17:02:00,3.29,False,False
59,36,1,2026-09-08T19:59:00,2026-09-08T20:18:00,3.97,False,False
59,36,1,2026-09-09T06:01:00,2026-09-09T06:19:00,3.02,False,False
59,36,1,2026-09-09T07:10:00,2026-09-09T07:34:00,3.81,False,False
59,36,1,2026-09-09T07:42:00,2026-09-09T07:54:00,3.76,False,False
59,36,1,2026-09-09T08:31:00,2026-09-09T08:52:00,3.54,False,False
59,36,1,2026-09-09T11:24:00,2026-09-09T11:36:00,3.76,False,False
59,36,1,2026-09-09T15:04:00,2026-09-09T15:25:00,2.91,False,False
59,36,1,2026-09-09T16:22:00,2026-09-09T16:37:00,2.88,False,False
59,36,1,2026-09-09T18:13:00,2026-09-09T18:27:00,2.86,False,False
59,36,1,2026-09-09T20:11:00,2026-09-09T20:28:00,3.08,False,False
59,36,1,2026-09-10T11:10:00,2026-09-10T11:26:00,0.42,True,False
59,36,1,2026-09-10T13:17:00,2026-09-10T13:32:00,2.87,False,False
59,36,1,2026-09-10T18:04:00,2026-09-10T18:22:00,3.61,False,False
59,36,1,2026-09-10T20:49:00,2026-09-10T21:01:00,3.3,False,False
59,36,1,2026-09-11T06:26:00,2026-09-11T06:46:00,3.04,False,False
59,36,1,2026-09-11T06:33:00,2026-09-11T06:50:00,3.76,False,False
59,36,1,2026-09-11T09:04:00,2026-09-11T09:17:00,2.89,False,False
59,36,1,2026-09-11T09:43:00,2026-09-11T09:57:00,3.96,False,False
59,36,1,2026-09-11T10:18:00,2026-09-11T10:29:00,2.96,False,False
59,36,1,2026-09-11T11:32:00,2026-09-11T11:43:00,3.51,False,False
59,36,1,2026-09-11T11:54:00,2026-09-11T12:17:00,3.3,False,False
59,36,1,2026-09-11T19:29:00,2026-09-11T19:40:00,0.44,True,False
59,36,1,2026-09-11T20:04:00,2026-09-11T20:24:00,2.9,False,False
59,36,1,2026-09-11T20:17:00,2026-09-11T20:28:00,3.91,False,False
59,36,1,2026-09-11T20:39:00,2026-09-11T21:00:00,3.09,False,False
59,36,1,2026-09-12T06:42:00,2026-09-12T06:56:00,0.48,True,False
59,36,1,2026-09-12T08:20:00,2026-09-12T08:37:00,3.68,False,False
59,36,1,2026-09-12T10:04:00,2026-09-12T10:23:00,3.79,False,False
59,36,1,2026-09-12T11:06:00,2026-09-12T11:30:00,3.46,False,False
59,36,1,2026-09-12T15:06:00,2026-09-12T15:20:00,0.47,True,False
59,36,1,2026-09-12T16:20:00,2026-09-12T16:35:00,3.99,False,False
59,36,1,2026-09-13T06:59:00,2026-09-13T07:12:00,3.26,False,False
59,36,1,2026-09-13T10:13:00,2026-09-13T10:36:00,3.7,False,False
59,36,1,2026-09-13T15:37:00,2026-09-13T15:50:00,3.23,False,False
59,36,1,2026-09-13T16:24:00,2026-09-13T16:35:00,3.76,False,False
59,36,1,2026-09-13T18:36:00,2026-09-13T18:54:00,2.87,False,False
59,36,1,2026-09-13T20:05:00,2026-09-13T20:21:00,2.81,False,False
59,36,1,2026-09-13T20:57:00,2026-09-13T21:17:00,3.4,False,False
59,36,1,2026-09-14T06:24:00,2026-09-14T06:49:00,3.59,False,False
59,36,1,2026-09-14T09:56:00,2026-09-14T10:12:00,3.31,False,False
59,36,1,2026-09-14T10:57:00,2026-09-14T11:15:00,3.92,False,False
59,36,1,2026-09-14T17:02:00,2026-09-14T17:25:00,3.99,False,False
59,36,1,2026-09-14T18:32:00,2026-09-14T18:52:00,2.92,False,False
59,36,1,2026-09-15T07:59:00,2026-09-15T08:19:00,3.53,False,False
59,36,1,2026-09-15T14:41:00,2026-09-15T14:54:00,0.37,True,False
59,36,1,2026-09-15T16:43:00,2026-09-15T16:56:00,3.27,False,False
59,36,1,2026-09-15T17:53:00,2026-09-15T18:03:00,3.76,False,False
59,36,1,2026-09-15T19:40:00,2026-09-15T19:58:00,3.24,False,False
59,36,1,2026-09-16T07:18:00,2026-09-16T07:29:00,3.65,False,False
59,36,1,2026-09-16T09:36:00,2026-09-16T09:54:00,2.85,False,False
59,36,1,2026-09-16T13:31:00,2026-09-16T13:53:00,2.99,False,False
59,36,1,2026-09-16T17:06:00,2026-09-16T17:23:00,3.37,False,False
59,36,1,2026-09-16T18:48:00,2026-09-16T19:08:00,3.52,False,False
59,36,1,2026-09-17T06:37:00,2026-09-17T06:51:00,3.09,False,False
59,36,1,2026-09-17T07:06:00,2026-09-17T07:30:00,3.5,False,False
59,36,1,2026-09-17T09:30:00,2026-09-17T09:44:00,2.97,False,False
59,36,1,2026-09-17T09:31:00,2026-09-17T09:48:00,0.51,True,False
59,36,1,2026-09-17T09:54:00,2026-09-17T10:15:00,3.86,False,False
59,36,1,2026-09-17T10:07:00,2026-09-17T10:26:00,3.27,False,False
59,36,1,2026-09-17T11:33:00,2026-09-17T11:48:00,3.42,False,False
59,36,1,2026-09-17T15:18:00,2026-09-17T15:31:00,3.92,False,False
59,36,1,2026-09-17T15:36:00,2026-09-17T15:51:00,3.18,False,False
59,36,1,2026-09-17T17:14:00,2026-09-17T17:31:00,3.91,False,False
59,36,1,2026-09-17T19:33:00,2026-09-17T19:50:00,3.92,False,False
59,36,1,2026-09-18T11:04:00,2026-09-18T11:18:00,0.5,True,False
59,36,1,2026-09-18T11:59:00,2026-09-18T12:13:00,3.39,False,False
59,36,1,2026-09-18T15:31:00,2026-09-18T15:50:00,3.26,False,False
59,36,1,2026-09-18T19:35:00,2026-09-18T19:49:00,3.31,False,False
59,36,1,2026-09-19T08:53:00,2026-09-19T09:04:00,3.04,False,False
59,36,1,2026-09-19T14:39:00,2026-09-19T14:55:00,3.93,False,False
59,36,1,2026-09-19T16:49:00,2026-09-19T17:01:00,0.4,True,False
59,36,1,2026-09-19T18:29:00,2026-09-19T18:47:00,3.38,False,False
59,36,1,2026-09-21T07:40:00,2026-09-21T07:52:00,3.15,False,False
59,36,1,2026-09-21T08:32:00,2026-09-21T08:51:00,3.71,False,False
59,36,1,2026-09-21T10:35:00,2026-09-21T10:54:00,3.47,False,False
59,36,1,2026-09-21T12:24:00,2026-09-21T12:41:00,3.99,False,False
59,36,1,2026-09-21T14:58:00,2026-09-21T15:20:00,0.41,True,False
59,36,1,2026-09-21T17:07:00,2026-09-21T17:32:00,0.38,True,False
59,36,1,2026-09-21T20:04:00,2026-09-21T20:21:00,3.09,False,False
59,36,1,2026-09-21T20:58:00,2026-09-21T21:20:00,3.54,False,False
59,36,1,2026-09-22T06:08:00,2026-09-22T06:25:00,3.23,False,False
59,36,1,2026-09-22T11:09:00,2026-09-22T11:23:00,3.18,False,False
59,36,1,2026-09-22T13:03:00,2026-09-22T13:27:00,3.04,False,False
59,36,1,2026-09-22T13:36:00,2026-09-22T13:50:00,0.55,True,False
59,36,1,2026-09-22T14:41:00,2026-09-22T14:59:00,3.38,False,False
59,36,1,2026-09-22T14:48:00,2026-09-22T15:06:00,3.06,False,False
59,36,1,2026-09-22T17:01:00,2026-09-22T17:25:00,3.88,False,False
59,36,1,2026-09-22T17:16:00,2026-09-22T17:37:00,3.6,False,False
59,36,1,2026-09-22T18:29:00,2026-09-22T18:42:00,2.94,False,False
59,36,1,2026-09-22T18:41:00,2026-09-22T18:58:00,3.09,False,False
59,36,1,2026-09-22T19:27:00,2026-09-22T19:42:00,3.02,False,False
59,36,1,2026-09-23T12:19:00,2026-09-23T12:33:00,3.61,False,False
59,36,1,2026-09-23T14:26:00,2026-09-23T14:47:00,3.0,False,False
59,36,1,2026-09-23T17:15:00,2026-09-23T17:29:00,3.1,False,False
59,36,1,2026-09-24T07:46:00,2026-09-24T07:56:00,3.72,False,False
59,36,1,2026-09-24T08:43:00,2026-09-24T09:06:00,2.82,False,False
59,36,1,2026-09-24T15:15:00,2026-09-24T15:31:00,2.96,False,False
59,36,1,2026-09-24T16:35:00,2026-09-24T16:54:00,3.71,False,False
59,36,1,2026-09-24T19:29:00,2026-09-24T19:42:00,3.8,False,False
59,36,1,2026-09-25T09:54:00,2026-09-25T10:12:00,3.32,False,False
59,36,1,2026-09-25T10:54:00,2026-09-25T11:06:00,3.84,False,False
59,36,1,2026-09-25T11:54:00,2026-09-25T12:10:00,0.35,True,False
59,36,1,2026-09-25T13:34:00,2026-09-25T13:55:00,2.81,False,False
59,36,1,2026-09-25T14:21:00,2026-09-25T14:34:00,3.58,False,False
59,36,1,2026-09-25T16:53:00,2026-09-25T17:04:00,3.7,False,False
59,36,1,2026-09-25T19:07:00,2026-09-25T19:22:00,3.29,False,False
59,36,1,2026-09-25T20:28:00,2026-09-25T20:43:00,3.83,False,False
59,36,1,2026-09-26T06:02:00,2026-09-26T06:21:00,0.54,True,False
59,36,1,2026-09-26T09:20:00,2026-09-26T09:37:00,2.92,False,False
59,36,1,2026-09-26T10:08:00,2026-09-26T10:26:00,2.92,False,False
59,36,1,2026-09-26T11:24:00,2026-09-26T11:43:00,3.72,False,False
59,36,1,2026-09-26T16:43:00,2026-09-26T17:04:00,3.91,False,False
59,36,1,2026-09-26T19:02:00,2026-09-26T19:17:00,3.32,False,False
59,36,1,2026-09-26T20:01:00,2026-09-26T20:25:00,3.67,False,False
59,36,1,2026-09-27T10:03:00,2026-09-27T10:26:00,2.88,False,False
59,36,1,2026-09-27T11:53:00,2026-09-27T12:10:00,2.85,False,False
59,36,1,2026-09-27T12:47:00,2026-09-27T13:08:00,3.01,False,False
59,36,1,2026-09-27T14:19:00,2026-09-27T14:43:00,3.48,False,False
59,36,1,2026-09-27T14:31:00,2026-09-27T14:54:00,3.53,False,False
59,36,1,2026-09-27T14:43:00,2026-09-27T15:05:00,2.88,False,False
59,36,1,2026-09-27T18:22:00,2026-09-27T18:35:00,3.09,False,False
59,36,1,2026-09-27T18:22:00,2026-09-27T18:46:00,2.86,False,False
59,36,1,2026-09-27T18:30:00,2026-09-27T18:42:00,3.79,False,False
59,36,1,2026-09-27T20:18:00,2026-09-27T20:32:00,3.32,False,False
59,36,1,2026-09-28T08:58:00,2026-09-28T09:19:00,3.38,False,False
59,36,1,2026-09-28T11:34:00,2026-09-28T11:45:00,3.33,False,False
59,36,1,2026-09-28T15:31:00,2026-09-28T15:49:00,3.51,False,False
59,36,1,2026-09-28T20:15:00,2026-09-28T20:35:00,3.96,False,False
59,36,1,2026-09-29T06:12:00,2026-09-29T06:35:00,2.97,False,False
59,36,1,2026-09-29T07:13:00,2026-09-29T07:36:00,3.11,False,False
59,36,1,2026-09-29T12:59:00,2026-09-29T13:12:00,3.9,False,False
59,36,1,2026-09-29T13:34:00,2026-09-29T13:51:00,3.67,False,False
59,36,1,2026-09-29T14:00:00,2026-09-29T14:11:00,3.06,False,False
59,36,1,2026-09-29T14:01:00,2026-09-29T14:14:00,3.55,False,False
59,36,1,2026-09-29T14:48:00,2026-09-29T14:59:00,3.37,False,False
59,36,1,2026-09-29T18:08:00,2026-09-29T18:19:00,3.2,False,False
59,36,1,2026-09-29T19:37:00,2026-09-29T19:57:00,3.45,False,False
59,36,1,2026-09-29T19:39:00,2026-09-29T20:00:00,2.95,False,False
59,36,1,2026-09-29T20:45:00,2026-09-29T21:00:00,2.83,False,False
59,36,1,2026-09-30T06:15:00,2026-09-30T06:39:00,2.96,False,False
59,36,1,2026-09-30T09:08:00,2026-09-30T09:32:00,3.59,False,False
59,36,1,2026-09-30T12:43:00,2026-09-30T13:06:00,3.77,False,False
59,36,1,2026-09-30T15:43:00,2026-09-30T15:59:00,0.54,True,False
59,36,1,2026-09-30T19:14:00,2026-09-30T19:35:00,2.99,False,False
59,36,1,2026-09-30T20:00:00,2026-09-30T20:11:00,3.02,False,False
59,36,1,2026-10-01T06:16:00,2026-10-01T06:38:00,3.21,False,False
59,36,1,2026-10-01T07:44:00,2026-10-01T08:08:00,3.24,False,False
59,36,1,2026-10-01T08:34:00,2026-10-01T08:56:00,3.88,False,False
59,36,1,2026-10-01T09:44:00,2026-10-01T09:58:00,3.94,False,False
59,36,1,2026-10-01T13:58:00,2026-10-01T14:22:00,3.22,False,False
59,36,1,2026-10-01T20:15:00,2026-10-01T20:27:00,0.4,True,False
59,36,1,2026-10-02T07:02:00,2026-10-02T07:16:00,3.97,False,False
59,36,1,2026-10-02T07:04:00,2026-10-02T07:26:00,2.85,False,False
59,36,1,2026-10-02T07:42:00,2026-10-02T07:56:00,3.15,False,False
59,36,1,2026-10-02T09:38:00,2026-10-02T10:01:00,3.82,False,False
59,36,1,2026-10-02T10:43:00,2026-10-02T11:03:00,3.17,False,False
59,36,1,2026-10-02T10:58:00,2026-10-02T11:19:00,3.34,False,False
59,36,1,2026-10-02T12:19:00,2026-10-02T12:36:00,3.47,False,False
59,36,1,2026-10-02T13:04:00,2026-10-02T13:15:00,3.64,False,False
59,36,1,2026-10-02T14:36:00,2026-10-02T14:49:00,2.84,False,False
59,36,1,2026-10-02T14:53:00,2026-10-02T15:04:00,3.17,False,False
59,36,1,2026-10-02T16:26:00,2026-10-02T16:43:00,3.43,False,False
59,36,1,2026-10-03T08:21:00,2026-10-03T08:42:00,3.25,False,False
59,36,1,2026-10-03T09:18:00,2026-10-03T09:38:00,3.81,False,False
59,36,1,2026-10-03T10:28:00,2026-10-03T10:45:00,3.2,False,False
59,36,1,2026-10-03T12:46:00,2026-10-03T13:02:00,3.59,False,False
59,36,1,2026-10-03T13:38:00,2026-10-03T13:54:00,3.57,False,False
59,36,1,2026-10-03T14:29:00,2026-10-03T14:44:00,3.01,False,False
59,36,1,2026-10-03T16:03:00,2026-10-03T16:18:00,2.87,False,False
59,36,1,2026-10-03T18:29:00,2026-10-03T18:43:00,2.86,False,False
59,36,1,2026-10-03T19:55:00,2026-10-03T20:11:00,3.97,False,False
59,36,1,2026-10-04T06:14:00,2026-10-04T06:30:00,3.63,False,False
59,36,1,2026-10-04T09:57:00,2026-10-04T10:18:00,3.19,False,False
59,36,1,2026-10-04T11:38:00,2026-10-04T11:57:00,3.18,False,False
59,36,1,2026-10-04T13:11:00,2026-10-04T13:21:00,3.08,False,False
59,36,1,2026-10-04T16:24:00,2026-10-04T16:46:00,3.58,False,False
60,40,1,2026-09-05T08:21:00,2026-09-05T08:42:00,2.96,False,False
60,40,1,2026-09-05T09:21:00,2026-09-05T09:42:00,3.34,False,False
60,40,1,2026-09-05T10:35:00,2026-09-05T10:52:00,3.21,False,False
60,40,1,2026-09-05T11:26:00,2026-09-05T11:48:00,3.0,False,False
60,40,1,2026-09-05T15:19:00,2026-09-05T15:38:00,3.29,False,False
60,40,1,2026-09-05T16:13:00,2026-09-05T16:27:00,3.32,False,False
60,40,1,2026-09-05T17:16:00,2026-09-05T17:28:00,3.85,False,False
60,40,1,2026-09-05T20:06:00,2026-09-05T20:21:00,3.08,False,False
60,40,1,2026-09-06T11:52:00,2026-09-06T12:08:00,3.82,False,False
60,40,1,2026-09-06T16:38:00,2026-09-06T16:53:00,3.04,False,False
60,40,1,2026-09-06T20:24:00,2026-09-06T20:43:00,3.19,False,False
60,40,1,2026-09-07T06:10:00,2026-09-07T06:23:00,3.78,False,False
60,40,1,2026-09-07T08:37:00,2026-09-07T08:50:00,3.66,False,False
60,40,1,2026-09-07T11:11:00,2026-09-07T11:32:00,0.46,True,False
60,40,1,2026-09-07T14:12:00,2026-09-07T14:32:00,3.17,False,False
60,40,1,2026-09-07T15:10:00,2026-09-07T15:34:00,3.45,False,False
60,40,1,2026-09-07T15:55:00,2026-09-07T16:18:00,3.46,False,False
60,40,1,2026-09-07T17:05:00,2026-09-07T17:21:00,2.84,False,False
60,40,1,2026-09-07T18:48:00,2026-09-07T19:04:00,2.88,False,False
60,40,1,2026-09-08T07:18:00,2026-09-08T07:39:00,3.04,False,False
60,40,1,2026-09-08T08:13:00,2026-09-08T08:30:00,3.56,False,False
60,40,1,2026-09-08T11:07:00,2026-09-08T11:21:00,3.17,False,False
60,40,1,2026-09-08T12:20:00,2026-09-08T12:39:00,3.5,False,False
60,40,1,2026-09-08T14:10:00,2026-09-08T14:26:00,3.72,False,False
60,40,1,2026-09-08T15:04:00,2026-09-08T15:17:00,3.8,False,False
60,40,1,2026-09-08T17:22:00,2026-09-08T17:45:00,3.88,False,False
60,40,1,2026-09-08T19:01:00,2026-09-08T19:26:00,3.07,False,False
60,40,1,2026-09-08T20:47:00,2026-09-08T20:58:00,3.57,False,False
60,40,1,2026-09-09T06:47:00,2026-09-09T07:00:00,3.05,False,False
60,40,1,2026-09-09T12:07:00,2026-09-09T12:21:00,3.89,False,False
60,40,1,2026-09-09T19:28:00,2026-09-09T19:51:00,3.74,False,False
60,40,1,2026-09-09T20:59:00,2026-09-09T21:11:00,3.63,False,False
60,40,1,2026-09-10T06:24:00,2026-09-10T06:46:00,3.63,False,False
60,40,1,2026-09-10T10:00:00,2026-09-10T10:16:00,3.25,False,False
60,40,1,2026-09-10T13:34:00,2026-09-10T13:56:00,0.36,True,False
60,40,1,2026-09-10T14:46:00,2026-09-10T14:58:00,3.85,False,False
60,40,1,2026-09-10T16:45:00,2026-09-10T17:08:00,3.42,False,False
60,40,1,2026-09-10T17:33:00,2026-09-10T17:58:00,3.2,False,False
60,40,1,2026-09-10T18:21:00,2026-09-10T18:40:00,3.74,False,False
60,40,1,2026-09-10T20:55:00,2026-09-10T21:07:00,3.73,False,False
60,40,1,2026-09-11T07:23:00,2026-09-11T07:44:00,3.78,False,False
60,40,1,2026-09-11T09:08:00,2026-09-11T09:29:00,0.44,True,False
60,40,1,2026-09-11T12:43:00,2026-09-11T13:07:00,3.78,False,False
60,40,1,2026-09-11T16:45:00,2026-09-11T17:06:00,3.24,False,False
60,40,1,2026-09-11T17:40:00,2026-09-11T17:54:00,3.71,False,False
60,40,1,2026-09-11T18:49:00,2026-09-11T19:01:00,3.63,False,False
60,40,1,2026-09-12T06:16:00,2026-09-12T06:38:00,0.51,True,False
60,40,1,2026-09-12T07:38:00,2026-09-12T07:57:00,0.52,True,False
60,40,1,2026-09-12T08:50:00,2026-09-12T09:15:00,2.99,False,False
60,40,1,2026-09-12T09:50:00,2026-09-12T10:01:00,2.88,False,False
60,40,1,2026-09-12T10:22:00,2026-09-12T10:46:00,2.8,False,False
60,40,1,2026-09-12T10:58:00,2026-09-12T11:19:00,3.6,False,False
60,40,1,2026-09-12T11:36:00,2026-09-12T11:49:00,0.53,True,False
60,40,1,2026-09-12T13:07:00,2026-09-12T13:22:00,3.84,False,False
60,40,1,2026-09-12T14:00:00,2026-09-12T14:23:00,3.05,False,False
60,40,1,2026-09-12T15:16:00,2026-09-12T15:38:00,3.16,False,False
60,40,1,2026-09-13T12:03:00,2026-09-13T12:27:00,0.41,True,False
60,40,1,2026-09-13T14:35:00,2026-09-13T14:50:00,3.83,False,False
60,40,1,2026-09-13T17:45:00,2026-09-13T17:59:00,2.94,False,False
60,40,1,2026-09-13T20:03:00,2026-09-13T20:16:00,3.23,False,False
60,40,1,2026-09-14T06:47:00,2026-09-14T07:02:00,2.84,False,False
60,40,1,2026-09-14T09:22:00,2026-09-14T09:33:00,3.86,False,False
60,40,1,2026-09-14T11:29:00,2026-09-14T11:51:00,3.0,False,False
60,40,1,2026-09-14T12:22:00,2026-09-14T12:43:00,3.98,False,False
60,40,1,2026-09-14T13:54:00,2026-09-14T14:10:00,2.83,False,False
60,40,1,2026-09-15T06:08:00,2026-09-15T06:19:00,0.53,True,False
60,40,1,2026-09-15T07:50:00,2026-09-15T08:03:00,3.59,False,False
60,40,1,2026-09-15T19:28:00,2026-09-15T19:41:00,2.89,False,False
60,40,1,2026-09-16T07:59:00,2026-09-16T08:21:00,0.35,True,False
60,40,1,2026-09-16T09:30:00,2026-09-16T09:53:00,3.14,False,False
60,40,1,2026-09-16T11:56:00,2026-09-16T12:08:00,0.43,True,False
60,40,1,2026-09-16T12:54:00,2026-09-16T13:07:00,4.0,False,False
60,40,1,2026-09-16T13:38:00,2026-09-16T13:55:00,2.85,False,False
60,40,1,2026-09-16T14:00:00,2026-09-16T14:17:00,3.36,False,False
60,40,1,2026-09-16T14:52:00,2026-09-16T15:07:00,3.73,False,False
60,40,1,2026-09-16T16:21:00,2026-09-16T16:40:00,0.47,True,False
60,40,1,2026-09-16T20:11:00,2026-09-16T20:21:00,3.64,False,False
60,40,1,2026-09-16T20:22:00,2026-09-16T20:34:00,3.77,False,False
60,40,1,2026-09-16T20:22:00,2026-09-16T20:40:00,2.86,False,False
60,40,1,2026-09-17T06:55:00,2026-09-17T07:06:00,3.23,False,False
60,40,1,2026-09-17T11:23:00,2026-09-17T11:48:00,3.31,False,False
60,40,1,2026-09-17T12:36:00,2026-09-17T12:55:00,3.03,False,False
60,40,1,2026-09-17T14:27:00,2026-09-17T14:45:00,3.56,False,False
60,40,1,2026-09-17T16:01:00,2026-09-17T16:25:00,2.86,False,False
60,40,1,2026-09-17T19:04:00,2026-09-17T19:17:00,3.35,False,False
60,40,1,2026-09-17T20:41:00,2026-09-17T20:52:00,3.29,False,False
60,40,1,2026-09-18T08:50:00,2026-09-18T09:12:00,3.7,False,False
60,40,1,2026-09-18T10:08:00,2026-09-18T10:24:00,0.46,True,False
60,40,1,2026-09-18T13:06:00,2026-09-18T13:25:00,2.98,False,False
60,40,1,2026-09-18T16:14:00,2026-09-18T16:25:00,3.84,False,False
60,40,1,2026-09-18T17:41:00,2026-09-18T18:05:00,3.31,False,False
60,40,1,2026-09-19T07:35:00,2026-09-19T07:57:00,3.83,False,False
60,40,1,2026-09-19T09:56:00,2026-09-19T10:07:00,0.52,True,False
60,40,1,2026-09-19T12:45:00,2026-09-19T13:05:00,3.26,False,False
60,40,1,2026-09-19T17:47:00,2026-09-19T18:07:00,2.82,False,False
60,40,1,2026-09-20T06:54:00,2026-09-20T07:17:00,3.42,False,False
60,40,1,2026-09-20T09:11:00,2026-09-20T09:24:00,3.15,False,False
60,40,1,2026-09-20T10:00:00,2026-09-20T10:17:00,3.4,False,False
60,40,1,2026-09-20T11:27:00,2026-09-20T11:46:00,3.4,False,False
60,40,1,2026-09-20T13:14:00,2026-09-20T13:31:00,3.2,False,False
60,40,1,2026-09-20T16:57:00,2026-09-20T17:14:00,3.54,False,False
60,40,1,2026-09-20T18:18:00,2026-09-20T18:43:00,3.71,False,False
60,40,1,2026-09-20T20:22:00,2026-09-20T20:46:00,3.31,False,False
60,40,1,2026-09-21T07:03:00,2026-09-21T07:24:00,3.65,False,False
60,40,1,2026-09-21T07:56:00,2026-09-21T08:09:00,3.46,False,False
60,40,1,2026-09-21T08:58:00,2026-09-21T09:21:00,3.21,False,False
60,40,1,2026-09-21T09:55:00,2026-09-21T10:14:00,3.89,False,False
60,40,1,2026-09-21T10:53:00,2026-09-21T11:09:00,3.95,False,False
60,40,1,2026-09-21T11:59:00,2026-09-21T12:22:00,3.41,False,False
60,40,1,2026-09-21T14:29:00,2026-09-21T14:53:00,2.81,False,False
60,40,1,2026-09-21T15:26:00,2026-09-21T15:50:00,0.43,True,False
60,40,1,2026-09-21T17:41:00,2026-09-21T18:05:00,0.49,True,False
60,40,1,2026-09-22T06:58:00,2026-09-22T07:22:00,0.42,True,False
60,40,1,2026-09-22T07:52:00,2026-09-22T08:12:00,3.18,False,False
60,40,1,2026-09-22T09:43:00,2026-09-22T09:59:00,3.04,False,False
60,40,1,2026-09-22T14:25:00,2026-09-22T14:37:00,0.37,True,False
60,40,1,2026-09-22T15:48:00,2026-09-22T16:02:00,3.97,False,False
60,40,1,2026-09-22T16:34:00,2026-09-22T16:50:00,2.8,False,False
60,40,1,2026-09-22T20:04:00,2026-09-22T20:28:00,3.19,False,False
60,40,1,2026-09-23T06:33:00,2026-09-23T06:54:00,3.2,False,False
60,40,1,2026-09-23T08:13:00,2026-09-23T08:37:00,3.07,False,False
60,40,1,2026-09-23T13:14:00,2026-09-23T13:35:00,3.82,False,False
60,40,1,2026-09-23T20:41:00,2026-09-23T21:03:00,3.09,False,False
60,40,1,2026-09-24T07:18:00,2026-09-24T07:38:00,0.45,True,False
60,40,1,2026-09-24T08:48:00,2026-09-24T09:08:00,2.93,False,False
60,40,1,2026-09-24T12:36:00,2026-09-24T12:46:00,2.82,False,False
60,40,1,2026-09-24T14:12:00,2026-09-24T14:35:00,3.54,False,False
60,40,1,2026-09-24T18:27:00,2026-09-24T18:41:00,3.17,False,False
60,40,1,2026-09-24T19:41:00,2026-09-24T20:06:00,3.48,False,False
60,40,1,2026-09-25T09:00:00,2026-09-25T09:24:00,0.35,True,False
60,40,1,2026-09-25T14:35:00,2026-09-25T14:58:00,3.98,False,False
60,40,1,2026-09-25T15:25:00,2026-09-25T15:42:00,0.49,True,False
60,40,1,2026-09-25T20:07:00,2026-09-25T20:29:00,3.01,False,False
60,40,1,2026-09-26T07:54:00,2026-09-26T08:06:00,3.9,False,False
60,40,1,2026-09-26T11:38:00,2026-09-26T11:52:00,3.37,False,False
60,40,1,2026-09-26T14:40:00,2026-09-26T15:02:00,0.54,True,False
60,40,1,2026-09-26T16:17:00,2026-09-26T16:38:00,3.22,False,False
60,40,1,2026-09-26T17:36:00,2026-09-26T17:54:00,2.89,False,False
60,40,1,2026-09-26T19:20:00,2026-09-26T19:44:00,3.55,False,False
60,40,1,2026-09-27T07:01:00,2026-09-27T07:20:00,3.05,False,False
60,40,1,2026-09-27T10:17:00,2026-09-27T10:34:00,0.44,True,False
60,40,1,2026-09-27T11:34:00,2026-09-27T11:55:00,2.87,False,False
60,40,1,2026-09-27T14:27:00,2026-09-27T14:41:00,3.21,False,False
60,40,1,2026-09-27T16:27:00,2026-09-27T16:39:00,3.64,False,False
60,40,1,2026-09-27T18:12:00,2026-09-27T18:24:00,3.44,False,False
60,40,1,2026-09-27T19:17:00,2026-09-27T19:35:00,3.27,False,False
60,40,1,2026-09-27T20:56:00,2026-09-27T21:11:00,3.56,False,False
60,40,1,2026-09-28T06:02:00,2026-09-28T06:24:00,0.52,True,False
60,40,1,2026-09-28T07:03:00,2026-09-28T07:17:00,3.02,False,False
60,40,1,2026-09-28T10:21:00,2026-09-28T10:37:00,2.94,False,False
60,40,1,2026-09-28T11:25:00,2026-09-28T11:48:00,0.5,True,False
60,40,1,2026-09-28T13:42:00,2026-09-28T14:00:00,3.57,False,False
60,40,1,2026-09-28T15:01:00,2026-09-28T15:17:00,3.01,False,False
60,40,1,2026-09-28T20:01:00,2026-09-28T20:14:00,3.58,False,False
60,40,1,2026-09-29T08:15:00,2026-09-29T08:31:00,2.93,False,False
60,40,1,2026-09-29T09:38:00,2026-09-29T09:49:00,0.43,True,False
60,40,1,2026-09-29T11:18:00,2026-09-29T11:29:00,3.38,False,False
60,40,1,2026-09-29T13:42:00,2026-09-29T13:57:00,3.36,False,False
60,40,1,2026-09-29T14:30:00,2026-09-29T14:44:00,3.41,False,False
60,40,1,2026-09-29T18:37:00,2026-09-29T18:59:00,0.46,True,False
60,40,1,2026-09-29T19:28:00,2026-09-29T19:41:00,3.56,False,False
60,40,1,2026-09-30T06:44:00,2026-09-30T07:05:00,3.79,False,True
60,40,1,2026-09-30T08:19:00,2026-09-30T08:36:00,3.92,False,True
60,40,1,2026-09-30T17:00:00,2026-09-30T17:21:00,2.8,False,True
60,40,1,2026-10-01T16:48:00,2026-10-01T17:07:00,3.11,False,True
60,40,1,2026-10-01T18:01:00,2026-10-01T18:21:00,3.85,False,True
60,40,1,2026-10-01T20:43:00,2026-10-01T21:04:00,2.86,False,True
60,40,1,2026-10-02T09:03:00,2026-10-02T09:16:00,3.77,False,True
60,40,1,2026-10-02T10:11:00,2026-10-02T10:28:00,3.64,False,True
60,40,1,2026-10-03T07:31:00,2026-10-03T07:47:00,3.29,False,True
60,40,1,2026-10-03T13:05:00,2026-10-03T13:27:00,3.9,False,True
60,40,1,2026-10-03T16:06:00,2026-10-03T16:21:00,3.1,False,True
60,40,1,2026-10-04T08:55:00,2026-10-04T09:19:00,3.59,False,True
60,40,1,2026-10-04T09:44:00,2026-10-04T10:00:00,3.94,False,True
60,40,1,2026-10-04T17:50:00,2026-10-04T18:01:00,3.02,False,True
